resolution_id,meeting_id,board_id,source_url,meeting_date,position_in_meeting,title,resolution_text_full,title_count,whereas_count,therefore_count,parser_name
068ff330-a368-4021-92bc-822ecd3e1f03,ac53fcf5-aae8-5cc1-9849-381a5ebe5b00,MCB10,https://cbmanhattan.cityofnewyork.us/cb10/wp-content/uploads/sites/11/2026/04/Resolution-to-Support-Youth-Justice-Innovation-Fund-kendall-Glaspie.docx.pdf,2026-04-01,1,RESOLUTION TO SUPPORT THE YOUTH JUSTICE INNOVATION FUND,"RESOLUTION TO SUPPORT THE YOUTH JUSTICE INNOVATION FUND
(S.642/A.10264) - COMMUNITY BOARD 10
Resolution in Support of the Youth Justice Innovation Fund (S.642/A.10264) sponsored by
Senator Cordell Cleare and Assemblymember Gabriella Romero to invest $50 million from the
Raise the Age appropriation into the Youth Justice Innovation Fund.
WHEREAS, investment in youth and young adults is a matter of public safety and community
health; and
WHEREAS, the Youth Justice Innovation Fund (S.642/A.10264) would establish a fund,
managed by the Department of Criminal Justice Services, that would expedite funding to
community-based organizations that work directly with young people and young adults ages
12-25 in supporting prevention, alternatives to incarceration, and reentry care.
WHEREAS, New York passed Raise the Age legislation in 2017 that raised the age of criminal
prosecution of children from 16 to 18 years of age, and since then has appropriated $1.71 billion
to fund the law’s implementation and youth programming that supports young people and
promotes public safety; and
WHEREAS, less than half of those appropriated funds have been dispersed for use; and
WHEREAS, the slow dispersal of appropriated funds has prevented the Raise the Age funding
statute from living up to its promise of ensuring all eligible youth receive appropriate
programmatic services; and
WHEREAS, the FY2027 budget appropriates $250 million to fund much-needed youth
programming; and
WHEREAS, the Youth Justice Innovation Fund would make $50 million of the $250 million
appropriation directly available to community-based organizations; and
WHEREAS, the $50 million is already earmarked for Raise the Age programming, and the
Youth Justice Innovation Fund would facilitate its administration directly to community-based
programs; and
WHEREAS, the community-based organizations that would receive Youth Justice Innovation
Fund support follow successful, evidence-based models to improve youth outcomes, such as
exalt, CASES, SNUG Albany, and the Erie County Restorative Justice Coalition, among others;
and
WHEREAS, programs operating in New York City are not eligible to receive Raise the Age
funding, despite New York City youth comprising approximately 50% of the youth involved in
the justice system statewide, the Youth Justice Innovation Fund would be available statewide;
and
WHEREAS, the Raise the Age funding only supports programming for 16-and 17-year-olds, the
Youth Justice Innovation Fund would support programming for young people ages 12-25,
allowing more New Yorkers and their communities to benefit from evidence-based
programming;
THEREFORE, BE IT RESOLVED that Manhattan Community Board Ten endorses enactment
of the Youth Justice Innovation Fund for the purposes of promoting community safety, youth
investment, and healthy, well-resourced communities.",0,11,1,regex_single_resolution
f6e2175c-57eb-4787-b97c-ae51f0193887,abf3fc4a-183c-58f9-893b-f1ef5f55f706,MCB10,https://cbmanhattan.cityofnewyork.us/cb10/wp-content/uploads/sites/11/2025/07/Resolution_-Request-for-Boundary-Review-and-Inter-Board-Collaboration-Concerning-Central-Harlem-Parks.docx-1.pdf,2025-07-01,1,RESOLUTION REQUESTING A FORMAL REVIEW OF COMMUNITY BOARD 10,"RESOLUTION REQUESTING A FORMAL REVIEW OF COMMUNITY BOARD 10
BOUNDARIES AND ESTABLISHING INTER-BOARD COLLABORATION REGARDING
CENTRAL HARLEM PARKS
WHEREAS, pursuant to New York City Charter § 2800, Community Boards are charged with
providing meaningful community input on land use, service delivery, capital budgeting, and the
general welfare of their districts; and
WHEREAS, the Manhattan Borough President, under NYC Charter § 2800(d), holds oversight
authority to review and recommend changes to community board boundaries in consultation with
the Department of City Planning and other stakeholders; and
WHEREAS, the current boundaries of Manhattan Community District 10 do not fully encompass
the following key public parklands that directly serve the Harlem community:
● Marcus Garvey Park
● Harlem River Park
● Morningside Park
● St. Nicholas Park
● Central Park North
WHEREAS, these parks are vital recreational, cultural, historical, and environmental assets for
Central Harlem residents, and the present boundaries create fragmented administrative oversight,
complicating advocacy for capital resources, maintenance, and programming; and
WHEREAS, effective governance of these shared parks requires inter-district cooperation and,
where appropriate, reconsideration of boundary lines to reflect geographic, cultural, and practical
realities of community use;
NOW, THEREFORE, BE IT RESOLVED THAT:
1. Manhattan Community Board 10 formally requests that the Manhattan Borough President,
pursuant to NYC Charter § 2800(d), initiate a comprehensive review of Community District
10’s boundaries, specifically concerning Marcus Garvey Park, Harlem River Park,
Morningside Park, and St. Nicholas Park.
2. Manhattan Community Board 10 authorizes its Parks and Recreation Committee Chair to
engage Community Boards 9 and 11 in creating a formal inter-board working group for joint
planning, advocacy, and oversight of these shared parks.
3. Manhattan Community Board 10 commits to full participation in any assessment,
consultation, or public hearing process convened by the Manhattan Borough President,
Department of City Planning, or other relevant city agencies.
BE IT FURTHER RESOLVED THAT: This resolution shall be transmitted to the Manhattan
Borough President, Department of City Planning, Department of Parks and Recreation, Community
Boards 9 and 11, and the appropriate City Council Members. Manhattan Community Board 10 during
the specially held June Board meeting before the board breaks for the summer, held on June 25, 2025 voted
unanimously to issue this resolution with 30 Yes, 0 No, 0 Excused 0 Abstentions.
Adopted this 25th day of June, 2025",0,5,1,regex_single_resolution
3c4d167d-54e4-43f1-a65f-7893088b57f2,711a9bc8-2c2e-55c0-a77f-f420a176f282,MCB10,https://cbmanhattan.cityofnewyork.us/cb10/wp-content/uploads/sites/11/2025/07/Resolution-to-Safeguard-Essential-Services-and-Dignified-Aging-for-Older-Adults-in-Manhattan-Community-Board-10-.pdf,2025-07-01,1,Resolution to Safeguard Essential Services and Dignified,"Resolution to Safeguard Essential Services and Dignified
Aging for Older Adults in Manhattan Community Board 10
WHEREAS The United States Executive branch under the administration of President Donald J. Trump is
implementing a wide array of legislative changes that will impact the senior population of Manhattan CB 10
and seniors throughout the nation; and
[1]
WHEREAS 12.2% percent of the 138,953 Central Harlem population is 65+ ; and
WHEREAS The U.S. is witnessing an unprecedented wave of Baby Boomers (those born between 1946 and
1964) retirements, with approximately 10,000 Boomers turning 65 each day. Around 3.2 million and 3.5
million people retired in 2022 and 2023 respectively, with 3.6 million expected by 2024. By 2030, the entire
Boomer generation – comprising around 73 million people – will have reached retirement age, significantly
reshaping the U.S. workforce. Between 2024 and 2030, 30.4 million baby boomers will turn 65. This
demographic shift is expected to decrease the labor force participation rate from 62% in 2023 to roughly 58%
by 2030. While fewer job seekers will push the unemployment rate down, potentially below 3%, the resulting
labor shortages will present wage pressures and skill mismatch challenges for key industries like healthcare,
[2]
education, and manufacturing ; and
WHEREAS Cuts to Medicare/Medicaid or shifts in eligibility standards could preclude seniors from
qualifying for Medicaid services. The Medicaid/Medicare services are helping seniors to maintain such
quality-of-life issues as: (1) living in the community/in their own homes and aging in place, (2) getting
preventative healthcare services, (3) seeing their medical provider regularly, (4) receiving life-sustaining
medications, and (5) staying out of the hospital; and
WHEREAS The current administration has made major cuts to federal programs, including the Social
Security Administration (SSA), Department of Health and Human Services (HHS) (including Medicare and
Medicaid) and Veterans Administration (VA); and
WHEREAS The current administration, acting with Department of Government Efficiency (DOGE), has
fired over 25,000 federal workers, including at the SSA, HHS and VA; and
WHEREAS Retirees rely on critical services provided by the SSA, HHS and VA; and
WHEREAS Lower staffing levels are already disrupting the administration of these agencies and their ability
to serve our communities; and
WHEREAS Labor unions have long struggled against arbitrary cuts and dismissals in our workplaces; and
WHEREAS Many supportive medical devices and supplies that seniors depend upon are produced abroad
and will be impacted by the Trump tariff activities through increased costs and decreased access; and
WHEREAS Since January, 2025 and 12 weeks into the year, Donald J. Trump has signed 129 Executive
[3]
orders (from EO 14147 through EO 14275) ; and
WHEREAS Aging should be experienced with dignity, regardless of financial circumstances—free from the
worry, harm, and injustice caused by lack of health care, food insecurity, or a safe place to sleep. Our seniors
should all be able to access the resources, services, and programs needed to thrive as they grow older, no
matter their financial circumstances, where they come from, their race, gender, gender identity, sexual
[4]
orientation, ability, or language ; and
WHEREAS Older adults anchor our families and communities and connect our families through the
generations. But after working all their lives, nearly half of our nation’s older adults living alone struggle to
pay for food, rent, and medical care, and rely on Social Security, SSI, Medicare and Medicaid to survive; and
WHEREAS The Medicare and Medicaid programs are crucial for older adults, people with disabilities, and
their families. 67 million people are enrolled in Medicare, with 12.5 million enrolled in both Medicare and
Medicaid. We must continue to ensure everyone can access the comprehensive, high quality, affordable health
and long-term care needed to age in dignity. If lawmakers seek to reduce funding for programs, restrict
eligibility for Medicare and Medicaid or limit the type or scope of services available, the Community will
need to work together to stop them; and
WHEREAS Access to long-term care should be strengthened and extended with respect to Medicare and
Medicaid so older adults can age in their homes and communities and ensure that nursing facilities provide
high quality care and dignity for residents. Lawmakers who seek to make changes that result in reduced
access to home care or endanger nursing facility residents must be opposed; and
WHEREAS Social Security and Supplemental Security Income (SSI) are the backbone of economic security
for older adults, lifting over 16.5 million older adults out of poverty. With nearly five million older Americans
living on less than $1,000 a month, these programs are crucial. Work should be continued to improve these
vital programs and make benefits easier to access; and
WHEREAS Vigilance must be maintained in order to oppose proposals that undermine the effectiveness of
Social Security for low-income older adults, whether through changing how benefits are calculated, raising
the retirement age, or implementing tax cuts that would jeopardize the programs’ overall financial stability;
and
WHEREAS Supplemental Security Income (SSI) is a crucial program for low-income older adults and
people with disabilities who are not able to work enough to make ends meet. However, its outdated rules and
[5]
requirements exclude many of the people it is supposed to help ; and
WHEREAS Regardless of economic status or where we live, we should all be able to live and age in
accessible, affordable, and age-friendly housing in our communities. Yet, older adults are the fastest growing
age group experiencing homelessness. Nationally, almost one in three older renter households pays more than
half of their monthly income in rent, leaving them just one surprise medical bill away from being pushed into
the streets; and
WHEREAS Housing support advocacy should be available to address older adult homelessness so older
adults can have the housing stability they need and a place to receive home care. Reducing federal housing
[6]
programs and supports would harm older adults with the greatest economic needs ; and
WHEREAS All of us are aging, and all of us have a stake in how older adults live and thrive in our families
and communities. The Biden-Harris Administration passed rules that protect older adults from discrimination
and ensure access to services. These crucial rules, such as the Health Care Rights Rule (Sec. 1557), the
Nondiscrimination in Health Care on the Basis of Disability Rule (Sec. 504), the Medicaid Access Rule, and
Nursing Facility Staffing Rules, are under attack through litigation and may be subject to rollbacks; and
WHEREAS historically, programs that rely upon SNAP benefits, Medicare, and Medicaid will be the first to
suffer under federal funding cuts, severely impacting their ability to provide critical services, support, and
resources to seniors and other vulnerable populations who depend on them in Central Harlem and beyond;
and
WHEREAS Seniors are increasingly targeted by fraud, with benefits often stolen through scams and identity
theft. Many rely on the fair hearing process to challenge fraudulent activity and recover stolen benefits, but
proposed staffing and administrative cuts will further delay or prevent access to these essential legal remedies,
leaving seniors without crucial support for extended periods.
THEREFORE, BE IT RESOLVED, that Manhattan Community Board 10 strongly urges the protection and
strengthening of essential federal programs, including Medicare, Medicaid, Social Security, and Supplemental
Security Income (SSI)—that are critical to the health, housing, and economic security of older adults in our
community and across the nation, and firmly condemns any efforts to reduce, restrict, or dismantle these life-
sustaining programs;
BE IT FURTHER RESOLVED, that Manhattan Community Board 10 calls for increased investment in the
agencies and systems that serve older adults, including adequate staffing, infrastructure, and oversight at the
Social Security Administration, the Department of Health and Human Services, the Department of Veterans
Affairs, and housing support services, to ensure timely and equitable access to care, benefits, and resources;
BE IT FURTHER RESOLVED, that Manhattan Community Board 10 calls upon all of our federal elected
officials to actively defend and advance the rights, dignity, and well-being of older adults, and to use every
tool available to prevent any policy changes that would reduce access to healthcare, housing, or income
security for seniors in our community.
BE IT FURTHER RESOLVED, that Manhattan Community Board 10 urges specific safeguards and
immediate attention to the stability and responsiveness of SNAP, Medicare, and Medicaid-supported
programs, including systems for fraud resolution and benefit recovery, so that seniors are not left without
recourse or support in times of vulnerability.
[1]
https://furmancenter.org/neighborhoods/view/central-harlem
[2]
https://leowealth.com/insights/what-is-the-impact-of-accelerating-baby-boomer-
retirements/#:~:text=By%202030%2C%20the%20entire%20Boomer,baby%20boomers%20will%20turn%2065.
[3]
https://www.federalregister.gov/presidential-documents/executive-orders/donald-trump/2025
[4]
https://justiceinaging.org/four-areas-where-older-adults-need-our-advocacy-in-
2025/#:~:text=Justice%20in%20Aging%20will%20defend,abuse%2C%20neglect%2C%20and%20discrimination.
[5]
https://www.npr.org/2024/06/26/nx-s1-5013951/social-security-commissioner-martin-omalley-agrees-ssi-program-is-
outdated#:~:text=To%20qualify%20for%20SSI%2C%20you,assets%20that%20they%20might%20have.
[6]
https://www.nyc.gov/site/cidi/projects/aging-homeless-
study.page#:~:text=Findings,during%20the%20same%20time%20period.",0,23,1,regex_single_resolution
00cdbd39-9bd3-4774-b6fb-8008b4eec352,4c32b285-b7fe-5491-9e84-5cfc398c721c,MCB10,https://cbmanhattan.cityofnewyork.us/cb10/wp-content/uploads/sites/11/2025/05/The-Metropolitan-Museum-of-Art_CB10-Letter-on-Engagement-on-Harlem-Centric-Exhibits_03.2025.pdf,2025-03-01,1,"March 31, 2025","March 31, 2025
Max Hollein
Marina Kellen French Director and Chief Executive Officer
The Metropolitan Museum of Art
1000 Fifth Avenue
New York, NY 10028
RE: Community Engagement in Harlem-centric Exhibitions
Dear Mr. Hollein,
I am writing to formally urge The Metropolitan Museum of Art to deepen its engagement with Harlem’s
community boards when curating exhibitions that showcase the culture, history, and artistic contributions
of Harlem’s Black and Latino populations. While the Met has long been recognized as a steward of global
art and history, meaningful representation demands that exhibitions not merely display cultural narratives
but also involve the communities that have lived, shaped, and continue to define those narratives.
Harlem is not just a subject of historical and artistic interest, it is a living, breathing community with deep
cultural legacies and contemporary vibrancy. However, too often, institutions curate exhibitions about
Harlem and its people without engaging those who carry its stories. Community boards, as democratically
elected bodies representing Harlem’s residents, offer an invaluable conduit for ensuring authenticity,
equity, and reciprocity in representation. Their involvement would enhance curatorial efforts, deepen
public engagement, and affirm that Harlem’s culture is not simply an artifact of study but a continuing
legacy.
Beyond courtesy, this is an issue of cultural stewardship and institutional accountability. Representation
in spaces like the Met shapes public perception, historical record, and access to opportunities for Harlem-
based artists, historians, and cultural workers. A failure to include Harlem’s community voices risks
reducing its culture to mere spectacle, rather than honoring it as a lived and evolving identity. The Met
has the power, and the responsibility, to ensure that Harlem’s artistic and cultural contributions are told
with integrity, by and with the very people who have created them.
I encourage the museum to establish a formal collaboration with Harlem’s community boards, ensuring
that exhibitions featuring Black and Latino culture from Harlem are shaped with input from those who
hold these histories in their hands. This could include advisory panels, community partnerships, and
shared decision-making in exhibition planning. Such an approach would set a new precedent for
institutions engaging with historically marginalized communities in ways that are not extractive, but
reciprocal and empowering.
Manhattan Community Board 10 voted unanimously in-support of this letter at the March General Board
Meeting on March 5, 2025 with _31_ votes in support, _0_ Recusals and _0_ Abstentions. We look forward
to your response and the opportunity to discuss how the Met can take meaningful steps toward a more
engaged and representative relationship with Harlem’s communities.
In Solidarity,
Kimberly McLaurin
Marquis A. Harrison Kimberly McLaurin
Board Chairperson Chair, Arts and Culture Committee
Manhattan Community Board 10 Manhattan Community Board 10",0,0,0,regex_single_resolution
bd908c21-2111-4252-bc36-57c59e9acf65,11489bd7-34d9-5a43-a4ab-814818b765e6,MCB10,https://cbmanhattan.cityofnewyork.us/cb10/wp-content/uploads/sites/11/2025/05/Resolution-To-Support-the-Holcombe-Rucker-Park-Playground-Reconstruction-_FINAL_CB10_03.2025.pdf,2025-03-01,1,Resolution To Support the Holcombe Rucker Park Playground Reconstruction,"Resolution To Support the Holcombe Rucker Park Playground Reconstruction
WHEREAS Holcombe Rucker Park (Park ID M216) is a 3.05 acre park spanning West 155th
Street and Frederick Douglass Boulevard to the Harlem River Drive in the Borough of
Manhattan in Community Board 10 (CB 10); and
WHEREAS NYC Parks plans to upgrade the Holcombe Rucker Park, while preserving its
renowned character, through architectural technologies and innovative reconstruction; and
WHEREAS the mayoral funded $6.62 million reconstruction is a Community Parks Initiative
(CPI) Project; and
WHEREAS The Holcombe Rucker Park National Commemorative Site Act, signed into law on
January 4th, 2025 by President Joseph R. Biden. The Bill was introduced By Congressman
Adriano Espaillat who guided the legislation successfully through the the U.S. Congress and
U.S. Senate to garner unanimous support in both houses. The Harlem historic park is now
designated as the Holcombe Rucker Park National Commemorative Site; and
WHEREAS In addition to the children’s playground the park houses the Greg Marius basketball
court, a baseball field, handball courts and restroom; and
WHEREAS Following CB 10’s review, this design must be approved by the Public Design
Commission and then go through the procurement process before a contract can be
awarded. Construction may begin in late 2026 or early 2027 and be completed one year later;
and
WHEREAS the goals of the reconstruction include:
• Improved access, circulation and sight lines within the park
• Provision of more fun and play experiences for children of all abilities
• Enhancement and expansion of seating options for people of all ages
• Expanded use of available areas with walking paths within the park with additional green-
space and plantings for aesthetics and stormwater mitigation
• Upgrade and expansion of the spray shower
• Addition of fitness areas and equipment
• Respect for the legacy of Holcombe Rucker; and
WHEREAS The scope of work will include the following features:
• A more Complete playground: The playground has been reorganized to use the space
more efficiently, and maximize the play experiences, sports opportunities and seating,
gathering and picnicking options.
• A more Cohesive playground: Circulation has been thoughtfully designed to provide a
system of wider, noisier primary and narrower, quieter secondary paths, which offer
different types of interactions, and flow seamlessly through the various play, sports, seating
and picnicking areas.
• A more Coherent playground: Drawing on the legendary, world renowned, and nationally
designated commemorative site status of Holcombe Rucker Park as the center of the
basketball universe, where the sport evolved from its local and regional stature to one of
the most internationally loved and revered sport of all time, the design motif throughout the
entire park is basketball, which is evident from afar and in the close-up details, from the
basketball topped entry columns to the dynamic, multidimensional basketball spray shower
to the basketball-like orbs arcing above all the play units and more.
• A central Entrance corridor and bench lined alle create a strong, axial entrance into the
park and leads straight to the central water play feature.
• A huge, central seating and spray circle immersed in multiple and multi-dimensional
basketball inspired features, from the overhead spray pipes shaped like the stitching on a
basketball, the cant of the arced water pipes that evoke a basketball in motion, the
surrounding ring of pavers sized and shaped to resemble a basketball net from above.
• Around the water play is a ring of 16 4-foot benches with companion seating for people in
wheelchairs, And ringing that are a dozen flowering cherry trees to provide shade in this
currently sun-baked central space and powerfully proclaim this spray and seating circle to
be the unmistable heart of the new Holcombe Rucker Park.
• Two quieter bench-lined secondary path branch off from the main entrance alle. Turn to
the right to reach the younger kids play area, and to the left to reach the older kids play and
fitness, adult fitness and the sports courts.
• Accessible 5-12 play unit ramps up to two levels, basketball motif, with high spiral slide,
ladders, bridges, multiple challenge climbers, interactive and sensory play panels.
• Accessible 2-5 play unit, basketball motif, many accessible ground level elements, child-
friendly climbers, low slide, bridge and interactive, visual and sensory play panels, and
opportunities to retreat into more secluded play for children on the spectrum.
• Six 10-foot high swings
• Five 8-foot high swing, one of which is accessible.
• A playfully seal coated run-around grove for older kids with infinite opportunities to create
their own games and paths.
• A ""tween"" fitness area for the 10-13 year olds who want a higher degree of fitness and
challenge than the 5-12 climbers.
• Adult fitness area for those 13 and over.
• A multi-generational music area sits behind the seating and spray circle and completes the
active uses.
• The path from West 155th to the back entrance at Harlem River Drive has become the
picnic corridor, with five picnic table alcoves.
• The midpoint of the picnic corridor will be sited a new, enlarged public restroom building,
with three toilet/urinal fixtures each for men and women. This Contract will closely follow
the Playground reconstruction, but not sure of exact timing.
• There will be new water service with drinking fountains and bottle filler.
• There will be new storm sewer system with onsite stormwater management practices.
• There will be many more park light poles, which produce pedestrian scale even lighting to
replace the glaring floodlighting.
• The primary path pavement will be decorative and multi-colored concrete pavers similar to
Bennerson Playground.
• Flat topped seating boulders will be scattered through to recall the bedrock outcrops that
are common in this neighborhood.
• Many new plant beds are being added, especially along the two bordering streets to screen
the bleak urban views of the 155th Street viaduct and self-storage warehouse, and of the
overly wide and car-strewn Frederick Douglas Boulevard. We will select plants that not
known to trigger asthma attacks.
WHEREAS The park, which houses the reigning hallowed ground of street-ball courts, is named
after Holcombe Rucker, a local teacher and a playground director for the New York City
Department of Parks and Recreation. Mr. Rucker started a basketball tournament in 1950 in
order to help less fortunate youth stay off the streets and aim for college careers; and
WHEREAS Since 1969, Holcombe Rucker Park has been a source of incalculable pride and
entertainment for Harlemites as well as basketball enthusiasts the world over. What began in
1956 with Holcombe Rucker’s youth tournament, which would lead to 700 Harlem youth
receiving college scholarships, was carried on and expanded with each passing generation.
Bob McCullough continued this legacy with the Rucker Pro Am tournament and Each One
Teach One program, providing young people a source of pride and inspiration over the
decades. Greg Marius would take up the mantle with the Entertainer’s Basketball Classic,
inspiring countless youth from NYC and beyond to achieve greatness. Both of these
tournaments inspired basketball players throughout the world and drew the respect and
participation of some of the world’s greatest athletes and cultural icons; and
WHEREAS Many who played at the iconic park in the Rucker Tournament achieved a level of
fame for their abilities, with several having gone on to play in the National Basketball
Association (NBA); and
WHEREAS Mr. Rucker gave Black players an opportunity to play at a time when the NBA,
founded in 1949, first started. At the time there were only 1 or 2 Blacks per team. There were
few avenues like the Harlem Globe Trotters where teams of Blacks played together. In addition,
players who were not able to go to college had the option to go to the Rucker to play; and
WHEREAS Many professional basketball players have played at the court even after gaining
prominence. Many others developed their basketball skills at Rucker prior to becoming notable
in the sport, including: Kareem Abdul-Jabbar, Kenny Anderson, Nate Archibald, Metta
Sandiford-Artest, Sylvester Blye, Conney Hawkins, Roger Brown, Julius Erving, Bill Bradley, Joe
Hammond, Earl Manigault, Jackie Jackson, Richard “Pee Wee” Kirkland, Larry “Bone Collector”
Williams, Rafer “Skip to My Lou” Alston, Herman “Helicopter” Knowlings, Conrad “McNasty”
Macrae, Charlie Scott and Wilt Chamberlain; and
WHEREAS The Greg Marius Court was refurbished in 2021 to include: (1) custom-made
basketball goals, styled after the backboards and hoops in the 30 NBA arenas and practice
facilities; making it the only outdoor court in the world with these high-quality goals, (2) a new
surface for the court, eliminating the cracks and other defects in the current pavement, (3) new
bleachers and team benches, (4) new scoreboard, (5) new gates and (6) repairs to the fence;
and
WHEREAS Rucker Park was featured in the TNT film: “On Hallowed Ground: Streetball
Champions of Rucker Park” which aired in 2000 and won a Sports Emmy Award,The Real:
Rucker Park Legends---True Harlem Story (2006), #Rucker50 Documentary (2016), Undefeated
The Roger Brown Story - PBS (2013), It was also featured in the 2018 film: “Uncle Drew”; and
Above The Rim (1994); and
WHEREAS The design provides an opportunity to honor Holcombe Rucker at the main entrance
to the playground on Frederick Douglass Boulevard, where two attractive pillars will have
decorative features in the form of basketballs on top. Space would be available on the front of
the pillars facing the street for bronze plaques; one could have a bas-relief portrait of Rucker,
and the other could be inscribed with a short biography; and
WHEREAS The legendary basketball players who played over the years on what is now known
as the Greg Marius Court also could be honored with plaques on the numerous benches on the
paths throughout the redesigned playground. These plaques could have the names of players
who are still living which would not be possible with a permanent artwork such as a “Walk of
Fame” in the park. NYC Parks Department will be working with the Holcombe Rucker memorial
committee to identify possible locations where a statue of Holcombe Rucker could be placed in
the playground and possible alternatives to the proposed “Walk of Fame.” All of these memorial
ideas would require some degree of community fundraising since the policy is to have statues,
plaques and similar items in parks paid for with private funds and for statues in particular to
have maintenance endowments; and
WHEREAS Community Board 10 calls upon NYC Parks to maintain the 7-foot-high fencing
along Frederick Douglass Boulevard and not to lower it to 4 feet in the interest of public safety,
especially when large crowds are attempting to attend basketball games at the court adjacent to
the playground; and
WHEREAS a Coalition of the Holcombe Rucker Family, The Greg Marius Family, Each One
Teach One and HCCI presented at the November 8th, 2024 Manhattan Community Board 10
Parks and Recreation Committee meeting to introduce a proposal to capture the essence of the
Rucker Park story in a compelling visual format, around the park itself, for local residents,
players and visiting fans to enjoy. The goal is to enshrine the historic legacy of the Rucker Park;
its community power and transformation, while telling the story of the historical figures for
generations to come; and
WHEREAS NYC Parks held a Holcombe Rucker Playground Reconstruction Community Input
Meeting via Zoom on June 27th, 2024; and
WHEREAS NYC Parks and Recreation architects presented design plans to the Parks and
Recreation Committee on February 26th, 2025, where the Committee had quorum and voted
unanimously to support the project; and
WHEREAS The Parks and Recreation Committee presented to the Executive Committee on
February 12th, 2025, where the Committee had quorum and voted 6 yes, 0 opposed, 0
abstentions and 0 recusals to support the project; and
WHEREAS the Parks and Recreation Committee presented to the Manhattan CB10’s Full
Board on March 5th, 2025, which had quorum and voted unanimously in-support of the park
reconstruction ; and
THEREFORE NOW be it resolved that Manhattan Community Board 10 supports the
Community Parks Initiative design plans to upgrade the Holcombe Rucker Park, while
preserving its renowned character, through architectural technologies and innovative
reconstruction of the Holcombe Rucker Park playground.",0,23,1,regex_single_resolution
b7fbc22a-77a3-4fd0-b249-4ed332c40fd2,3938424f-2e48-5b8f-9ed8-c81297374d07,MCB10,https://cbmanhattan.cityofnewyork.us/cb10/wp-content/uploads/sites/11/2025/05/LOS_West-Harlem-Art-Fund-Harlem-Sculpture-Garden-in-Jackie-Robinson-Park_CB10_03.2025.pdf,2025-03-01,1,"March 6, 2025","March 6, 2025
Sue Donoghue
Commissioner
New York City Department of Parks & Recreation
830 Fifth Ave
New York, NY 10065
Re: West Harlem Art Fund Harlem Sculpture Garden in Jackie Robinson Park
Dear Commissioner Donoghue,
Manhattan Community Board 10 is writing this letter to recommend the West Harlem Art Fund
Sculpture Garden installation in Jackie Robinson Park. The proposed art exhibition is
scheduled for May 2nd, 2025 and will run through October 30th, 2025.
The West Harlem Art Fund (WHAF) is a twenty-seven year old, public art and new media
organization. WHAF seeks opportunities for artists and creative professionals throughout NYC
and beyond wishing to showcase and share their talent. The West Harlem Art Fund presents art
and culture in open and public spaces to add aesthetic interest; promote historical and cultural
heritage; and support community involvement in local development.
The following art pieces and corresponding artists are proposed for showcasing at Jackie Robinson
Park:
• “Bound Medium” - Dianne Smith
• “Skate Boarding Cat” - Eunkyung Lee
• “Painted Welded Steel” - Carole Eisner Chiara
• “The Tower” - Margaret Roleke
• “Spout” - Luke Schumacher
• “Harlequin” - Michael Poast
• “Land Art” - Laurie Sheridan
• “Tree Sits On Bench At Park With Books” - An Pham
The selections will be anchored as needed and positioned at various locations between 145th and
150th Streets. (Please see attached presentation).
Ms. Savona Bailey McClain is the Executive Director & Chief Curator for The West Harlem Art
Fund, Inc. a twenty-three year old public art organization and curatorial collective serving
neighborhoods around the City. Her public art installations have been seen in the New York Times,
Art Daily, Artnet, Los Angeles Times, Huffington Post among others. McClain has installed works
in Times Square, DUMBO, Soho, Governors Island and Harlem. Noted works include The H in
Harlem, Counting Sheep, Story Piles, East River Flows and Loosely Coupled. Ms. McClain is a
registered local historian with the Office of the Manhattan Borough President, a member of Art
Table and radio podcast host for State of the Arts NYC heard on several audio platforms.
Ms. Savona Bailey McClain presented to the Parks and Recreation Committee on February 12th,
2025. The Jackie Robinson Park Conservancy is in support of the project. This project proposed
for Jackie Robinson Park which is one of the four Harlem Historic Parks will be the second year
of the largest park’s art exhibition in Harlem history.
Manhattan CB10 finds the project, which will encapsulate historic and unique experiences through
artistic expression, to be of merit and would provide an eclectic aspect to the Jackie Robinson Park
visit. On March 5, 2025, Manhattan Community Board 10’s General Board convened on March 5,
2025 and unanimously voted in-support of the project.",0,0,0,regex_single_resolution
1bb1d811-4533-413f-98c7-3f953fbda27a,a3a6149b-622c-5f24-ba47-ee2945079423,MCB10,https://cbmanhattan.cityofnewyork.us/cb10/wp-content/uploads/sites/11/2025/05/LOS_Augusta-Savage-Commemoration-_-Monumental-Women_CB10-Resolution_03.2025.pdf,2025-03-01,1,"March 6, 2025","March 6, 2025
Sue Donoghue
Commissioner
New York City Department of Parks & Recreation
830 Fifth Ave
New York, NY 10065
Re: Augusta Savage Commemoration By Monumental Women
Dear Commissioner Donoghue,
Community Board 10 is writing this letter in support of Monumental Women’s Initiative to
commemorate Augusta Savage through a work of public art. We are hopeful this tribute will be
in one of the CB 10 parks. It is particularly fitting to honor Ms. Savage at a site within the borders
of CB 10, where she lived and worked.
Augusta Savage (born Augusta Christine Fells; February 29, 1892 – March 27, 1962) was an
American sculptor associated with the Harlem Renaissance. She was also a teacher whose studio
was important to the careers of a generation of African American artists who would become
nationally known. She worked for equal rights for African Americans in the arts. As the creator
of busts of prominent African Americans such as W.E.B. Du Bois and James Weldon Johnson,
Savage also focused on representing everyday people from Harlem (e.g. “Gamin”, untitled “Girl
With Pigtails”). Her monumental plaster sculpture “Lift Every Voice and Sing” (renamed “The
Harp” by others), created for the 1939 World’s Fair held in Queens, New York was viewed and
admired by more than 5 million fair attendees. Ms. Savage endured the travesty of having her
masterpiece demolished after the World’s Fair end because she had no money to store it or have it
cast in bronze.
Ms. Savage was an important part of the Harlem Renaissance and one of America’s foremost
African American women artists. She worked as a sculptor and educator and fought against sexism
and racism. Eighty–five years after its debut, Savage’s pivotal and inspiring story and artwork
deserves to be known by a new generation.
In honor of Black History Month 2024 and the leap year February 29th birthday of Augusta
Savage, Monumental Women announced the formation of a coalition to honor Ms. Savage’s
achievements in art, her opposition to sexism and racism in the arts and her commitment to
educating the next generation of African American artists.
Monumental Women, a 501c(3) all-volunteer nonprofit was created in 2014 with the initial goal
of breaking the bronze ceiling and creating the first statue of real women in Central Park’s 167-
year history. The Central Park monument of Women’s Rights Pioneers Sojourner Truth, Susan B.
Anthony, and Elizabeth Cady Stanton was unveiled on August 26th, 2020, the centennial
anniversary of the ratification and certification of the 19th “Votes For Women” amendment to the
constitution. Monumental Women’s experience with carrying through the complicated process of
forming partnerships, raising substantial funds (almost entirely private), conducting a design
competition, gathering the many necessary community endorsements and city permits - all while
meeting their timeline in the midst of a pandemic (2020) — demonstrates they are capable of
successfully managing the many challenges of creating a piece of beautiful and inspiring public
art in New York City. The project timeline is proposed for 2025-2028.
Monumental Women presented the proposed project at the Manhattan Community Board 10
Parks and Recreation Committee on February 12th, 2025.
Manhattan CB10 finds Monumental Women’s Augusta Savage Initiative collaborative project,
which will honor and encapsulate the profound and historic legacy of Augusta Savage to be of
phenomenal merit. On March 5, 2025, Manhattan Community Board 10’s General Board
convened on March 5, 2025 and unanimously voted in-support of the project.",0,0,0,regex_single_resolution
43be97ef-4a88-43ab-a120-8024c445ae04,095794e9-283c-5c03-9d16-57d4fb1696b8,MCB10,https://cbmanhattan.cityofnewyork.us/cb10/wp-content/uploads/sites/11/2025/05/MCB10_Public-Health-Emergency-Preparedness-and-Response-Training-Hub_03.2025.pdf,2025-03-01,1,"March 14, 2025","March 14, 2025
The Honorable Charles E. Schumer
The Honorable Kirsten Gillibrand
United States Senate
Washington DC 20510
Dear Senator Schumer and Senator Gillibrand,
I write today to express support for the FY 2026 Congressionally Directed Spending Request (CDSR) submitted by
CUNY SPH. With this funding, CUNY SPH will create a new Public Health Emergency Preparedness and Response
Training Hub (PHEPR-TH).
As of 2023, the U.S. public health workforce needed 80,000 additional full-time workers in state and local settings,
primarily in health departments, to provide core services. An additional loss of 129,000 workers is projected by this
year, with updated data expected in summer 2025. Even more public health workers, who are typically not counted
in official reports, are needed in non-governmental organizations. In New York State alone, a 2022 workforce study
by the New York State Association of County Health Officials (NYSACHO) revealed a 26% decline in full-time
local health department (LHD) employees since 2019, with temporary federal and state emergency funding creating
an unstable influx of short-term staff for COVID-19 response efforts. As these employees are not permanent and
leave when funding runs out, LHDs will face a significant loss of staff and experience, even as they continue to
manage current, emergent, and unforeseen public health threats. More than ever, this entire workforce needs training
in public health and healthcare emergency response and preparedness.
CUNY SPH’s PHEPR-TH is uniquely positioned to meet demand in the current and future public health workforce.
PHEPR-TH will be available to graduate students, public health and safety professionals, and community members
who wish to develop or strengthen their skills and credentials for career advancement to address future emergencies
with a sound scientific basis. The PHEPR-TH will establish a new certificate program in Public Health Emergency
Preparedness and Response at CUNY SPH that can serve the growing need for training in PHEPR among the public
health and healthcare workforce that is unique in its curriculum and community connections. The PHEPR-TH will
expand CUNY SPH program offerings, attract new students to public health, further career and professional training
for graduate students and professionals, and fill a major gap in the public health and healthcare workforce.
Moreover, given CUNY SPH’s strong online curriculum, this training will be accessible locally, nationally, and
internationally, broadening its reach. Federal funding is vital for CUNY SPH to launch the training hub, and will
support your constituents with:
• Increased access to knowledge and skills that are in-demand from employers
• Training to fill current and future positions paying living wages in the public health workforce
• Increased ability to serve their community and protect its well-being in times of acute need
Manhattan Community Board 10 voted unanimously to support the creation of a hub by the CUNY School for
Public Health during the March General Board Meeting on March 5, 2025. We are confident that communities,
particularly in Harlem and many others, will benefit from the increased workforce training PHEPR-TH will provide,
both as participants and as recipients of the services those trained can offer. I encourage you to move this proposal
forward to the Appropriations Committee and vigorously support it throughout the process.",0,0,0,regex_single_resolution
f8e533f2-7967-4097-adbc-eb963a51ec7f,8ba49226-06a8-516c-a2ae-b2243de60f64,MCB10,https://cbmanhattan.cityofnewyork.us/cb10/wp-content/uploads/sites/11/2025/05/MCB10_Community-Care-Model-for-Mental-Health-Wellness_03.2025.pdf,2025-03-01,1,"March 14, 2025","March 14, 2025
The Honorable Charles E. Schumer
The Honorable Kirsten Gillibrand
United States Senate
Washington DC 20510
Dear Senator Schumer and Senator Gillibrand,
I write today to express support for the FY 2026 Congressionally Directed Spending Request (CDSR)
submitted by CUNY SPH Center for Innovation in Mental Health (CUNY CIMH). With this funding,
CUNY CIMH will develop and implement a Community Care Model for Mental Health Wellness.
There is an urgent need to expand access to mental health services, especially in historically underserved
communities where the traditional healthcare infrastructure has often been insufficient. This proposal is a
timely and necessary response to the growing mental health crisis, exacerbated by the COVID-19 pandemic
and systemic inequities. It has the potential to transform mental health access and strengthen community
resilience in New York City and beyond.
CUNY CIMH has consistently demonstrated expertise in mental health task-sharing, an evidence-based
approach that empowers non-clinical professionals—such as community leaders, educators, and peer
support specialists—to deliver essential services. Their successful programs, including Harlem Strong,
Building Resilience in Youth, and Jobs Plus, highlight their ability to expand access to mental healthcare,
improve service quality, and strengthen community resilience.
The Community Care Model for Mental Health Wellness will build on these successes by refining task-
sharing to meet the unique needs of diverse communities. This initiative will address critical gaps in mental
health care, especially in underserved communities, by leveraging community networks to integrate mental
health and wellness support into neighborhoods. It will include scalable training materials to help
communities identify mental health concerns, provide timely interventions, and connect individuals to
resources. This initiative will increase access to care, reduce stigma, and foster a culture of trust and support
while building resilience in vulnerable populations.
During the March General Board Meeting on March 5, 2025, Manhattan Community Board 10 voted
unanimously in support of the CUNY School of Public Health’s efforts to develop a Community Care
Model for Mental Health Wellness. I am confident that our communities, and many others, will benefit from
this expansion of the mental health task-sharing approach, bringing critical services to underserved areas
while increasing the size and availability of the mental health workforce. I encourage you to move this
proposal forward to the Appropriations Committee and vigorously support it throughout the process.",0,0,0,regex_single_resolution
bdba89cb-a04c-45f7-b4c2-2eb496d0c2bc,15c2adef-4fb4-55a3-82e6-2016f41d743d,MCB10,https://cbmanhattan.cityofnewyork.us/cb10/wp-content/uploads/sites/11/2025/05/MCB10_Letter-to-Name-Harlem-Public-Health-Lab-after-Dr.-Hazel-N.-Dukes.pdf,2025-05-01,1,"April 8, 2025","April 8, 2025
Louis A. Molina
Commissioner
NYC Department of Citywide Administrative Services (DCAS)
1 Centre Street, Floor 14
New York, NY 10007
Dr. Michelle Morse
Acting Commissioner
NYC Department of Health & Mental Hygiene (DOHMH)
42-09 28th Street
Long Island City, NY 11101
Dear Commissioner Molina and Acting Commissioner Morse,
On behalf of the Manhattan Community Board 10, I write to express our strong support for naming
the new Public Health Lab at 137th Street in Harlem in honor of the late Dr. Hazel N. Dukes. This
facility presents a unique opportunity to enhance public health resources in our community and to
pay tribute to a visionary leader whose life’s work was dedicated to advancing civil rights, social
justice, and health equity.
Dr. Dukes was a pillar of our community and a guiding force in the fight for justice and healthcare
accessibility. Her legacy is deeply interwoven with the history of iconic civil rights leaders such
as Rev. Dr. Martin Luther King Jr., Malcolm X, and Congressman Adam Clayton Powell Jr. These
historic figures inspired and reinforced her steadfast commitment to ensuring justice, equality, and
healthcare access for all. As an advocate and mentor, Dr. Dukes uplifted generations of leaders,
ensuring that the movement for civil rights and social justice continues in strong and capable hands.
Dr. Dukes’ profound impact on public health was evident through her service as the Chairperson
of the Health and Human Services Committee of Community Board 10. In this role, she led
discussions and convened meetings that facilitated essential conversations regarding the
development of this very project, the new Public Health Lab in Harlem. Her leadership in shaping
discourse around public health initiatives makes the naming of this facility in her honor an
especially fitting tribute to her enduring contributions.
Beyond her work with Community Board 10, Dr. Dukes served as the President of the New York
State Conference of the NAACP, where she relentlessly advocated for the rights of marginalized
communities and sought to dismantle systemic barriers to healthcare. Her collaboration with the
New York City Department of Health and Mental Hygiene, public health campaigns, the American
Cancer Society, state and federal agencies was instrumental in advancing policies, programs, and
public campaigns that improved health outcomes for Harlem and beyond. One example of her
impact was her recent involvement, prior to her passing, in the public campaign to end the sale of
menthol cigarettes to reduce health disparities.
While we understand that a formal naming process for the Public Health Lab may not yet be in
place, we strongly urge you, Acting Commissioner Morse, to champion and expedite the
establishment of such a process to properly recognize Dr. Dukes’ extraordinary contributions. Her
tireless dedication to public health and social justice has left an indelible mark on our city, and
naming this lab in her honor would enshrine her legacy for future generations.
Dr. Dukes’ lifelong work has been widely recognized with numerous accolades, including the
Candace Award for Community Service from the National Coalition of 100 Black Women, the
Economic and Business Award from the Women’s Black Agenda, the NAACP’s Spingarn Medal,
and the historic distinction of being the first civilian to administer the oath of office to New York
State Governor Kathy Hochul. These honors reflect her unwavering commitment to advocating
for social justice and health equity.
As we continue the work she so passionately led, we believe that naming the new Public Health
Lab after Dr. Hazel N. Dukes would serve as a profound reminder of her lasting impact on our
community and as an inspiration for generations to come. The members of Manhattan Community
Board 10, along with a broad coalition of community leaders and organizations, stand united in
supporting this initiative.
Thank you for your time and consideration. Manhattan Community Board 10 voted unanimously
in-support of this letter at the April General Board Meeting on Wednesday, April 2, 2025 with
34 Yes, 0 Recusals, and 0 Abstentions. We look forward to your support in ensuring that Dr.
Hazel N. Dukes’ legacy is honored in a manner befitting her unparalleled contributions to public
health and civil rights.",0,0,0,regex_single_resolution
255610db-14a5-42b0-8dbb-17179d3143a9,5f089734-ae4e-5bf1-bcce-e105aac7684d,MCB10,https://cbmanhattan.cityofnewyork.us/cb10/wp-content/uploads/sites/11/2025/05/MCB10_Renaissance-Playground-Comfort-Station_LOS_04.2025.pdf,2025-04-01,1,"April 15, 2025","April 15, 2025
Deborah Marton
Commissioner
New York City Public Design Commission
253 Broadway, 14th Floor
New York, NY 10007
Dear Commissioner Marton,
I hope this letter finds you well. As the Chair of Community Board 10, I am writing to
express our strong support for the construction of a new public restroom building at
Renaissance Playground. This project is crucial for enhancing the overall experience of the
park and ensuring that it meets the needs of our community.
Renaissance Playground serves as a vital recreational space for families, children, and
community members in Central Harlem. However, the absence of adequate restroom
facilities has been a significant limitation for park users. Many families have voiced
concerns over the lack of accessible and clean restrooms, which often prevents them from
fully enjoying the playground and its amenities.
By providing a new public restroom building, we can significantly improve the park's
usability and comfort for all visitors. The addition of restroom facilities will encourage
greater attendance and participation in community activities and events held at the
playground. A well-maintained restroom will not only enhance the overall quality of the
park but also promote health and hygiene for everyone who enjoys this essential green
space.
I would like to emphasize that Community Board 10’s Parks and Recreation Committee
has thoroughly reviewed this proposal and unanimously supported it during our recent
meetings. We recognize that investing in public restroom facilities is an investment in our
community’s well-being, making Renaissance Playground a more inviting and accessible
place for all residents.
The construction of a new public restroom building at Renaissance Playground aligns with
our commitment to improving local parks and ensuring they meet the needs of our diverse
population. It will foster a sense of pride and ownership among residents and encourage
families and individuals to make use of this valuable community resource. Manhattan
Community Board 10’s April Full Board met on April 2, 2025 and voted in favor to issue
this letter of support as follows: 34 In-Favor 0 Opposed 0 Recusals 0 Abstentions.
Thank you for considering our support for this important initiative. We look forward to the
positive impact that a new restroom facility will have on Renaissance Playground and the
joy it will bring to our community.",0,0,0,regex_single_resolution
9a6a60d1-fa58-4df9-98a6-5ea65a53e99b,917ff5a1-88b1-50b8-b459-b0ea620f019d,MCB10,https://cbmanhattan.cityofnewyork.us/cb10/wp-content/uploads/sites/11/2025/05/MCB10_Resolution-on-Dismantling-the-U.S.-Department-of-Education_Final.pdf,2025-05-01,1,Resolution Condemning Efforts to Dismantle the U.S. Department of Education,"Resolution Condemning Efforts to Dismantle the U.S. Department of Education
WHEREAS, on March 20, 2025, President Donald Trump signed an executive order titled
""Improving Educational Outcomes by Empowering Parents, States, and Communities,"" which
seeks to dismantle the U.S. Department of Education (ED) and transfer all authority over education
to the states.
WHEREAS, the U.S. Department of Education, established in 1980, has been instrumental in
promoting educational excellence and ensuring equal access to education across the nation. Its
responsibilities include administering federal funding to states and school districts, enforcing civil
rights protections, and conducting research on educational institutions.
WHEREAS, the ED plays a pivotal role in managing federal student aid programs, including Pell
Grants and federal student loans, which have enabled countless students from low-income families
to pursue higher education and improve their socioeconomic status.
WHEREAS, in the 2023-24 academic year, over 6.2 million students nationwide relied on Pell
Grants to afford higher education, with thousands of students from Community Board 10’s district
benefiting from these grants to attend colleges and universities. The dismantling of the ED would
put these crucial financial aid programs at risk, potentially denying many students the opportunity
to pursue post-secondary education and limiting their ability to achieve economic mobility.
WHEREAS, the loss of federal student aid oversight would increase the risk of predatory lending
practices by private loan providers, disproportionately harming first-generation college students,
low-income students, and students of color.
WHEREAS, the ED oversees critical programs such as Title I funding for disadvantaged schools,
the Individuals with Disabilities Education Act (IDEA) for students with disabilities, and the
National School Lunch Program, which provides free and reduced-price meals to eligible students.
WHEREAS, New York City Public Schools serve approximately 912,064 students, with 16.3%
identified as English Language Learners and 23% as students with disabilities. The ED's support
is vital in addressing the diverse needs of these students.
WHEREAS, Community Board 10 encompasses Central Harlem, which includes NYC
Geographic Districts 3 and 5. District 3 serves approximately 19,374 students across 43 public
schools, while District 5 serves approximately 20,000 students across 35 public schools.
WHEREAS, within District 3, approximately 58% of students are eligible for free or reduced-
price lunch, 24% are students with disabilities, and 13% are English Language Learners. In District
5, nearly 73% of students qualify for free or reduced-price lunch, 25% are students with
disabilities, and 14% are English Language Learners. These numbers underscore the essential role
of federal funding in supporting students who rely on these services for academic success and well-
being.
WHEREAS, federal funding through the ED supports various programs within Districts 3 and 5,
including initiatives for English Language Learners, students with disabilities, and economically
disadvantaged students. These programs are essential in providing equitable educational
opportunities and resources.
WHEREAS, there are ongoing efforts in various states to undermine comprehensive education by
promoting curricula that emphasize only the positive aspects of American history while neglecting
significant portions of our collective past. Federal oversight has historically been crucial in
enforcing civil rights and advancing educational equity.
WHEREAS, the potential dismantling of the ED threatens the continuation and effectiveness of
these programs, jeopardizing the educational outcomes and well-being of students in our
community.
WHEREAS, constitutionally, the President of the United States does not have the unilateral
authority to eliminate a federal department such as the ED, as such an action requires congressional
approval. The attempt to bypass this legislative process raises significant concerns about the
overreach of executive power.
THEREFORE, BE IT RESOLVED, that Manhattan Community Board 10 strongly condemns
any efforts to dismantle the U.S. Department of Education, recognizing such actions as detrimental
to the students and families within our district and across the nation.
BE IT FURTHER RESOLVED, that Manhattan Community Board 10 urges Federal, State, and
City Representatives to oppose any initiatives aimed at weakening or eliminating the ED,
emphasizing the importance of sustained Federal support for education.
BE IT FURTHER RESOLVED, that Manhattan Community Board 10 affirms the importance
of Federal financial aid programs in making higher education accessible to all students, particularly
those from marginalized communities, and opposes any efforts that would weaken these resources.
BE IT FURTHER RESOLVED, that Manhattan Community Board 10 commits to ongoing
efforts to educate and inform the public about their rights and the implications of dismantling the
ED, ensuring that residents remain engaged in advocating for equitable and well-funded public
education;
BE IT FURTHER RESOLVED, that the Chairperson of Manhattan Community Board 10 is
empowered to establish relationships, sign letters, petitions, and utilize other tools to ensure that
Community Board 10 actively opposes efforts that undermine our education system and harm our
students; Manhattan Community Board 10’s full board voted unanimously to approved this
resolution at the April General Board Meeting on Wednesday, April 2, 2025 with 34 Yes, 0
Recusals, and 0 Abstentions.",0,13,1,regex_single_resolution
2594e596-d22c-4ef1-92bc-c54ca56f23fb,4a459a93-76f8-59bd-9d01-b8aec798ccc3,MCB10,https://cbmanhattan.cityofnewyork.us/cb10/wp-content/uploads/sites/11/2025/05/MCB10_Transportation-Landmarks-and-Preservation-LOS_MET-Tang-Wing_04.2025.pdf,2025-04-01,1,"April 10, 2025","April 10, 2025",0,0,0,regex_single_resolution
35c25219-1462-4be0-b340-0d2cac9f8c9b,d17298b9-acf2-51bc-b394-19a80f6cbde0,MCB10,https://cbmanhattan.cityofnewyork.us/cb10/wp-content/uploads/sites/11/2025/05/MCB10_Parks-Recreation-LOS_MET-Tang-Wing_04.2025.pdf,2025-04-01,1,"April 10, 2025","April 10, 2025",0,0,0,regex_single_resolution
2fb679d0-69d4-4151-a64a-bafe1566cc69,05a3d00a-4554-5188-9c93-77b9e1d88792,MCB10,https://cbmanhattan.cityofnewyork.us/cb10/wp-content/uploads/sites/11/2025/05/MCB10_Renaissance-Playground-Conditions_LOS_04.2025.pdf,2025-04-01,1,"April 15, 2025","April 15, 2025
Deborah Marton
Commissioner
New York City Public Design Commission
253 Broadway, 14th Floor
New York, NY 10007
Dear Commissioner Marton,
I hope this letter finds you well. As the Chair of Community Board 10, I am writing to
express our enthusiastic support for the proposed construction of Renaissance Playground.
This project is vital to enhancing the park’s overall experience and ensuring it meets the
needs of our community.
Renaissance Playground serves as a critical recreational space for families, children, and
residents of Central Harlem. The proposal includes innovative play structures, sensory play
elements, and the thoughtful integration of trees and lighting, which will significantly
enrich the park’s appeal and functionality.
I would like to highlight that Community Board 10’s Parks and Recreation Committee has
thoroughly reviewed this proposal and unanimously approved it during our recent
meetings. We recognize that revitalizing Renaissance Playground represents a meaningful
investment in our community’s well-being, creating a more inviting and accessible space
for all.
This renovation aligns with our commitment to improving local parks and meeting the
needs of our diverse population. It will foster a sense of pride and ownership among
residents, encouraging families and individuals to fully utilize this invaluable community
resource. Manhattan Community Board 10’s April Full Board met on April 2, 2025 and
voted in favor to issue this letter of support as follows: 34 In-Favor 0 Opposed 0 Recusals
0 Abstentions.
Thank you for considering our support for this important initiative. We look forward to the
positive impact this beautification and renovation will have on Renaissance Playground
and the joy it will bring to our community.",0,0,0,regex_single_resolution
f6cf90ca-9633-40c6-aead-959a170d6e5a,69a2a42a-2543-564d-90b6-c7d60161b75c,MCB10,https://cbmanhattan.cityofnewyork.us/cb10/wp-content/uploads/sites/11/2025/05/MCB10-FINAL_HPD-Letter-for-109-113-West-115th-Street_04.2025.pdf,2025-04-01,1,"April 11, 2025","April 11, 2025
Mr. Ahmed Tigani, Acting Commissioner
NYC Housing Preservation & Development
100 Gold Street
New York, NY 10038
RE: 109-113 West 115th Street, NY, NY 10025 (Block 1825; Lots 25-27)
Dear Commissioner Tigani,
Manhattan Community Board 10 is writing this letter of support to NYC Housing Preservation
and Development (HPD) Design and Site Authorization (DASA) Committee for the proposed new
construction and preservation development project of 41 affordable housing units located at the
aforementioned address to support the need for housing for low to middle income households in
Harlem (“the Project”). The Project is to be led by Malcolm Shabazz Development Corporation and
Procida Development Group.
On March 20, 2025, representatives from the Project presented preliminary plans to our Land
Use and Housing Committee, and members of our community. It is my understanding that the Project
is being developed in conjunction with HPD to generate a mix of funding, including an affordable
housing subsidy from HPD, to serve as financing for the Project. Manhattan Community Board 10’s
April Full Board met on April 2, 2025 and voted in favor to issue this letter of support as follows: 34
In-Favor 0 Opposed 0 Recusals 0 Abstentions.
Manhattan Community Board 10 looks forward to a more in-depth examination of the project
during the ULURP process. In the interim, members of the Land Use and Housing Committee request
that leaders of the Project engage the surrounding community regarding intended plans for the future
development. If there are any questions or concerns, please feel free to contact me at the district office
at (212) 749-3105.
Respectfully,
Karen Dixon
Marquis Harrison Karen Dixon
Chairperson Land Use & Housing Committee Chair
Manhattan Community Board 10 Manhattan Community Board 10",0,0,0,regex_single_resolution
aa5b9032-9c1e-453f-8213-8e466433fb18,a28ed70e-026d-5781-ace5-8a5d3f294c1a,MCB10,https://cbmanhattan.cityofnewyork.us/cb10/wp-content/uploads/sites/11/2025/02/Final-CB10_One45-For-Harlem-Resolution_February-2025-1.pdf,2025-02-01,1,One45 For Harlem Resolution,"One45 For Harlem Resolution
Manhattan Community Board 10
RESOLUTION: To disapprove with conditions the private application by One45 Lenox LLC for a
zoning map amendment, a zoning text amendment to modify Appendix F, two zoning special permits (ZS)
to change height and setback regulations, and a zoning certification (ZC) to allow additional curb cuts to
facilitate the development of a 34-story mixed use complex with approximately 968 units of which 291
units will be permanently affordable. The development will be located at 685-691 Lenox Avenue and 112-
150 West 145th Street in Manhattan Community District 10.
WHEREAS, One45 Lenox LLC development group is seeking approval of a Uniform Land Use Review
Process (hereafter known as ""ULURP"") application for C250115ZMM, N250116ZRM, C250117ZSM,
C250118ZSM, and N250119ZCM for a zoning map amendment to rezone the area from a C8-3 and R7-
2/C1-4 to a C4-6, a zoning text amendment to modify Appendix F in order to designate the development
site in the Mandated Inclusionary Housing (MIH) program, two zoning special permits, and a CPC zoning
certification to allow additional curb cuts; and
WHEREAS, the C250115ZMM application is seeking approval for a zoning map amendment to rezone
the area from a C8-3 and R7-2/C1-4 to a C4-6 zone with 10.83 residential floor area, and maximum
commercial FAR of 3.4; and
WHEREAS, the N2501116ZRM application seeks approval for a zoning text amendment to Appendix F
of the Zoning Resolution mapping a Mandatory Inclusionary Housing (“MIH”) area Option 2, by proposing
that 30% (291 apartments) of the units will be permanently affordable with an average 80% of AMI (area
median income); and
WHEREAS, the C250117ZSM application seeks a special permit pursuant to Section 74-743 to modify
the height and setback regulations for the banquet hall located on the top floor of Building A, and a
C250118ZSM application seeking a special permit to waive residential parking regulations is terminated
due to the recently approval of the City of Yes for Housing Opportunity eliminating parking requirements
in Manhattan Community Board 10; and
WHEREAS, the N250119ZCM applications seeks a CPC certification to add additional curb cuts: and
WHEREAS, the development site will consist of three buildings, two residential buildings and one
commercial building. Building A will have 537 dwelling units, 12,482 sf of retail space, a 37,766 sf
banquet hall/meeting space located on the top floor, and 40 below-grade accessory residential parking
spaces. Building B will have 431 dwelling units, 14,984 sf of retail space, and 6,563 sf of community
facility space. Building C would provide 8,540 sf of retail space. As previously stated the project would
be located at 685-691 Lenox Avenue and 112-150 West 145th Street in Manhattan Community District 10;
and
WHEREAS, the project will include 968 residential units of which 291 will be designated permanently
affordable. This is an increase of 138 units due the removal of the Museum of Civil Rights from the current
proposal. Of the 291 units, 29 units will be studios, 131 are one-bedrooms, 61 are two-bedrooms, and 20
are three-bedrooms - representing a slight increase from the project previously proposed wherein the total
number of two and three bedroom units was 60; and
WHEREAS, the permanently affordable units will be at AMI levels ranging from 40% to 120% with an
average of 80 %. The community remains concerned that existing AMI levels do not adequately reflect the
needs of community residents including single occupancy middle class households that are excluded from
the income bands proposed, leaving them with only market rate residential options; and
WHEREAS, the One45 Lenox LLC development group also presented an uncertified Enhanced
Affordability Plan that highlighted their partnership with Concern Housing and West Harlem Group
Assistance Inc. to develop 591 affordable units of the total 968 dwelling units. The enhanced affordability
plan included the following:
1. Building B will be 100% affordable - all 430 units will range from 30% to 80% of AMI;
2. Building A will have 160 affordable units;
3. 130 units of supportive housing with no income requirement;
4. 107 units at 130% of AMI will target workforce housing;
5. 310 of the units will be at AMI levels below 80%;
6. Building B will be managed and operated by Concern Housing and West Harlem Group Assistance,
Inc. The building will include on-site amenities such as a fitness center, library, computer room,
laundry facility, multiple community meeting spaces, outdoor spaces, and free Wi-Fi throughout
apartments and community spaces;
7. Staffing would include a Director, Supervisor, Case Managers, Counselors, Property Management
& Maintenance Staff. Program staff would primarily focus on supportive housing residents but
would be available to assist all residents. Priority will be given to hire local and minority candidates
for operational positions.
WHEREAS, One45 Lenox LLC development group presented a draft community benefits agreement
(CBA) that included the following:
● Youth Internship & Mentorship Pathways - Developer to work in partnership with the Workforce
Development and Training division of the New York State Research and Development Authority
(“NYSERDA”) to create a Green Energy Incubator and Training Lab that will educate, train and
offer career opportunities in the Green Energy space to local residents. Green Energy is the fastest
growing, highest-paid blue collar business sector in New York State and is dramatically
underrepresented by minorities and low-income citizens – our goal is to help change that in Harlem.
● One45 Community Advisory Partners – will be created and is composed of local stakeholders who
will work with the development team in an advisory capacity to ensure that the CBA and the project
is done according to the agreed-upon Plan.
● Local Economic Empowerment Initiative – Innovative concept designed to create opportunities for
community residents and businesses. At least 20% of the commercial space will be occupied by
businesses or residents, at least 50% of retailers must be minority owned enterprises, local retailers
will be offered rent discounts from prevailing market rates at the time of the lease, with no single
retailer occupying more than 20,000 sf of ground floor space.
● Career and Job Training – will partner and contract with Positive Workforce, a Harlem based non-
profit, to provide career training and job placement to residents. The goal is to train up to 200
construction site safety trainees, 90 general construction laborers, 30 plumbers, and 30 electricians
over a 2-3 year period
● Hire Harlem – will hire locally, setting aside 10% of construction and related jobs, as well as jobs
related to the building’s ongoing operation, to Harlem residents.
● Community Based Organization Space – reserve 2,500 sf of space at discounted rent for locally
based non-profits
● Parks & Recreation – provide capital and professional services to address unfunded needs of the
Brigadier General Charles Young Playground.
● Turn Harlem Green – build a Green Energy District in Central Harlem in order to reduce carbon
emissions in the community
WHEREAS, New York City recently approved the CITY OF YES FOR HOUSING OPPORTUNITY with
various modification, the need for housing throughout the city and in Manhattan Community Board 10
cannot be understated; and
WHEREAS, between 2014 and 2024 only 1,073 newly created affordable housing units were developed
at the same AMI levels proposed in this project in Manhattan Community Board 10; and
WHEREAS, Manhattan Community Board 10 understands the need for the development of all housing
units especially affordable housing units, we recognize that the district has a limited number of vacant
spaces for development. As such, in order to address the housing needs of the community, projects with
greater density must be considered; and
WHEREAS, Manhattan Community Board 10 has 60 days to review the One45 for Harlem ULURP
application and render an opinion, which such time to review began on December 11, 2024; and
WHEREAS, Manhattan Community Board 10 facilitated two public hearings on 12/19/24 and 1/16/25
wherein the One45 Lenox LLC development group conducted presentations, received comments from the
CB 10 board, community members, and elected representatives, as well provided verbal and written
responses to questions. Manhattan Community Board 10 also facilitated a community forum on 1/25/25 to
afford the community a final opportunity to provide feedback; and
WHEREAS, Manhattan Community Board 10 members and the community had the following concerns:
a. Central Harlem needs new affordable housing units.
b. Affordable Units/Affordability – 291 permanently affordable units is not sufficient to meet the
needs of the community. The certified project would add 677 market rate units to the community.
Some residents supported the uncertified enhanced affordability plan.
c. According to the 2024 NYU Furman Center, the median household income in Central Harlem in
2022 was $52,000 compared to a citywide median household income of $78,000.
d. The AMI levels outlined for the permanently affordable units are based on income levels that are
too high for Harlem residents and not a true reflection of the actual income of residents of our
District as opposed to an income average of persons outside of the District.
e. Increased Density/Transportation Concerns – Building A and Building B will be 34 stories each,
taller than any building in the surrounding area. Based on the number of residential units (968), it
is estimated that 2000 to 3000 new residents will be added to this area. This increased density will
impact the existing public transportation systems in the area.
f. The IRT#3 train station at 145th Street and Malcom X. Blvd. is a short station that only affords five
subway cars to open on the platforms on Northbound and Southbound trains.. The existing
transportation hubs are not equipped to support the increased density. This can result in an increase
in traffic caused by taxis, rideshare companies, and personal-use vehicles.
g. Contextual Inconsistencies with surrounding community
h. Environmental - part of the development site is a brownfield and dangerously close to an
established flood zone.
i. Displacement - Project will result in the further displacement of Harlem residents who can no
longer afford to live in the community and accelerate the gentrification of the community.
j. Community Benefits presented do not adequately meet the needs of the community, fail to
concretely outline measurable, targeted goals, and do not include formal plans for oversight and
methods of accountability that are legally binding and enforceable.
k. The site is in poor condition and requires revitalization.
WHEREAS, on January 29, 2025, The Executive Committee voted _16 Yes, 7 No, 1 Abstention, and
_1 Recusal to approve the application with conditions.
WHEREAS, on February 5, 2025, at the General Board Meeting, the Board did not approve the
recommendations of the Executive Committee, with 17 Yes, 17 No, 1 Abstention, and 1 Recusal.
THEREFORE, BE IT RESOLVED; Manhattan Community Board 10 DISAPPROVED with
CONDITIONS C250119ZMM, N250116ZRM, C250117ZSM, C250118ZSM, and N250119ZCM
applications for zoning map and zoning text amendments, special permits, and CPC certifications to
facilitate the mixed-use development known as One45 for Harlem during the February 5, 2025 General
Board Meeting, the board voted _19 Yes, 10 No, _5 Abstention, and 1 Recusal.
BE IT FURTHER RESOLVED; Manhattan Community Board 10 disapproves the application with the
following conditions:
a. Whereas One45 Lenox LLC is proposing a height of 407 ft for Building A and B, CB 10 strongly
recommends a height of 380 ft as the proposed height significantly exceeds the height of any
development in the surrounding area and will create shadows and interfere with sunlight.
b. Whereas One45 Lenox LLC is proposing a community space with approximately 6,550 sf that is
insufficient for a development of this scale. CB 10 strongly recommends an increase to 15,000 sf
in order to create a diverse space of community-based organizations and non-profit providers that
would deliver comprehensive supports and services to the youth in Central Harlem
c. Central Harlem has a moderate risk of flooding. The One45 for Harlem development site is just
outside of the floodplain. CB 10 strongly recommends the implementation of dry and wet
floodproofing of mechanical systems and living spaces consistent with NYC’s Zoning for Coastal
Flood Resiliency in order to mitigate future flooding in the area.
d. Whereas One45 Lenox LLC is proposing 40 below grade parking spaces in Building A, they did
not provide any definitive explanation regarding the assignment of these parking spaces. CB 10
strongly recommends that the development team outline use and designation of parking spaces.
e. All permanently affordable units should be equally distributed throughout both buildings to ensure
equity in design, and to prevent stigma and bias.
f. All tenants should have the same access to all building amenities.
g. The development of a comprehensive, legally binding and enforceable Community Benefits
Agreement.
BE IT FURTHER RESOLVED; Manhattan Community Board 10 recommends the following:
a. Securing pro-bono legal representation to work with community board, Harlem residents, and local
organizations to create a legally binding and enforceable community benefits agreement.
b. One45 Lenox LLC to create a fund to financially support the various elements to be outlined in the
community benefits agreement that will be created with the community board, community
stakeholders, and elected officials. A percentage of revenue from the banquet hall should be used
to fund aspects of the Community Benefits Agreement.
c. Including more specific, measurable targets and goals and timeline for results in the community
benefits agreement.
d. Increase the amount of community space to 15,000 sf in order to support comprehensive
programming for youth and their families. Reduce the amount of retail space throughout the
development site in order to increase the amount of community space
e. Outline measurable, targeted goals for the youth internship and mentorship initiative that includes
the number of youth to be served, the length of the program, the scope of services, and the list of
committed partners.
f. Community benefits should include technology that brings economic opportunities, education,
healthcare, digital inclusion, civic engagement, and empowerment to the community.
g. Increase the percentage of local hiring from 10% to 50%. While Positive Workforce will train
some residents on various jobs, One45 Lenox LLC should engage other companies with a
successful track record of hiring local residents.
h. Hire a MWBE for construction and a Harlem based business to market and manage One45 for
Harlem.
i. Outline the brownfield remediation efforts for the site and return to the community board to provide
periodic updates.
j. One45 Lenox LLC to acknowledge that the creation, operation and maintenance of a truck stop
along the West 145th Street corridor has had a negative impact on the members of that community
suffering from respiratory illnesses such as Asthma, and to create a fund to support the study and
remediation of the same.
k. Outline plans to mitigate the environmental impacts during the construction phase such as increased
dust, noise, and traffic congestion.
l. Include green spaces and/or environmental amenities which are critical to community health
especially in light of historic health disparities and injustices.
m. Although the development is just outside of the floodplain, the development site should include all
wet and dry floodproofing options identified in NYC’s Zoning for Coastal Flood Resiliency as
Central Harlem has a moderate risk for flooding in this area.
n. Representatives of One45 Lenox LLC will return to the Land Use Committee throughout the
project to provide quarterly updates on the progress and how the developer is tracking against
benchmarks for housing units, rents/affordability, and metrics outlined in the Community Benefits
Agreement.
BE IT FURTHER RESOLVED, if funding is secured from NYC and/or any other government program
to develop the enhanced affordability plan, Manhattan Community Board 10 demands the following:
1. Concern Housing and West Harlem Group Assistance, Inc. should return to the Manhattan
Community Board 10 to review development plans and solicit further input from the community
as to its supportive and affordable housing needs and the overall planned project during its further
planning stages and once funded and/or approved.
2. At least one representative from both Concern Housing and West Harlem Group Assistance, Inc.
will serve as a member of the One45 Community Advisory Partners.
3. Concern Housing and West Harlem Group Assistance, Inc. will adhere to the same Hire Harlem
parameters as One45 Lenox LLC (at minimum 10% and ideally 50% of those involved in the
construction and ongoing operation of the project will come from Harlem).
4. Concern Housing and West Harlem Group Assistance, Inc. should outline the location of the
amenities previously mentioned in the development and provide clarity regarding use of the
Community Center.
5. One45 Lenox LLC, Concern Housing and West Harlem Group Assistance, Inc. will ensure that
supportive and affordable units are distributed throughout both buildings in the development.
6. Outline plans to mitigate the environmental impacts during the construction phase such as increased
dust, noise, and traffic congestion.
7. Concern Housing and West Harlem Group Assistance, Inc. will maintain communication with the
community board throughout the development of the project to ensure that proposed elements of
the project are completed.
8. Establish an independent oversight committee composed of the community board, Harlem
residents, local organizations, and elected officials to monitor and evaluate commitments made
under the CBA.",0,21,1,regex_single_resolution
c59441b6-0cbf-47e1-8866-8d3b337765d8,c967e90c-9ed3-515d-af61-9f13b40ae184,MCB10,https://cbmanhattan.cityofnewyork.us/cb10/wp-content/uploads/sites/11/2025/05/MCB10_Resolution-Condemning-Federal-Law-Enfocement-Raids-and-Affirming-Support-for-Immigrant-Communities_Final.pdf,2025-05-01,1,Resolution Condemning Federal Law Enforcement Immigration Raids and Affirming,"Resolution Condemning Federal Law Enforcement Immigration Raids and Affirming
Support for Immigrant Communities
WHEREAS, the United States has a long history of being a beacon for immigrants seeking safety,
opportunity, and freedom, and this diversity has been an essential component of the nation’s
identity and strength; and
WHEREAS, Harlem has historically served as a sanctuary for diverse communities, including
African Americans during the Great Migration, immigrants from the Caribbean, Latin America,
and Africa, and others who sought refuge and opportunity in its vibrant and welcoming
neighborhoods; and
WHEREAS, Manhattan Community Board 10 recognizes the historical injustices perpetrated
against Indigenous peoples, including the theft of their lands, and acknowledges that no human
being is ""illegal"" on stolen land; and
WHEREAS, policies and measures such as Immigration and Customs Enforcement (ICE) and
other Federal Law Enforcement raids instill fear and uncertainty within immigrant communities,
undermining public safety, trust, and the cohesive social fabric that binds our diverse communities
together; and
WHEREAS, the current Federal raids authorized by the President of the United States further
perpetuate a culture of fear, discrimination, and marginalization among immigrant communities,
particularly targeting communities of color; and
WHEREAS, Manhattan Community Board 10 recognizes that creating an environment of
inclusion, understanding, and protection is fundamental to the wellbeing of Harlem’s residents and
its continued role as a cultural and historical hub for people of all backgrounds; and
WHEREAS, the right to legal representation, due process, and humane treatment are enshrined in
the principles of justice that this nation upholds; and
WHEREAS, Manhattan Community Board 10 acknowledges its role as a voice for the community
in advocating for policies and practices that protect and empower all residents, regardless of
immigration status;
THEREFORE, BE IT RESOLVED, that Manhattan Community Board 10 condemns the
Immigrant raids that are being carried out by Federal Law Enforcement launched by the President
of the United States and any measures that perpetuate a culture of fear, marginalization, and
injustice within immigrant communities; and
BE IT FURTHER RESOLVED, that Manhattan Community Board 10 will work in collaboration
with coalitions and organizations advocating for immigrant rights to ensure that members of our
community are informed and educated about their legal rights; and
BE IT FURTHER RESOLVED, that Manhattan Community Board 10 stands united with the
Harlem community to protect and uplift all its residents, fostering a spirit of inclusion, solidarity,
and justice; and
BE IT FURTHER RESOLVED, that Manhattan Community Board 10 reaffirms Harlem’s legacy
as a diverse and inclusive sanctuary for all and will continue to support measures that uphold the
dignity, rights, and humanity of every individual in our community.
Manhattan Community Board 10 voted unanimously in-support of this resolution during the
February General Board on February 5, 2025 with 36 Yes, 0 No , 0 Recusals 0 Abstentions",0,8,1,regex_single_resolution
6630d457-b536-4c80-bcb8-f92bfdb3edbd,0780fb95-4a19-50fa-8e12-aeb0afa2df1d,MCB10,https://cbmanhattan.cityofnewyork.us/cb10/wp-content/uploads/sites/11/2025/05/Medilink-NYC-Parks_Community-Benefits-Agreement_02.2025_MCB10.pdf,2025-05-01,1,"February 18, 2025","February 18, 2025
Manhattan Borough President Mark Levine
1 Centre Street, 19th Floor
New York, NY 10007
Dear Borough President Levine,
Manhattan Community Board 10 is writing in recommendation of the development of a
Community Benefits Agreement (CBA) on behalf of the Brigadier General Charles Young
Playground and the MEDILINK Concierge Healthcare For All facility located at 685 Malcolm X
Boulevard, which is directly across the street from the park. The facility has expressed willingness
to provide pro-bono emergency medical services to youth who may experience a medical
emergency or sports injury as a result of participating in a sports activity while playing in the
Brigadier General Charles Young Playground.
MEDILINK Concierge Healthcare For All utilizes MedPod technology to provide in-clinic
or on-site patient-centric clinical care. Administration of the state-of-the-art futuristic medical care
is designed to enhance the patient experience, provide better access to care, monitor patient data
in a scalable way, all by leveraging the power of telediagnostics. A true 360 telemedicine approach
increasing access to care, anywhere. Medpod offers hardware software and clinical services that
help providers extend healthcare access points further into communities and especially into the
patients home. We aim to help practices save time and money while improving experiences for
both patients and providers, alike.
Such a CBA would be of great benefit to the CB 10 Community as we anticipate extremely
high and robust utilization of the newly renovated Brigadier General Charles Young ball-field; Cal
Ripken, Sr. Foundation “Field of Dreams”, scheduled for completion in September 2025. The
multi-sport artificially turfed field will accommodate baseball, football, soccer, rugby, and
lacrosse. We are asking for the support of your offices in this effort and look forward to your reply.
Best Regards,
Hon. Marquis Harrison Hon. Karen Horry
Chairperson Chair
Manhattan Community Board 10 Parks and Recreation Committee",0,0,0,regex_single_resolution
95726706-4b37-467f-b9eb-6bbc63a6f2eb,219c3027-1431-5962-b60e-506ff0d20b8b,MCB10,https://cbmanhattan.cityofnewyork.us/cb10/wp-content/uploads/sites/11/2025/05/Final-CB10-Letter_130-West-131st-Street-LPC-Application.pdf,2025-05-01,1,"February 5, 2025","February 5, 2025",0,0,0,regex_single_resolution
1e26a4ed-8f7d-4e97-9b48-ee9a80ff412f,4d4975ab-7a3d-5a99-b5c9-5f6a26b31e99,MCB10,https://cbmanhattan.cityofnewyork.us/cb10/wp-content/uploads/sites/11/2025/05/271-West-138th-Street-LPC-Application.pdf,2025-05-01,1,"February 21, 2025","February 21, 2025",0,0,0,regex_single_resolution
dd53102a-7aa8-41c1-ac46-187ef6b3e381,b17ce073-357e-5c53-b3f0-72d7d8d8ee79,MCB10,https://cbmanhattan.cityofnewyork.us/cb10/wp-content/uploads/sites/11/2024/11/Final_Brigadier-General-Charles-Young-Playground-Ball-Field-Permit-Policy-1.pdf,2024-11-01,1,RESOLUTION: BRIGADIER GENERAL CHARLES YOUNG PLAYGROUND BALL FIELD PERMIT POLICY,"RESOLUTION: BRIGADIER GENERAL CHARLES YOUNG PLAYGROUND BALL FIELD PERMIT POLICY
WHEREAS Brigadier General Charles Young Playground (6.42 acres and Park ID:M186) is located on West 143rd,
West 144th and West 145th Streets along Lenox Avenue/Malcolm X Boulevard to the Harlem River Drive in the
Borough of Manhattan in Community Board 10; and
WHEREAS The 133,000-square-foot dirt field is being converted to a synthetic turf field and will accommodate
five sports; baseball, football, soccer, rugby and lacrosse. The Brigadier General Charles Young Playground Ball
Field is located inside of Brigadier General Charles Young Playground; and
WHEREAS NYC Parks advises that there is a high demand anticipated for use of the ball field by outside groups.
Manhattan Community Board 10 supports the community-based recommendation that New York City Parks reset the
permits to zero for the application permit process for the newly constructed multi-sport Brigadier General Charles
Young Playground ball field and that local community youth organizations, having been historically marginalized due to
grandfathering of permits, decades of poor park conditions and safety issues, be prioritized in the NYC Parks permit
application process for the use of the aforementioned; and
WHEREAS Across the country the Cal Ripken, Sr. Foundation teams up with communities and organizations to build safe
places for at-risk youth. The Foundation’s team helps to raise funding, design, and build three kinds of synthetic turf, low-
maintenance facilities: Regulation-size, youth, and collegiate-level baseball fields, multipurpose parks, with baseball and
large general-use fields, adaptive fields especially for those kids with special needs. To date, over 602,000 at-risk youth
have access to recreational, educational, and athletic experiences at one of the 120 Youth Development Parks in 27 states
and Washington, .C. These new fields inspire a renewed sense of community pride, prompting neighbors to maintain their
park’s integrity, and even refurbish other spaces. Brigadier General Charles Young ball field will be the 121st such facility;
and
WHEREAS The playground, originally opened September 1944, is named for Brigadier General Charles Young.
Brigadier General Young was an American military hero, diplomat, and cartographer who became the third African
American to graduate from West Point in 1884. The park was renamed from Colonel Charles Young Playground after the
posthumous promotion of Charles Young to Brigadier General Charles Young in 2022; and
WHEREAS Mrs. Odessa Simms; wife, mother, grandmother and longtime resident was tragically struck by a stray bullet
in 2016 after a shooting broke out as a result of a illegal formed flash crowd. The death of Mrs. Simms galvanized the
community resulting in the escalation of efforts to improve the playground safety which had begun in 2014; and
WHEREAS A partnership of funding NYPD investing asset forfeiture, former Manhattan Borough President Gale Brewer
the CC Sabathia PitCCh In Foundation, Major League Baseball, Cal Ripken, Sr. Foundation, coupled with the advocacy of
community stakeholder partners who put together their resources to transform this vital community space; and
WHEREAS Four basketball courts are now restored to mint condition at the Brigadier General Charles Young
Playground and a brand-new soccer pitch was installed as the result of the New York City Soccer Initiative (NYCSI)
partners—the Mayor’s Fund to Advance New York City, NYC Parks, New York City Football Club (NYCFC), the U.S.
Soccer Foundation, Adidas, and Etihad Airways in 2021; and
WHEREAS NYC Parks presented design plans for the Brigadier General Charles Young Playground Comfort Station
Reconstruction project to the Parks and Recreation Committee, to garner community feedback on the proposed plans, on
May 11th 2022; and
WHEREAS The Brigadier General Charles Young Playground Comfort Station Reconstruction capital project has a
budget of $2,500,000 and is fully funded; and
WHEREAS According to the 2021 Citizens Committee for Children, CB10 ranked 13 out of 59 districts across six
domains of child well-being—Economic Security, Housing, Health, Education, Youth, and Family & Community. 15% of
students who reside in CB10 are homeless. Families with children entering shelters in CB 10 has increased by 51%
according to the Institute for Children, Poverty & Homelessness (ICPH). 56% of single mothers with children under five
live in poverty in NYC Council District 9. CB10 has 21 family shelters which is 58% of Manhattan shelters and 6% of
shelters citywide. The CB10 community requires programming and associated materials in local area parks to improve
outcomes for these at-risk children; and
WHEREAS City parks increase community engagement and reduce crime. Planning and programming that engages
residents in the design and of their local parks fosters a sense of community and helps ensure that the parks reflect
the needs of the community. Community involvement and greening of vacant urban land, for example, has been
shown to decrease crime and generate additional support for nearby park projects1; and
WHEREAS Manhattan CB 10 recommends that NYC Parks make all of the findings required in the applicable permit
process with respect to each permit use, and discern whether the hazards or disadvantages to the community-at-large
through the location of such use at the particular site are outweighed by the advantages to be derived by the community
from the grant of such permit use; and
WHEREAS New Applicant(s) are: (1) those applicant(s) that received permits for the previous year or season, and wish to
apply for a different number of hours, or a different number of ball fields or courts at the same location for which a permit
was held in the previous year or season; (2) applicant(s) who have never sought permits for the use of a particular ball field
or court before; or (3) Returning Applicant(s) who include new or additional requests in their permit application(s) are
treated as New Applicant(s) for such new or additional permit requests; and2
WHEREAS Returning Applicant(s) are those applicant(s) requesting the same number of hours, and number of
ballfields or courts at a location as they received under permit(s) for the previous year or season; and
WHEREAS NYC Parks reserves the right to determine appropriate recreational usage for NYC Parks ball fields and
courts. Per NYC Parks, permits are issued for the use of individual ballfields or courts designed for a specific sport, (e.g.,
baseball or soccer) at any time during the year. Ballfields that are designed to host a variety of sports will be allocated as
follows:
• during the spring/summer season priority will be given to applications for bat and ball sports such as baseball and
softball and including but not limited to cricket, and
• during the fall/winter seasons priority will be given to sports played on rectangular ballfields, such as football and
soccer.
• The Department may consider an out-of-season permit application for ballfields that are designed to host a variety of
sports (e.g., baseball in the fall, soccer in the spring) provided there are not qualified applicants for the priority seasonal
uses set forth above.
• Permit holders granted permits for out-of-season use will not be treated as a Returning Applicant should they apply the
year following the issuance of an out-of-season permit.
• No grass ballfields will be available during the winter season; and
WHEREAS NYC Parks makes every effort to fairly accommodate as many requests for fields and courts as possible for
each season. Because thousands of requests, many for the same fields and times, NYC Parks attempts to distribute permits
e quitably. The order of distribution of field permits, from highest to lowest priority, is as follows:
1. Field and court requests made by applicants who are part of a youth league
2. Field and court requests made by applicants who are part of an official school league
3. Field and court requests made by applicants who are returning customers
4. Field and court requests made by applicants who are applying within the optimal season request period
5. All other field and court requests
Priority Sports - Multipurpose Fields
Fields that are designed to host a variety of sports will be allocated as follows:
• During the spring/summer season, priority will be given to applications for bat and ball sports such as baseball
and softball and including but not limited to cricket
• During the fall/winter seasons priority will be given to sports played on rectangular ballfields, such as football
and soccer
1 https://cityparksalliance.org/about-us/why-city-parks-matter/
2 https://www.nycgovparks.org/rules/section-2-12
NYC Parks may consider out-of-season permit applications for ballfields that are designed to host a variety of sports
(e.g., baseball in the fall, soccer in the spring), so long as there are no qualified applicants for the priority seasonal uses.
Permit holders granted permits for out-of-season use will not be treated as a Returning Applicant should they apply the
year following the issuance of an out-of-season permit.3
WHEREAS Manhattan Community Board 10 voted unanimously to support the Resolution for the renovation of
the Brigadier General Charles Young Playground ball field on October 5th, 2016; and
WHEREAS The 2016 Manhattan Community Board 10 Resolution stipulated that permits for usage of the Colonel
Charles Young Playground ball field, (now known as Brigadier General Charles Young Playground ball field), be issued
by the NYC Parks Department with priority given to athletic activity programs for local area youth; and
WHEREAS The multi-purpose upgrade of the Brigadier General Charles Young Playground ball field to accommodate
baseball, football, soccer, lacrosse and rugby, will provide a local area option for local schools, youth and little league
sports groups for practice so they will not have to incur unnecessary expense or time to travel to remote locations
outside of the community; and
WHEREAS The funding of the reconstruction of the Brigadier General Charles Young Playground ball field is
primarily funded by Forfeiture Asset funds ( $7.5 million of the total $9 million) which are explicitly dedicated to
providing resources and opportunities for children in underserved communities; and
WHEREAS A survey to assess the needs of the more than 35 local schools, youth and little league sports groups
to determine time and scheduling accommodations is available; and
WHEREAS The Field of Dreams ball field is expected to be completed by the end of November of 2024; and
WHEREAS on October 9th, 2024 Bruce Lincoln (Uptown Lacrosse) and Elijah Brooks (Youth On The Move) presented
to the Parks and Recreation Committee which had quorum and voted unanimously: 7 yes, 0 no, 0 abstentions and 0
recusals; to support the policy recommendations; and
WHEREAS on October 30th, 2024 the Executive Committee had quorum and voted: yes, no,
_ _ a bstentions and r ecusals; and
WHEREAS on November 6th, 2024 the General Board had quorum and voted: yes, no, abstentions and
_ __ recusals to supp ort the project; and
THEREFORE NOW be it resolved that Manhattan Community Board 10 supports the community-based
recommendation that New York City Parks reset the permits to zero for the application process for permits for the use of
the newly constructed, multi-sport Brigadier General Charles Young Playground ball field; and
FURTHER BE IT RESOLVED that Manhattan Community Board 10 on November 6, 2024 voted unanimously in
support to recommend with 36 Yes, 0 No, 0_Abstentions, 0 Recusals; that the local community youth
organizations, which have been historically marginalized due to grandfathering of permits, decades of poor park conditions
and safety issues, be prioritized in the NYC Parks permit application process for use of the Brigadier General Charles
Young Playground ball field.
3 https://www.nycgovparks.org/permits/field-and-court/request/priorities",0,26,1,regex_single_resolution
9a323bd5-6103-4c7c-9f82-af2213321a5c,18bbf34a-ffbb-57d4-83e4-827df6e26a0b,MCB10,https://cbmanhattan.cityofnewyork.us/cb10/wp-content/uploads/sites/11/2024/11/Final_Resolution_-Renaissance-Casino-Sidewalk-Commemoration_CB10-2.pdf,2024-11-01,1,Resolution To Support the Renaissance Casino Sidewalk,"Resolution To Support the Renaissance Casino Sidewalk
Commemoration
WHEREAS The Black Fives Foundation is seeking consideration for usage of sidewalk
fronting the former Renaissance Casino Site at West 138th Street and Adam Clayton Powell
Jr. Blvd to honor and commemorate the pioneering New York RENs Historic African American
Basketball Team; and
WHEREAS The mission of the Black Fives Foundation is to inspire excellence in youth by
preserving, teaching, and honoring the pre-NBA history of African Americans in basketball by
advocating tirelessly for their proper recognition; and
WHEREAS The Black Five Foundation is committed to the basketball community and Harlem-
at-large, to the pioneers and to their descendants to preserve this history; and
WHEREAS The Black Five Foundation met with the Department of Transportation and discussed
the city’s need to (1) protect itself against the potential future neglect or abandonment of the
project, (2) future maintenance, (3) place funds in escrow, and (4) have the design conform with
the urban context of the existing sidewalk and area; and
WHEREAS The Black Five Foundation is open to other venues of physical commemoration
alternatives; and
WHEREAS 2023 marks the 100th anniversary of the founding of the New York Rens in
1923, and their first season during 1923-1924; and
WHEREAS The New York Rens as well as other teams, players, and pioneers from the
Black Fives Era are featured in detail in the book, The Black Fives: The Epic Story of
Basketball’s Forgotten Era (Abrams, 2022); and
WHEREAS The New York Rens were the first Black-owned, all-Black, fully professional
basketball team in history, formed in Harlem in October 1923. That year, basketball manager
Robert “Bob” Douglas made a deal with Harlem real estate developer William Roach, the
owner of the Renaissance Casino, a newly opened ballroom; and
WHEREAS Mr. Douglas previously owned and managed an African American basketball team
called the Spartan Braves, which was a leading contender for the Black national championship
title. His basketball club had no home court. The Renaissance Ballroom, with its perfect
location in the center of Harlem, its spacious floor, and its balcony seating that looked down
from above, would be the ideal venue; and
WHEREAS By 1924-1925 the “Rens” had won the first of many Colored Basketball World
Championships and thereafter proceeded to dominate not just Black basketball, but all of
basketball for the next 25 years. During that period, the Rens routinely beat championship-
caliber White basketball teams such as the Original Celtics, the Philadelphia SPHAS, the
Oshkosh All Stars, and the Indianapolis Kautskys. The irony is that the leagues in which these
teams played did not allow African American players or teams to join; and
WHEREAS In 1939, the New York Rens won the inaugural World Championship of
Professional Basketball, an invitation-only tourney with a field made up of America’s twelve
best pro hoops teams. The title game saw the Rens defeating the Oshkosh All Stars. Oshkosh
had been the champion of the National Basketball League, a Whites-only league; and
WHEREAS The Black Five Foundation presented before the Parks and Recreation Committee
on October 9th, 2024 where the Committee voted unanimously; On November 6, 2024,
Manhattan Community Board 10 voted with 36 Yes, 0 No, 0_Abstentions, 0 Recusals;
and
THEREFORE NOW be it resolved that Manhattan Community Board 10 supports the
recommendation to honor and commemorate the pioneering New York Rens, a Historic
African American Basketball Team through the installation of a sidewalk commemoration
fronting the former Renaissance Casino Site at West 138th Street and Adam Clayton Powell
Jr. Blvd.",0,12,1,regex_single_resolution
cda1e6e0-2ade-4227-8cda-1cb00cabd56f,90b4c86b-a63a-5634-a5a1-7cbbd6807f4e,MCB10,https://cbmanhattan.cityofnewyork.us/cb10/wp-content/uploads/sites/11/2024/11/CB10-FINAL-SLA-LETTER-HARLEM-THE-ROW-NOVEMBER-112024.docx-1.pdf,2024-11-01,1,"November6,2024","November6,2024
Hon. Edgar DeLeon
Commissioner
New York StateLiquor Authority
80S. SwanStreet, 9thFloor
Albany,New York, 12210-8002
RE: HARLEM THE ROW (#1312486)
Dear CommissionerDeLeon,
Please be advised on November 6, 2024, Manhattan Community Board 10’s General Board
voted to approve HARLEM THE ROW (RenewalApplication) received on9/10/2024 type(s)of
alcohol sold or to be sold: Wine, Beer & Cider. Thisbusinessis locatedat142Edgecombe Ave,
New York, NY10030
Motion toApprove: 34YES 0NO 0ABSTENTIONS 0RECUSALS",0,0,0,regex_single_resolution
14b4783d-5895-40d2-ab81-57fb836fc3ee,ad120c9a-1d6d-5d38-aa09-a33aaa93fb9e,MCB10,https://cbmanhattan.cityofnewyork.us/cb10/wp-content/uploads/sites/11/2024/11/FINAL-SLA-LETTER-RED-ROOSTER-HARLEM-NOVEMBER-112024.docx-1.pdf,2024-11-01,1,"November6,2024","November6,2024
Hon. Edgar DeLeon
Commissioner
New York StateLiquor Authority
80S. SwanStreet, 9thFloor
Albany,New York, 12210-8002
RE: RED ROOSTER HARLEM ( 1246695/1262325/1256852)
Dear CommissionerDeLeon,
Please be advised on November 6, 2024, Manhattan Community Board 10’s General Board
voted to approve RED ROOSTER HARLEM (Renewal Application) received on 9/25/2024
type(s) of alcohol sold or to be sold: Wine, Beer & Cider. This businessis locatedat 310Lenox
Ave,New York, NY10027
Motion toApprove: 34YES 0NO 0ABSTENTIONS 0RECUSALS",0,0,0,regex_single_resolution
17d43d78-9369-4cd8-bceb-d2be5f6c9de7,28ca4fea-f8f4-5b16-bc4d-11e5e98e48a5,MCB10,https://cbmanhattan.cityofnewyork.us/cb10/wp-content/uploads/sites/11/2024/11/CB10-FINAL-SLA-LETTER-TAQUERIA-ALLENDE-NOVEMBER-112024.docx-1.pdf,2024-11-01,1,"November6,2024","November6,2024
Hon. Edgar DeLeon
Commissioner
New York StateLiquor Authority
80S. SwanStreet, 9thFloor
Albany,New York, 12210-8002
RE: TAQUERIA ALLENDE
Dear CommissionerDeLeon,
Please be advised on November 6, 2024, Manhattan Community Board 10’s General Board
voted to approve TAQUERIA ALLENDE (New Application) received on 9/23/2024 type(s) of
alcohol sold or to be sold: Wine, Beer & Cider. This business is located at 2100 Frederick
DouglasBlvd., NewYork, NY 10026
Motion toApprove: 34YES 0NO 0ABSTENTIONS 0RECUSALS",0,0,0,regex_single_resolution
4c286217-33bf-4493-bcf0-7a8ecb03b2e5,31d01200-fbfb-5ef0-95b2-067a27b90715,MCB10,https://cbmanhattan.cityofnewyork.us/cb10/wp-content/uploads/sites/11/2024/10/Resolution-Swedish-Cottage-Roof-Restoration-Parks-Recreation.pdf,2024-10-01,1,Resolution - Swedish Cottage Roof Restoration,"Resolution - Swedish Cottage Roof Restoration
WHEREAS, The Swedish Cottage is located in Central Park at West 79th Street & The West Drive in
Manhattan; and
WHEREAS The Swedish Cottage is part of the Central Park Scenic Landmark; and
WHEREAS The scope of work is restorative and includes a roof replacement and repairs to the existing
ramp; and
WHEREAS This is a City Capital Project managed by the Historic House Trust and NYC Parks. (Central
Parks Conservancy is aware of the work); and
WHEREAS The work presented to Manhattan Community Board 10 is only the portion that requires review
by the Landmarks Commission at a public hearing. This proposed work is being done in conjunction with a
full exterior building restoration and roof replacement; and
WHEREAS The NYC Parks Architectural Conservator Historic Houses presented before the Manhattan CB
10 Parks and Recreation Committee on September 11th, 2024; and
WHEREAS The scope of work presented to Manhattan Community Board 10 includes:
• Replacement of the existing wood railings and balustrades with new bronze metal railings throughout
all exterior stairs and ramp.
o The bronze metal railings will be installed at the repaired and restored existing wood posts.
Metal has been selected for its strength, longevity, and easy of maintenance. It will allow for
a more minimal profile of railing than wood that will be less visually impactful than the
existing. The existing wood railing and balustrades are not historic and date to the 1980s
restoration.
• Installation of two ground-set flag poles adjacent to the ramp at the North Façade.
o One aim of this project was to fly the Swedish flag. To meet the requirements for flying a
foreign country flag two poles are needed for every installation, one for the US and one for
the other country. The flag poles are a standard size (25’), will be bronze finished, and will sit
below the height of the roof ridge to lessen their visibility and impact on the historic building.
A visibility study is included in the presentation. The flag poles will be installed following
the NYC Parks standards and will require DOB and PDC review; and
WHEREAS NYC Parks anticipate that construction is expected to be completed in ______. The
Conservancy is working with NYC Parks to develop a plan to minimize inconvenience and to identify interim
locations for existing programs during the construction period; and
NOW, THEREFORE BE IT RESOLVED that during the October 2, 2024 General Board Meeting,
Manhattan Community Board 10 voted unanimously to support the effort of New York City Parks to upgrade
the landmarked Swedish Cottage, located in Central Park, through restoration which will include roof
replacement and repairs to the existing ramp.
052024",0,8,1,regex_single_resolution
86f393f8-56bc-4aa5-aef8-d2577b6cabb5,9901d56c-ecd6-5093-a021-fedc3cff7a35,MCB10,https://cbmanhattan.cityofnewyork.us/cb10/wp-content/uploads/sites/11/2024/11/FINAL-SLA-LETTER-Hot-Pot-Under-De-Tree-Inc-Patricks-Place-October-2024-Updated.pdf,2024-11-01,1,"October2,2024","October2,2024
Hon. Edgar DeLeon
Commissioner
New York StateLiquor Authority
80S. SwanStreet, 9thFloor
Albany,New York, 12210-8002
RE: HotPot UnderDeTree, Inc(dba -Patrick’s Place) -Serial No. 1299057
Dear CommissionerDeLeon,
ManhattanCommunity Board10’s GeneralBoardvoted onOctober2,2024towaive the30-day
waiting period in support of the applicant, Hot Pot Under De Tree, Inc. - dba Patrick’s Place
(Renewal) application for Liquor, Wine, Beer & Cider. This business is at 2835 8th Avenue
(Between W.151stStreet &W.152ndStreet).
Motion toapprove: 34Yes -0No - 0Abstentions",0,0,0,regex_single_resolution
76e85476-89e6-404c-8ff9-c933eee5c556,ae54b762-aae8-52c3-b649-0d752db924b8,MCB10,https://cbmanhattan.cityofnewyork.us/cb10/wp-content/uploads/sites/11/2024/11/Final_-RESO.-DR.-MAYA-ANGELOU-STREET-CO-NAMING-RESOLUTION.pdf,2024-11-01,1,DR. MAYA ANGELOU STREET CO-NAMING RESOLUTION: TO SUPPORT,"DR. MAYA ANGELOU STREET CO-NAMING RESOLUTION: TO SUPPORT
THE CO-NAMING OF 120th STREET BETWEEN MALCOLM X
BOULEVARD AND 5th AVENUE TO DR. MAYA ANGELOU PLACE
WHEREAS, Manhattan Community Board 10 recommends the co-naming of West120thStreet
between MalcolmXBoulevard and5thAvenue toDr.Maya AngelouPlace;and
WHEREAS, Dr.MayaAngelouwas thehomeownerof 58W.120thStreet; and
WHEREAS, Maya Angelou, born Marguerite Annie Johnson; (April 4, 1928 – May 28, 2014)
was an American poet, singer, memoirist, and civil rights activist. As an author, she published
seven autobiographies, three essays, and several poetry books, and was credited with a list of
plays, movies, and television shows spanning over 50 years. Shereceived dozens ofawardsand
more than 50 honorary degrees. Dr. Angelou is best known for her series of seven
autobiographies, which focus on her childhood and early adult experiences. The first; I Know
Why the Caged Bird Sings (1969), tells of her life up to the age of 17, broughther international
recognition andacclaim;and
WHEREAS, Dr. Angelou met novelist John Oliver Killens in 1959 and, at hisurging, movedto
New York to concentrate on her writing career. She joined the HarlemWriters Guild,where she
met several major African-American authors, including John Henrik Clarke, Rosa Guy, Paule
Marshall, and Julian Mayfield, and was published for the first time. In 1960, after meetingcivil
rights leader Martin Luther King Jr. and hearing him speak, she and Killens organized ""the
legendary"" Cabaret for Freedom to benefit the Southern Christian Leadership Conference
(SCLC), and she was named SCLC's Northern Coordinator. Scholar Lyman B. Hagen said her
contributions to civil rights as a fundraiser and SCLC organizer weresuccessful and""eminently
effective"". Dr. Angelou also began her pro-Castro and anti-apartheid activism during this time;
and
WHEREAS, In 1961, Angelou performed in Jean Genet's play The Blacks, along with Abbey
Lincoln, James Earl Jones, Louis Gossett, Godfrey Cambridge, and CicelyTyson. Alsoin1961,
shemet South Africanfreedom fighterVusumziMake;they neverofficiallymarried.Sheandher
son Guy moved with Make to Cairo,where Angelouworked asan associateeditoratthe weekly
English-languagenewspaperTheArab Observer; and
WHEREAS, In Accra, Dr. Angelou became close friends withMalcolm X duringhis visitinthe
early 1960s. She returned to the U.S. in 1965 to help him build a new civil rights organization;
the Organization of Afro-American Unity. Malcolm X was assassinated shortly afterward.
Devastated and adrift, she joined her brother in Hawaii, where she resumed her singing career.
She moved back to Los Angeles to focus on her writing career. Working as a marketresearcher
in Watts, Angelou witnessed the riots in the summer of 1965. She acted inandwrote plays, and
returned to New York in 1967.Shemet her lifelongfriend RosaGuyand renewedherfriendship
with JamesBaldwin,whom shehadmet inParisin the 1950s; and
WHEREAS, Dr. Angelou was asked toorganizeamarch byDr.MartinLuther King,Jr.in 1968,
sadly, Dr. King was assassinated before the event could take place, ironically on her 40th
birthday; Despitehavingalmostnoexperience; and
WHEREAS, Dr. Angelou wrote, produced, and narrated Blacks, Blues, Black!, a ten-part series
of documentaries about the connection between blues music and black Americans' African
heritage, and what Angelou called the ""Africanisms still current in the U.S."" for National
Educational Television, the precursor of PBS. Also in 1968, inspired at a dinner party she
attended with Baldwin, cartoonist Jules Feiffer, and his wife Judy, and challenged by Random
House editor Robert Loomis, she wrote her first autobiography, I Know Why the Caged Bird
Sings,publishedin 1969.Thisbrought her internationalrecognition andacclaim;and
WHEREAS, Dr.Angelou’sChronologyof autobiographiesincludes:
• I KnowWhy theCagedBirdSings (1969):Up to1944(age 17)
• GatherTogether inMy Name(1974): 1944–48
• Singin'andSwingin'andGettin'Merry LikeChristmas (1976):1949–55
• TheHeartof aWoman(1981): 1957–62
• All God'sChildrenNeed Traveling Shoes(1986): 1962–65
• A SongFlung Upto Heaven (2002):1965–68
Mom &Me &Mom (2013):overview; and
WHEREAS, Angelou's long and extensive career also included poetry, plays, screenplays for
television and film, directing, acting, and public speaking. She was a prolific writer of poetry;
her volume, Just Give Me a Cool Drink of Water 'fore I Die (1971) was nominated for the
Pulitzer Prize,and PresidentBill Clintonchose herto reciteher poem ""Onthe Pulseof Morning""
during his inauguration in 1993. Angelou's successful acting career included roles in numerous
plays, films, and television programs, including her appearance in the television mini-series
Roots in 1977. Her screenplay, Georgia, Georgia (1972), was the first original script by a black
woman to be produced, and she was the first African-American womantodirect amajormotion
picture,Down intheDelta,in1998; and
WHEREAS, Jacob Morris presented before the Transportation, Landmarks, and Historic
Preservation Committee on June 11th, 2024 where the Committee voted in-support of the street
co-naming; and
WHEREAS, The Executive Committee voted on August 21st, 2024 to support the resolution;
and, the full Manhattan Community Board 10 voted on October 2nd, 2024 to unanimously
supporttheresolution with 34votes; and
NOW, THEREFORE BE IT RESOLVED, that Manhattan Community Board 10 strongly and
unequivocally recommends the commemoration ofthe distinguishedand renownedlegacyof Dr.
Maya Angelou by honoring her throughthe co-namingof West120thStreetbetween Malcolm X
Boulevard and5th Avenue toDr.Maya AngelouPlace.",0,12,1,regex_single_resolution
fe1c9d80-74eb-4a22-afd5-6780feda2be6,7c8f98c8-d9c7-533e-96c0-d7923d00062e,MCB10,https://cbmanhattan.cityofnewyork.us/cb10/wp-content/uploads/sites/11/2024/11/FINAL-SLA-LETTER-Chocolat-Restaurant-Bar-Harlem-1.pdf,2024-11-01,1,"August 23, 2024","August 23, 2024
Hon. Edgar De Leon
Commissioner
New York State Liquor Authority
80 S. Swan Street, 9th Floor
Albany, New York 12210-8002
Dear Commissioner De Leon,
I am writing to express our support for the applicant, Chocolat Restaurant Lounge
(#1245993 - Renewal), and their application for Liquor, Wine, Beer & Cider. This business
is located at 2217-2223 Frederick Douglass Blvd, New York, NY 10026.
As Chairperson of Manhattan Community Board 10, I have been empowered by our Board’s
bylaws and the Executive Committee to act on behalf of the Board during periods when the
Board is not in session, such as the summer recess. On this basis, I am extending the
Board's support to this application.
This decision is based on the longstanding positive relationship and partnership between
Chocolat Restaurant Lounge, its ownership, and our community. There have been no
reported issues involving law enforcement or 311 complaints related to this business,
further reflecting their commitment to upholding community standards.
Please note that this action is subject to ratification by the full Board at our September
General Board Meeting.",0,0,0,regex_single_resolution
e14101d8-11c5-4376-bc7d-5c363c40a7df,0b8e067d-a39f-5e51-b910-269aaa278291,MCB10,https://cbmanhattan.cityofnewyork.us/cb10/wp-content/uploads/sites/11/2024/11/Afterschool-Funding_City-Elected-Officials_Manhattan-CB10_09.2024.pdf,2024-09-01,1,"September 13, 2024","September 13, 2024
Mayor Eric Adams Councilmember Yusef Salaam
City Hall 250 Broadway, Suite 1776
New York, NY 10007 New York, NY 10007
Speaker Adrienne Adams Manhattan Borough President Mark Levine
New York City Council 1 Centre Street, 19th Floor
City Hall New York, NY 10007
New York, NY 10007
Dear Honorable City Elected Officials,
I am writing on behalf of Manhattan Community Board 10 to urgently bring your attention to a crisis
facing hundreds of families in Central Harlem. As the new school year begins, many families will find
that the afterschool programs their children depend on are no longer available.
Afterschool programs offer vital benefits, including academic support, enhanced social skills, and safe,
supervised environments for children. Despite their importance, these programs have been cut from many
traditional public schools in our community due to changes in the State's funding formula. The Office of
Children and Family Services has consolidated several funding sources into a single Leap Program,
requiring providers to reapply. As a result, many non-profit organizations that previously ran these
programs did not secure funding.
This funding crisis has left families and schools scrambling for safe afterschool options. However, we
believe that the issue extends beyond funding alone. A lack of coordination between New York State and
New York City has exacerbated the problem, leaving children and families in our community without
essential resources.
New York City's Department of Youth and Community Development (DYCD) has not issued a Request
for Proposals (RFP) for afterschool programs in years, and there are no signs that they will do so soon.
Additionally, the Department of Education, a key player in this crisis, has yet to respond or propose
solutions.
We urge you to advocate for the formation of a joint task force, composed of representatives from both
New York State and New York City agencies. This task force should examine the coordination gaps
between state and city efforts and develop a comprehensive plan to address the immediate and long-term
need for afterschool programs in communities like ours. Furthermore, we ask that the task force explore
innovative solutions such as public-private partnerships to ensure sustainable support for afterschool
services.
The stakes are simply too high to delay action. Without these programs, the safety and well-being of our
children are at risk. Afterschool programs provide supervised environments that protect children from
dangerous influences such as gang involvement, substance abuse, and other risky behaviors. They also
alleviate the burden on older siblings and working parents, who otherwise may have to leave their
children unattended or miss work, risking charges of neglect or abuse.
We implore you to act now. The families of Central Harlem need your support to restore these critical
afterschool services that are essential for the development and safety of our children and the well-being of
our working families.
Thank you for your attention to this urgent matter. We look forward to your prompt response and
commitment to addressing this crisis.",0,0,0,regex_single_resolution
75b96f81-4404-4e1e-af33-ed2b8d5aa3d6,c618ca29-3054-5158-b05b-7abe7cf12f74,MCB10,https://cbmanhattan.cityofnewyork.us/cb10/wp-content/uploads/sites/11/2024/11/Afterschool-Funding_NYS-Elected-Officials_Manhattan-CB10_09.2024.pdf,2024-09-01,1,"September 13, 2024","September 13, 2024
Governor Kathy Hochul Senator Cordell Cleare, 30th Senate District
NYS State Capitol Building Legislative Office Building, Room 905
Albany, NY 12224 Albany, NY 12248
Majority Leader Andrea Stewart-Cousins Assemblymember Inez E. Dickens, 70th A.D.
NYS Capitol Building, Rm. 330 Legislative Office Building, Room 734
Albany, NY 12247 Albany, NY 12248
Speaker Carl Heastie Assemblymember Alfred E. Taylor, 71st A.D.
Legislative Office Building Suite 932 Legislative Office Building, Room 602
Albany, NY 12248 Albany, NY 12248
Dear Honorable State Elected Officials,
I am writing on behalf of Manhattan Community Board 10 to urgently bring your attention to a crisis
facing hundreds of families in Central Harlem. As the new school year begins, many families will find
that the afterschool programs their children depend on are no longer available.
Afterschool programs offer vital benefits, including academic support, enhanced social skills, and safe,
supervised environments for children. Despite their importance, these programs have been cut from many
traditional public schools in our community due to changes in the State's funding formula. The Office of
Children and Family Services has consolidated several funding sources into a single Leap Program,
requiring providers to reapply. As a result, many non-profit organizations that previously ran these
programs did not secure funding.
This funding crisis has left families and schools scrambling for safe afterschool options. However, we
believe that the issue extends beyond funding alone. A lack of coordination between New York State and
New York City has exacerbated the problem, leaving children and families in our community without
essential resources.
New York City's Department of Youth and Community Development (DYCD) has not issued a Request
for Proposals (RFP) for afterschool programs in years, and there are no signs that they will do so soon.
Additionally, the Department of Education, a key player in this crisis, has yet to respond or propose
solutions.
We urge you to advocate for the formation of a joint task force, composed of representatives from both
New York State and New York City agencies. This task force should examine the coordination gaps
between state and city efforts and develop a comprehensive plan to address the immediate and long-term
need for afterschool programs in communities like ours. Furthermore, we ask that the task force explore
innovative solutions such as public-private partnerships to ensure sustainable support for afterschool
services.
The stakes are simply too high to delay action. Without these programs, the safety and well-being of our
children are at risk. Afterschool programs provide supervised environments that protect children from
dangerous influences such as gang involvement, substance abuse, and other risky behaviors. They also
alleviate the burden on older siblings and working parents, who otherwise may have to leave their
children unattended or miss work, risking charges of neglect or abuse.
We implore you to act now. The families of Central Harlem need your support to restore these critical
afterschool services that are essential for the development and safety of our children and the well-being of
our working families.
Thank you for your attention to this urgent matter. We look forward to your prompt response and
commitment to addressing this crisis.",0,0,0,regex_single_resolution
50693b4e-23eb-44ac-8893-22714b392693,36438a3e-57e1-5a01-bcbf-7d68380db93b,MCB10,https://cbmanhattan.cityofnewyork.us/cb10/wp-content/uploads/sites/11/2024/08/CB10-City-of-Yes-for-Housing-Opportunity-Final.pdf,2024-08-01,1,Resolution,"Resolution
Manhattan Community Board 10
RESOLUTION: To not support with recommendations the City of Yes Housing Opportunity
Citywide Text Amendment.
WHEREAS, New York City Department of City Planning (hereafter known as DCP) is proposing the
City of Yes for Housing Opportunity Citywide Text Amendment (N240290ZRY) that will implement
changes to expand opportunities for housing within all zoning districts, and across all 59 of the City’s
Community Districts. These changes to the City’s Zoning Resolution are designed to enable more
housing and a wider variety of housing types in every neighborhood, from the lowest-density districts to
the highest, to address the housing shortage and high cost of housing in New York City; and
WHEREAS, the City of Yes for Housing Opportunity Citywide Text Amendment is created to build
more housing throughout the city in order to help address low apartment vacancy rates, the fact that
50% of renters are rent burdened, and there are approximately 93,000 individuals residing in
homeless shelters; and
WHEREAS, there are total of fifteen (15) proposals that will impact low density and medium-high
density communities, and the city at large that Manhattan Community Board 10 must consider:
Low Density (R1-R5 Districts)
1. Town Center Zoning – Re-introduce in areas where the classic building form of a
commercial ground floor with two to four stories of housing above.
2. Transit-oriented Development – Allows for modest 3-5 story apartment buildings on large
lots within a half mile of a subway or rail station.
3. Accessory Dwelling Units (ADUs) – permit ADUs in backyard cottages, garage conversions, and
basement apartments.
4. District Fixes – Give homeowners additional flexibility to adapt their homes to meet family
needs.
Medium – High Density
5. Universal Affordability Preference (UAP) – allow building to add at least 20% more housing if
additional homes are permanently affordable with an average 60% AMI for these units.
Citywide
6. Lift Costly Parking Mandates – eliminates mandatory parking requirements for new buildings
7. Convert Non-Residential Buildings to Housing – make it easier for underused, nonresidential
buildings, such as offices, t be converted into housing.
8. Small and Shared Housing – reintroduce housing with shared kitchens or other common facilities
as well as eliminate strict limits on studios and one-bedroom apartments.
9. Campus Infill – make it easier to add new housing on large sites with 1.5 or more acres that have
existing building on them.
Miscellaneous
10. New Zoning Districts – create new residential districts that require mandatory inclusionary
housing that can be mapped in central areas in compliance with state requirements.
11. Update to Mandatory Inclusionary Housing – allow the deep affordability option (Option 3) to be
used as a standalone.
12. Sliver Law – allow narrow lots to achieve underlying Quality Housing heights in R7-R10 districts
13. Quality Housing Amenity Changes – extend amenity benefits to family-sized apartment buildings
with 9 or more units.
14. Landmark Transferable Development Rights – make it easier for landmarks to sell unused
development rights by transferring radius and simplifying procedure.
15. Railroad Right-of-way – Simplify and streamline permissions for development involving former
railroad rights of way.
WHEREAS, the City of Yes for Housing Opportunity is a dense (~1300 pages) document that will
result in changes to zoning regulations throughout the City DCP facilitated three presentations on
5/16/24 and 5/23/24, and at a public forum on 6/20/24, as well as provided a Q&A documents from
other community boards throughout the city, and:
WHEREAS, Manhattan Community Board 10 Land Use Committee facilitated two public hearings on
5/16/24 and 5/23/24, and public forum on 6/20/24; and
WHEREAS, Manhattan Community Board 10 agrees that the need for housing in the City is urgent, the
committee believes that the type of housing developed as a result would be disproportionately market
rate; and
WHEREAS, on May 23rd, 2024 Manhattan Community Board 10 Land Use Committee voted _4 Yes,
_1_ No, 1 Abstention, and 0 Recusal to not support the City of Yes Housing for Opportunity with
recommendations. The primary concerns of the committee and the community, as well as the
recommendations were as follows:
Universal Affordability Preference (UAP) – this is a voluntary option that developers can use that
will replace the voluntary inclusionary housing option. While this will provide at least 20% more
housing that will be permanently affordable, the UAP requirement should mandate a greater
percentage of affordability (30%) as well as mandate an average AMI of 40% instead of 60%.
Lift Costly City Parking Mandates – the inclusion of parking would be at the discretion of
developers. Parking challenges already exist in Manhattan Community Board 10. Garage parking
is costly and parking on the streets is limited due to a variety of reasons. As the City of Yes for
Housing Opportunity eliminates parking mandates, the construction of developments in certain
areas of the community, such as the previously proposed One45 project, would place an even
greater strain on existing transportation hubs.
Small and Shared Housing - while this will support households of one or two individuals, it does
not address the needs of families. Eliminating limits on studios and one-bedroom apartment
might lead developers to create smaller units vs. units for families.
Campus Infill – Manhattan Community Board 10 has various locations throughout the district
that are considered campuses such as our NYCHA developments, Esplanade Gardens, Lenox
Terrace, and the site proposed for the One45 project. It is recommended that any new
development on these campuses should require 50% of the units to be permanently affordable and
an average 40% AMI.
Overarching Concerns
• While more housing is needed throughout the city, the community board believes that
more affordable housing is needed. The City of Yes for Housing Opportunity will result
in the development of a disproportionate number of market rate units. UAP should
require at least 30% permanently affordable units as developers will receive additional
FAR (floor area ratio).
• The City of Yes for Housing Opportunity has an anticipated number of new housing units
that will be produced in the next 15 years but it does not establish mandates/targets for
various communities throughout the city. The City should establish mandates and targets
for creation of new housing throughout the city, and should track progress against these
targets.
• The City of Yes for Housing Opportunity provides significant benefits to developers with
limited guarantees to renters that are financially challenged and rent burdened. It is
recommended that changes to the zoning occur incrementally to allow for the city to
assess their impact and effectiveness. It is recommended that changes outlined in the
City of Yes for Housing Opportunity are implemented in phases.
• The City of Yes for Housing Opportunity is a large amendment that must be reviewed,
discussed, and deliberated by community boards within a 60-day period. Unfortunately,
the amendment does not clearly outline the changes to areas that the community board
currently reviews indicating that some processes will change to a CPC Chair review. The
city should provide a comparative analysis of current community board review areas
versus new or eliminated areas by the City of Yes for Housing Opportunity.
The chart below outlines the committee decisions on each of the proposed actions:
Proposal Support Do Not Requested
Support Modification/Recommendation
Low-Density Not found in CB
Town Center Zoning X
Transit-Oriented X
Development
Accessory Dwelling X
Units
District Fixes X
Medium - High Density found in CB 10
Density
Universal Affordability X Creates 20% affordable units at
Preference (UAP an average of 60% AMI with
additional FAR.
Committee recommends an
increase in the affordability rate
by lowering the AMI average to
40% instead of 60%.
Additionally, increase the
percentage of affordable units
from 20% to 30% because the
rate of market rate to affordable
unit in each new development
that uses UAP will be 80% to
20%. This is a disproportionate
amount of market rate units that
does not meet the needs of the
community and will negative
impact the way in which AMI is
calculated.
Citywide
Lift Costly Parking X Development of parking would
Mandates be at the discretion of the
developer – optional for new
housing. Community already
burdened with finding parking in
the area. Existing parking lots
are costly. Congestion pricing
will have greater impact on the
community as non-CB 10
residents will park their vehicles
in the community in order to
access the various transportation
hubs located in the district.
Convert Non- X CB 10 has no existing buildings
Residential Buildings that are eligible for conversions.
to Housing
Small and Shared X Community is concerned with
Housing the limited number of affordable
units for families.
Campus Infill X CB 10 has many eligible
campuses including the various
NYCHA developments, Lenox
Terrace, Esplanade Gardens, and
the site previously designated for
the One45 project.
It is recommended that any
new development should have a
requirement that includes 50%
of the units to be permanently
affordable at the 40% AMI level.
Miscellaneous
New Zoning Districts X
Update to Mandatory X Option 3 would become a
Inclusionary Housing standalone for rezoning allowing
for 20% affordable units at the
40% AMI. ULURP would still
be required.
Sliver Law X
Quality Housing X Will now require all buildings
Amenity Changes with 9 or more units to provide
at least 3% of FAR amenities
such as laundry room, indoor
recreational space, mail room,
etc.
Landmark Transferable X This would become a CPC Chair
Development Rights certification. All action would
(LDTR) still be approved by the
Landmarks commission.
Railroad Right-of-Way X
NOW THEREFORE, BE IT RESOLVED
Manhattan Community Board 10 does not support the City of Yes for Housing Opportunity
Citywide Text Amendment, with the recommendations listed below. During the June 26th, 2024
meeting, the board voted _32_ Yes, _2__ No, _0___Abstention, and _0__ Recusal.
1. Implementation of the proposed changes should occur incrementally to allow for an assessment
of the impact/effectiveness, as well as the utilization of various options that are provided to
increase housing development such as the Universal Affordability Preference and changes to
requirements in low density communities.
2. Establish mandates/targets to evaluate the impact and effectiveness of the proposed changes.
3. Increase the Universal Affordability Preference to at least 30% instead of at least 20%.
4. Mandate development on campus infills to include 50% of newly developed units to be
permanently affordable at the 40% AMI level.
5. Maintain existing parking requirements.
6. Include affordability mandates in the development of small and shared housing developments.
7. Provide community boards with an outline of existing functions compared to new or eliminated
functions that will be created if the City of Yes for Housing Opportunity is passed.",0,7,1,regex_single_resolution
12cc5782-c06e-4934-b52c-766f4dd73a87,0d706bed-2d68-5e50-beb6-92198a28a499,MCB10,https://cbmanhattan.cityofnewyork.us/cb10/wp-content/uploads/sites/11/2024/08/CB10-Renovation-of-The-Apollo-Theatre-Resolution-2024.pdf,2024-08-01,1,Resolution: To Support Renovation and Restoration of the Historic,"Resolution: To Support Renovation and Restoration of the Historic
Harlem Apollo Theater Lobby, Theater and Upgrade of the Iconic
Apollo Sign
WHEREAS The Apollo Theatre Foundation (ATF) project will upgrade Harlem’s historic Apollo
Theater, located at 253 West 125th Street in Manhattan Community Board 10, through interior
renovations, restorations of the lobby and theater, and upgrade of the iconic marquee sign; and
WHEREAS The full-scale lobby renovation and restoration and marquee upgrade, at a cost of
$50 million, will begin June 2025 and be completed in 2026; and
WHEREAS The Soundstage and the Apollo Stages at the Victoria Theatre, located at 233 West
125th Street, will be used as alternate sites for Apollo Theatre performances during a phased six-
month closure of the Apollo Theater due to the construction work; and
WHEREAS The facade and interior of the theater and marquee are New York City designated
landmarks and are listed on the National Register of Historic Places; and
WHEREAS The nonprofit ATF operates the theater, as well as two smaller auditoriums at the
newly opened Victoria Theater and a recording studio at the Apollo; and
WHEREAS The renovation of the historic theater will improve public areas and audience comfort,
enhance artists’ accommodations, and preserve and update the iconic exterior Apollo building
sign; and will include an expanded lobby with a newly designed café and bar that will be open to
the public throughout the day. Every aspect of the Historic Theater will be updated to allow for
more versatility. The restoration is being led by Beyer Blinder Belle Architects + Planners, with
theater acoustics and digital consultants Charcoalblue and Flyleaf Creative; and
WHEREAS The project goals include:
•Upgrade of the iconic Apollo marquee to improve performance, energy and operational
efficiency
• Expansion and reconfiguration of the lobby
• Installation of a new bar and café
• Restoration of the orchestra pit
• Upgrade of theater seating
• Installation of new lighting and sound systems
• Enhancement of soundstage
• Improved restrooms; and
WHEREAS Additionally, with respect to ADA compliance, the design plans provide for assistive
listening system upgrades throughout the historic theater‘s lobby, café/bar, and soundstage. Also,
The relocation and planned layout of the front-of-house mix position also enables it to be accessed
by wheelchair users; and
WHEREAS The Exterior Scope of Work includes:
• Replacement of existing neon tubing of the exterior signage (which was constructed
around 1960)
• Replacement of red neon letters and blue stripes with LED neon letters and stripes at
the existing blade and marquee signs; and
WHEREAS The Interior Scope of Work includes:
• Redesigning of the landmarked vestibule and lobby to more closely reflect historic
conditions
• Creating a new opening between the lobby and the space to the east to allow for a new
café space
• Removal of the existing bar
• Relocation of the sound and lighting booth
• Installation of upgraded seating and addition of 29 seats at the back of the orchestra
level
• Removal of non-historic, obstructed-view seating at the back of the mezzanine level
• Installation of new lighting
• Installation of ventilation and fill speakers within the auditorium space
• Replacement of the existing fabric panels with new acoustic panels to match with
additional acoustic panels at the upper levels of the auditorium to meet acoustic needs
• Restoration of the built-in orchestra pit
• Upgrade of the HVAC system providing additional energy efficiency
• Installation of new lighting and audio systems designed to enrich the experiences for
artists and audiences; and
WHEREAS Post-renovations, ticket pricing will remain affordable and accessible; and
WHEREAS Upon opening, the 25,000 square foot space will host year-round programming that
celebrates Harlem’s cultural heritage, and be rented out at reduced rates to local artists and
Harlem-based arts groups; and
WHEREAS The theater, which has approximately 1,500 seats across three levels, was designed
by George Keister with elements of the neoclassical style; and
WHEREAS The Apollo Theater was developed by burlesque entertainment pioneers, Jules Hurtig
and Harry Seamon as a burlesque venue, which opened in 1913 and originally served only white
patrons. In 1928, the Minsky brothers leased the theater for burlesque shows. Sidney Cohen
bought the theater building in 1934, and it became a venue for African-American performers. After
Sidney Cohen’s death, the theatre was sold to Frank Schiffman and his family operated the
theater from 1935 to 1976. A group of black businessmen briefly operated the theater from 1978
to 1979, and former Manhattan Borough President Percy Sutton bought it at an auction in 1981.
The Apollo reopened in 1985 following a major refurbishment that saw the construction of new
recording studios. In September 1991, the New York State Urban Development Corporation
bought the Apollo and assigned its operation to the ATF. Further renovations took place in the
[1]
mid-2000s, and an expansion of the theater commenced in the 2020s ; and
WHEREAS The ATF and Breyer Blinder Belle presented the objectives, project scope and
architectural design plans for the project at the Manhattan Community Board 10 Transportation,
Landmarks and Historic Preservation Committee meeting on May 14th, 2024 where the
Committee voted unanimously to support the project; and
WHEREAS the Executive Committee voted unanimously on May 29th, 2024 to support the
Resolution; and
WHEREAS the full Manhattan Community voted unanimously with 29 Yes, 0 No 0 Abstain
on June 5th, 2024 to support the Resolution; and
NOW THEREFORE BE IT RESOLVED Manhattan Community Board 10 supports the design
plans to upgrade the historic Harlem Apollo Theater lobby, theater and iconic Apollo sign through
restoration, reconstruction, accessibility and sound upgrade installations; and
BE IT FINALLY RESOLVED, that Manhattan Community Board 10 strongly encourages all
parties involved in the upgrade, restoration, and reconstruction of the Apollo Theater to actively
seek out and utilize Minority and Women Business Enterprises (MWBE) firms in all phases of the
project, from planning and design to construction and completion;
[1]
https://en.wikipedia.org/wiki/Apollo_Theater",0,17,1,regex_single_resolution
f372d572-afef-439e-9020-19aa8698b6b3,d801bbf5-abe3-5c11-8d30-1ad51621d2d6,MCB10,https://cbmanhattan.cityofnewyork.us/cb10/wp-content/uploads/sites/11/2024/11/EDOUARD-E.-PLUMMER-Street-Co-Naming-Resolution_.pdf,2024-11-01,1,EDOUARD E. PLUMMER STREET CO-NAMING RESOLUTION,"EDOUARD E. PLUMMER STREET CO-NAMING RESOLUTION
RESOLUTION: TO SUPPORT THE CO-NAMING OF THE SOUTHWEST CORNER OF WEST
114TH STREET & ADAM CLAYTON POWELL, JR. BOULEVARD TO EDOUARD E.
PLUMMER PLACE
WHEREAS, Manhattan Community Board 10 recommends the co-naming of the Southwest corner of
West 114th Street and Adam Clayton Powell, Jr. Boulevard to Edouard E. Plummer Place; and
WHEREAS, EDOUARD E. PLUMMER (May 22, 1928 - December 5, 2018) was an Inspirational
educator; and
WHEREAS, Edouard E. Plummer, in 1958 began his lifelong tenure at Wadleigh High School as a
mathematics and social studies teacher; and
WHEREAS, His dedication to education led Mr. Plummer to create the Wadleigh ABC Scholarship
Program in 1964 enabling gifted students to obtain scholarships to private schools; and
WHEREAS, The year 2024 marks the 60th anniversary of Wadleigh ABC Scholarship Program now known
as the Wadleigh Scholars Program (WSP); and
WHEREAS, To date, the WSP has sent more than 600 students to over 80 prep schools throughout the
country; and
WHEREAS, With the inception of his ABC Scholarship Program in 1964, The New York Times reported
on its success; and gained Mr. Plummer the support of the local Harlem community reaping him financial
assistance from local businessmen; and
WHEREAS, Mr. Plummer was additionally featured in the Amsterdam News, The Christian Science
Monitor, The Daily News, The Herald Tribune, Saturday Review, and New York and Ebony Magazines to
name a few; and
WHEREAS, To add to the success of the program, Mr. Plummer was also touted for his accomplishments
in and outside of the community; and
WHEREAS, Mr. Plummer’s impactful career garnered merited his receipt of letters of recognition from
the late President Lyndon B. Johnson, the late U.S. Senator Robert F. Kennedy, the late Congressman Adam
Clayton Powell, Jr. and President Barack Obama; and
WHEREAS, During his lifetime, Mr. Plummer received numerous awards; i.e., the 21 Brands Unsung
Hero Award, the Howard University Alumni Award, the American Institute for Public Service, the Thomas
Jefferson Award, the West Virginia State University Alumnus of the Year Award; and
WHEREAS, Mr. Plummer went on to receive an Honorary Doctorate of Humanities from Glassboro State
College and the Oprah Winfrey ""Use Your Life Award,"" where he also appeared on Ms. Winfrey’s show;
and
WHEREAS, Mr. Plummer also made additional appearances on Good Morning America, The Regis
Philbin Show, Bill Boggs Show and Best Talk in Town; and
WHEREAS, Mr. Plummer's legacy as having an extraordinary commitment and dedication to the Central
Harlem community as an educator, mentor and founder of the Wadleigh's Scholars Program continues
posthumously; and
WHEREAS, The Edouard Plummer Memorial Committee presented before the Transportation, Landmarks
and Historic Preservation Committee on April 9th and May 14th, 2024, where the Committee voted
unanimously to support the resolution; and
WHEREAS, The Executive Committee voted unanimously on May 29th 2024 to support the resolution;
and
WHEREAS, The full Manhattan Community Board 10 voted unanimously in-support of the resolution with
33 votes on June 5th, 2024, and;
NOW, THEREFORE, BE IT RESOLVED that Manhattan Community Board 10 strongly recommends
the preservation of the legacy of renowned educator Edouard E. Plummer by honoring him through the co-
naming of the Southwest corner of West 114th Street and Adam Clayton Powell, Jr. Boulevard to Edouard
E. Plummer Place.",0,17,1,regex_single_resolution
e16afff1-5e82-4124-b048-3e7ebe73e61d,db75a5f9-42a8-5c9f-9eac-5b6fe9656fc1,MCB10,https://cbmanhattan.cityofnewyork.us/cb10/wp-content/uploads/sites/11/2024/11/STREET-CO-NAMING-OF-ROBERTUS-COLEMAN-PLACE_CB10-Final.pdf,2024-11-01,1,ROBERTUS COLEMAN STREET CO-NAMING RESOLUTION,"ROBERTUS COLEMAN STREET CO-NAMING RESOLUTION
RESOLUTION: TO SUPPORT THE CO-NAMING OF THE NORTHEAST CORNER
OF WEST 114TH STREET & FREDERICK DOUGLASS BOULEVARD TO
ROBERTUS COLEMAN PLACE
WHEREAS, Manhattan Community Board 10 recommends the co-naming of the Northeast corner
of West 114th Street and Frederick Douglass Boulevard to Robertus Coleman Place.
WHEREAS, Robertus Coleman, a native of Alabama, brought her steadfast spirit to Harlem, New
York City, where she became an unparalleled force for her community; and
WHEREAS, With over 30 years of service in the Bell Atlantic Teley Company, Ms. Coleman laid
the groundwork for her later endeavors, and transitioned into community activism; and
WHEREAS, Ms. Coleman served as the Tenant Association President for over four decades on
the block of West 114th Street between Adam Clayton Powell, Jr. Boulevard & Fredrick Douglass
Boulevard. Her leadership went beyond the title, i.e., closing the block for Police Athletic League
(PAL) play street every summer and organizing yearly community trips, fostering unity among
neighbors; and
WHEREAS, Ms. Coleman’s impact reached far beyond the block, she tirelessly advocated for the
underserved, ensuring their voices were heard by elected officials and community leaders; and
WHEREAS, In addition to Ms. Coleman’s advocacy and leadership, Robertus was a pillar of
support in practical ways. She ran a food pantry, organized employment opportunities for residents
with developers, and facilitated teen employment through the Summer Youth Employment
Program (SYEP); and
WHEREAS, The West 114th Street block was became known as the Sesame Street of Harlem due
to the large population of children. Countless block parties, often attended by local city & state
elected officials, served as celebrations of community strength and resilience; and
WHEREAS, Ms. Coleman also played a crucial role in enhancing the physical environment of the
block, working with the New York City Housing Authority to plant trees, install benches and
improve public spaces inclusive of two kid-friendly parks; and
WHEREAS, Ms. Coleman was instrumental in a multi-million-dollar project aimed at keeping
housing affordable, ensuring that residents continued to call West 114th Street home; With that
came a Social Service Department, that Ms. Cohen, Director of Program Operations, assisted
tenants with employment, training, yoga, Zumba, healthy cooking classes and pantry deliveries to
the elderly and sick&shut in. Her legacy as a mother, leader, and visionary to the community lives
on in the countless lives she touched, nurtured, providing guidance to children beyond her own
biological family; and
WHEREAS, Robertus Coleman's unwavering commitment to justice and compassion served as a
beacon of hope for generations yet to come, leaving an indelible mark on Harlem and beyond; and
WHEREAS, The Robertus Coleman Memorial Committee presented before the Transportation,
Landmarks and Historic Preservation Committee on May 14th, 2024, where the Committee voted
unanimously to support the resolution; and
WHEREAS, The Executive Committee voted on May 29th 2024, where the Committee voted
unanimously to support the resolution; and
WHEREAS, The full Manhattan Community Board 10 voted unanimously in support of the
resolution with 33 votes on June 5th, 2024, to support the resolution; and
NOW, THEREFORE, BE IT RESOLVED that Manhattan Community Board 10 strongly
recommends the preservation of the renowned legacy of community activist, Robertus Coleman
by honoring her through the co-naming of the Northeast corner of West 114th Street and Frederick
Douglass Boulevard to Robertus Coleman Place.",0,13,1,regex_single_resolution
276b1b0a-f36d-42d4-8835-b092963204ab,4f3b168d-d14f-594f-8531-ce425ab18195,MCB10,https://cbmanhattan.cityofnewyork.us/cb10/wp-content/uploads/sites/11/2024/11/Franklin-H.-Williams-Street-Co-Naming-Resolution_CB10_2024.pdf,2024-11-01,1,FRANKLIN H. WILLIAMS STREET CO-NAMING,"FRANKLIN H. WILLIAMS STREET CO-NAMING
Resolution, In support of West 136th Street and 5th Avenue Co-Named Franklin H. Williams Street
or Way; and
Whereas, Williams was born on October 22, 1917 in Flushing, Queens. He graduated from
Pennsylvania's Lincoln University in 1941, where he was a member of Alpha Phi Alpha fraternity, Nu
chapter. In 1945, he earned a law degree from the Fordham University School of Law; and
Whereas, The Franklin H. Williams Judicial Commission is named in honor of the distinguished
attorney and civil rights leader, Franklin H. Williams. In 1988, Chief Judge Sol Wachtler appointed
Mr. Williams as Chair of the New York State Judicial Commission on Minorities responsible for
conducting extensive research on the perception and treatment of minorities in the court system; and
Whereas, As a Native New Yorker, Mr. Williams graduated from Lincoln University in 1941.
Thereafter, he received his law degree from Fordham University in 1945. He served as an assistant
counsel to Thurgood Marshall, Chief Counsel to the National Association for the Advancement of
Colored People (N.A.A.C.P). From 1950 to 1959, Mr. Williams was the Director of the west coast
N.A.A.C.P and was credited with major inroads in the civil rights movement involving cases on school
desegregation and restrictive covenants. Indeed, Mr. Williams played a significant role in battling a
once common practice of systematically excluding African Americans from juries. Forty years before
the Supreme Court formally ended that practice in Batson v. Kentucky, Mr. Williams was effectively
arguing the same issue 1; and
Whereas, Mr. Williams was also instrumental in the development of the Peace Corps and eventually
became the Peace Corps Regional Director for Africa. The Peace Corps currently honors his memory
with the Franklin H. Williams Awards given thus far to over 90 outstanding returned Peace Corps
Volunteers; and
Whereas, Franklin H. Williams went on to serve as the United States Ambassador to Ghana. His
contributions as Ambassador were recognized by the State Department, which presented him with
Distinguished Service Award, and he was honored by numerous Ghanaian tribes and communities;
and
Whereas, Williams assumed the Directorship of the new Urban Center at Columbia University in
1968. The following two years were marked by innovative changes in personnel utilization and
curriculum, and the publication of a major study, “The Uses of the University;” and
Whereas, From 1987 to 1990, Williams chaired the New York State Judicial Commission on
Minorities, which studied the treatment of minority group members in state courts. The study resulted
in 1991 report which revealed a severe lack of diversity on the bench and in management positions
and a widespread perception of racial bias in the courts. To address the issues raised in the 1991 report,
this Commission was established as permanent entity in the courts and named in honor of attorney-
statesman, Franklin H. Williams; and
Whereas, In 1959, Williams became Assistant Attorney General of California and in 1961, the
Kennedy administration appointed him to assist Sargent Shriver in organizing the Peace Corps. As a
delegate to UNESCO, he championed establishment of an international counterpart to the
Corps. Franklin Williams with other diplomats in 1967; and
Whereas, Under President Johnson, Williams became the first black representative to the United
Nations Economic and Social Council and later was appointed ambassador to Ghana in 1965; During
his three-year tenure at this post, he was credited with improving the formerly strained relations
between the United States and the African nation; and
Whereas, For 20 years, Williams was president of the Phelps Stokes Fund, established to facilitate
the education of African and Native American students. During this time he served on several boards,
among them: Lincoln University, the Council on Foreign Relations, the New York Board of Higher
Education, the American Symphony Orchestra, the Barnes Foundation, Consolidated Edison and
Borden, Inc.; and
Whereas, In 1989, he chaired the New York State Judicial Commission on Minorities. The
commission has since continued as the Franklin H. Williams Judicial Commission; and
Whereas, From 1970 until his death, he served as the president of the Phelps-Stokes Fund, a nonprofit
organization established in 1911 to improve education for African Americans, American Indians, and
Africans; and
Whereas, Franklin H. Williams was a resident of the Riverton Houses located in Central Harlem; and
Whereas, Franklin H. Williams passed away in Manhattan on May 20, 1990 at the age of 72; and
Whereas, The Franklin H. Williams Judicial Commission presented before the Transportation,
Landmarks and Historic Preservation Committee on June 11, 2024; On June 26, 2024, Manhattan
Community Board 10’s Executive Committee acted on behalf of the Full Board to unanimously
support of the street co-naming resolution; and
Now Therefore Be It Resolved, Manhattan Community Board 10 wishes to honor Franklin H.
Williams’ legacy by Co-Naming West 136th and 5th Co-Named Franklin H. Williams Way.",0,15,1,regex_single_resolution
3877b4df-07e9-410a-b241-4cd3b26cf8e1,3ae3296c-0490-5963-9822-85a57f63d400,MCB10,https://cbmanhattan.cityofnewyork.us/cb10/wp-content/uploads/sites/11/2024/11/Victory-Beyond-Sims-Letter-of-Support_CB10-2024.pdf,2024-11-01,1,"June 27, 2024","June 27, 2024
David Mandel
Community Liaison, Public Art
NYC Department of Cultural Affairs, Percent for Art Program
31 Chambers Street, 2 ND Floor
New York, NY 10007
Dear Mr. Mandel,
The Manhattan Community Board 10’s Arts and Culture Committee is responsible for
advocating, promoting, and supporting arts and cultural initiatives within the community. It
supports funding for arts organizations, public art projects, and arts education programs that
enrich the community’s cultural landscape while working to preserve and celebrate the cultural
heritage of the community.
This involves identifying and promoting historical sites, landmarks, and cultural traditions that
contribute to the community’s identity and sense of place. It helps coordinate and facilitate arts
and cultural events, exhibitions, performances, and workshops within the community including
collaborating with local artists, arts organizations, and cultural institutions providing
opportunities for residents to engage with and participate in artistic activities.
This Committee engages with community members to gather input and feedback on arts and
cultural initiatives, supporting arts to provide access to arts learning opportunities for residents of
all ages, while advocating for arts education funding, curriculum development, and partnerships
with local artists and arts organizations to enrich educational experiences for cultural equity and.
inclusion within the community’s arts and cultural sector in Central Harlem. This includes
promoting diversity, equity, and inclusion in arts programming, funding, and representation to
ensure that all members of the community have access to and can participate in cultural
experiences.
Thank you for your presentation of the Percent for Art – Beyond Sims public artwork conceptual
design. Arts and Culture Committee on May 13, 2024. It highlights how in In January 2018, in
response to sustained widespread criticism of Sims legacy as achieved by the exploitation of a
vulnerable population, and now at odds with our contemporary values and ethics, a Mayoral
Advisory Commission on City Art, Monuments and Markers recommended to: Remove,
Relocate, Replace the space with the proposed Victory, a partnership with Vinnie Bagwell an
inductee for 2022-23 Who’s Who in America for sculpture.
A representational-figurative artist, Vinnie uses traditional bas-relief techniques as narratives to
expand her story-telling. She has won numerous public-art commissions and awards around the
United States. Vinnie Bagwell is an untutored artist and began sculpting in 1993. Her first public
artwork: “The First Lady of Jazz Ella Fitzgerald” was commissioned by the City of Yonkers in
1996 including Americans for the Arts inaugural José and Darlene Pérez Prize for civic
engagement. Bryce Turner, FAIA, CEO of BCT Design Group is enthusiastic about pedestrian-
oriented public spaces and the built environment that interacts with them. Licensed in 20 U.S.
states, he is well versed in the cultural and commercial amenities that accentuate public spaces
and the design and planning that creates them. Together, they are creating memorable
destinations.
It will be an asset to Central Park and New York City as it rectifies the horrific ordeals
memorialized from Dr. James Marion Sims Sculpture on 5th Avenue and E 103rd Street, at
Central Park from 1934-2018 Dr. James Marion Sims (1813–1883), who has been referred to as
the “father of modern gynecology”. Sims has been the subject of much discussion, with some
condemning the physician for his medical practices, and with others defending his record within
the context of his time. Sims’ medical advances were achieved through practice of surgical
techniques on enslaved Black women, who were his principal subjects in the South where he
initially practiced.
Vinnie Bagwell preserves African American history by creating art for public places. She is an
inductee for 2022-23 Who’s Who in America for sculpture. A representational-figurative artist,
Vinnie uses traditional bas-relief techniques as narratives to expand her story-telling. She has
won numerous public-art commissions and awards around the United States, including
Americans for the Arts inaugural José and Darlene Pérez Prize for civic engagement. Bryce
Turner, FAIA, CEO of BCT Design Group is enthusiastic about pedestrian-oriented public
spaces and the built environment that interacts with them. Licensed in 20 U.S. states, he is well
versed in the cultural and commercial amenities that accentuate public spaces and the design and
planning that creates them. Together, they are creating memorable destinations.
Vinnie Bagwell is an untutored artist and began sculpting in 1993. Her first public artwork:
“The First Lady of Jazz Ella Fitzgerald” was commissioned by the City of Yonkers in 1996. The
life-sized bronze is the first sculpture of a contemporary African American woman to be
commissioned by a municipality in the United States.
In 1982, Local Law 65, the Percent for Art Law was passed, which states that 1% of the capital
funds appropriated for newly constructed or reconstructed City-owned buildings or sites must be
allocated for works of art.
Commissions are installed in new or reconstructed City-owned buildings and structures, such as:
COURTHOUSES • PARKS • CULTURAL INSTITUTIONS • POLICE PRECINCTS • FIRE
STATIONS • STREETSCAPES • PLAZAS • LIBRARIES • SCHOOLS • HEALTH CENTERS
Considering the above, without further ado, The Arts and Culture Committee presented and
discussed the provision of a Letter of Support for the proposed.
“Victory Beyond Sims” by artist Vinnie Bagwell which was enthusiastically received and
unanimously approved on Manhattan Community Board 10’s Full Board on Wednesday, June 5,
2024 as it will be an asset to Central Park and New York City . We look forward to the
completion of the project.",0,0,0,regex_single_resolution
48fb5daf-23d2-44fc-89a5-cb31b76a5a0a,9507cc9b-3f9a-5da8-8a62-7f1d1b4ca83e,MCB10,https://cbmanhattan.cityofnewyork.us/cb10/wp-content/uploads/sites/11/2024/11/Malcolm-Shabazz-Harlem-Plaza-Final-Resolution-June-2024.pdf,2024-06-01,1,Resolution,"Resolution
Manhattan Community Board 10
RESOLUTION: To approve the Malcolm Shabazz Harlem Plaza ULURP application for an
Urban Development Action Area (UDAA) designation and Urban Development Action Area
Projects (UDAAP) approval and Disposition of the Development site.
WHEREAS, New York City Department of Housing Preservation and Development
(hereafter known as ""HPD”) is seeking approval for application, C240301HAM, for a UDAAP
and disposition of city-owned property to facilitate a residential development with approximately
109, 100% affordable units and the redevelopment of the African Vendor Market in Central
Harlem, Manhattan, Community District 10; and
WHEREAS, the development team is Malcolm Shabazz Development Corporation
(hereafter known as “MSDC”) and Procida, the proposed project is a mixed-use building with
108 affordable residential units, plus one building manager’s unit to be developed under
HPD’s Extremely Low & Low-income Affordability Program (ELLA) and ground floor
community facility space located at 52 West 116th Street; and
WHEREAS, the proposed program will be developed on four city-owned lots located on
115th and 116th Streets between Malcom X. Blvd. and 5th Avenue; and
WHEREAS, there will be two-nine story mixed-use buildings with 108 100% affordable units for
formerly homeless households, households earning between 30% and 80% AMI (incomes from
$32,610 for one person at the 30% level to $144,080 for a family size of 6 at the 80% AMI level),
as well as a ground floor community facility dedicated to the Malcolm Shabazz Harlem Market;
and
WHEREAS, the project will include sustainable designs that incorporates increased insulation,
efficient construction, and solar panels on the rooftop, each residential building will have laundry
and bicycle facilities, landscaped terraces, a virtual concierge, security cameras, and a multi-
purpose community room; and
WHEREAS, the unit breakdown by apartment size and AMI levels is as follows:
• 24 studios, 45 one-bedrooms, 26 two-bedrooms, and 14 three-bedrooms.
• 10 units at 30% AMI, 34 units at 50% AMI, 47 units at 80% AMI, and 17 units for formerly
homeless households. There will also be one two-bedroom unit for the superintendent.
WHEREAS, the monthly rents are based on 2023 AMIs that are subject to change, the rental range
for the 30% AMI units is $544 - $931, for the 50% AMI units is $1010 - $1739, and for the 80%
AMI units is $1709 - $2950; and
WHEREAS, MSDC founded the Harlem Market Business Incubator Program in 1994, the current
Market is occupied by 62 different vendors that are subject to the outside climate throughout the
year. The new market will be an indoor community space with 49 craft stalls and 11 food vendor
stalls. The new market will also have dry goods and consumer service spaces, culinary food prep
and dining spaces, and special performance & and event space; and
WHEREAS, all existing vendors will be temporarily relocated during the construction, 36 vendors
will be moved to a city-owned lot at 68 West 116th Street, while others will be relocated to
storefronts located in the Harlem community; and
WHEREAS, MSDC’s primary goal is for the current vendors to return to the new market. MSDC
also included food vendor stalls in the market design to ensure that legally, certified food vendors
were selling food compared to current vendors attempting to sell food to the public that was
prepared in their homes; and
WHEREAS, MSDC explained that currently vendors are charged $15-$20/day, it is anticipated
that the rent will increase approximately $5/day for craft vendors. Food stall vendors will be
changed a higher daily rate that has not yet been determined; and
WHEREAS, a minimum of 5% of the total number of dwelling units must be accessible and
designated for households with a person with a mobility impairment, an additional 2% of the units
must be designated for households with a person with a hearing or a vision impairment; and
WHEREAS, the developer is currently proposing OurSpace units for Formerly Homeless tenants
which will include light touch services. These social services will assist formerly homeless
households in making a successful transition to permanent housing as well as maintain tenancy in
their affordable housing units. Services offered include eviction prevention, voucher assistance,
benefit enrollment, financial coaches, etc. HPD requires one year of services for OurSpace units
using a service provider on HPD’s qualified list but anticipates ongoing social services may be
provided for OurSpace units on a case-by-case basis; and
WHEREAS, on May 16, 2024 during a Land Use Committee public hearing, the project was
reviewed and discussed. The committee and other board members voted to unanimously approve
the application _11_ Yes, __0_ No_ Abstention, and __ Recusal.
WHEREAS, on May 29, 2024, the Executive Committee voted _10_ Yes, _0 No, _0_
Abstention, and 0_ Recusal to approve the application.
NOW THEREFORE, BE IT RESOLVED
Manhattan Community Board 10 supports the Malcolm Shabazz Harlem Plaza ULURP
application C240301HAM. During the June 5, 2024 General Board Meeting, the board voted
to approved the application _26 Yes, _1_ No, _1_ Abstention, and _0 Recusal.",0,15,1,regex_single_resolution
fb75f699-10d1-4a49-95d0-7c949453f386,fb4e7768-64b0-56e1-8301-9392953bae7b,MCB10,https://cbmanhattan.cityofnewyork.us/cb10/wp-content/uploads/sites/11/2024/11/MCB10_Support-Homes-Now_Budget.pdf,2024-11-01,1,"June 21, 2024","June 21, 2024
Hon. Eric Adams
Mayor of New York City
City Hall
New York, NY 10007
Re: Support the “Homes Now” Budget Demand”
Dear Mayor Adams,
Manhattan Community Board 10 lends its support alongside community boards across the city
for the “Homes Now” budget demand to invest $2.5 billion dollars over five years into the City
capital budget for permanently-affordable housing.
Our communities are seeing record rent levels, the rise of evictions and homelessness, and high
housing costs as a key driver of the City’s affordability crisis. In February 2024, Harlem was listed
as one of the neighborhoods that saw the most evictions at the start of the new year post-
pandemic, outpacing the city with 159 evictions across the Harlem neighborhood.
The City must deepen its investment in permanently affordable housing to protect tenants from
displacement while providing new homeownership opportunities. Financing the production and
preservation of truly affordable housing is one of the most powerful tools the City has to stabilize
neighborhoods and keep generations of working families in their communities.
The “Homes Now” budget demands focuses on the following key programs:
1. The Neighborhood Pillars program would help community organizations acquire and
rehabilitate housing. This program would help make the necessary repairs in dilapidated
buildings and ensure long-term affordability.
2. The Open Door program would finance the construction of new shared-equity
cooperatives, granting New Yorkers a path toward homeownership to create generational
wealth, especially for families left out of the traditional homeownership market.
Under the Neighborhood Pillars program, Manhattan Community Board 10 recommends
increased internal collaboration to prioritize distressed buildings within the NYC Department of
Housing Preservation & Development (NYC HPD). Manhattan Community Board 10 recommends
that distressed buildings identified through NYC HPD’s Alternative Enforcement program (AEP)
are given priority under the Neighborhood Pillars program to ensure necessary repairs take place.
We are requesting that funding be split between the above programs, with each program funded
at $250 million each year for the next 5 years. Neighborhood Pillars and Open Door would add
to the City’s critically needed affordable housing stock by allowing the Department of Housing
Preservation and Development to construct or preserve thousands of climate resilient and
accessible homes for New Yorkers who are becoming increasingly priced out of the city. If the
funding is granted for these requested programs, we urge agencies to provide neighborhood-
specific data on how these programs have enhanced the quality-of-life of tenants and created
paths for home ownership per each community board district.
Thank you for considering this budget request of $2.5 billion for permanently-affordable
housing programs.",0,0,0,regex_single_resolution
9ee77826-f8ea-483a-8399-8e2c0d0334ee,f0599918-2ebf-5941-9c64-24d494ae52c0,MCB10,https://cbmanhattan.cityofnewyork.us/cb10/wp-content/uploads/sites/11/2024/08/EDDIE-ELLIS-WAY-Street-Naming-Proposal-2024-1-1.pdf,2024-08-01,1,EDDIE ELLIS WAY,"EDDIE ELLIS WAY
S T R E E T N A M I N G P R O P O S A L
C O N T E N T S
03 ARTICLES
01 APPLICATION
A ¶icle¨ highligh¶iog ¶he ×z k
S¶ ee¶ Namiog Alica¶izo aod dea¶h zf Eddie Elli¨
eodz ¨ed bÝ ¶he ¨zo zf Eddie
Elli¨, Ed×io Elli¨ III
04 LETTERS
02 INTRO
A b ief zÖe Öie× zf Eddie Elli¨, Le¶¶e ¨ f zm czmm¾oi¶Ý
hi¨ life, acczmli¨hmeo¶¨, ¨hz×iog ¶hei a ecia¶izo fz
legacÝ aod fea¶¾ ed e¨¨ Eddie Elli¨ aod hi¨ life’¨ ×z k
S T R E E T N A M I N G P R O P O S A L
APPLICATION
E D D I E E L L I S W A Y | 2 0 2 4

S T R E E T N A M I N G P R O P O S A L
INTRO
E D D I E E L L I S W A Y | 2 0 2 4
Edwin Ellis II, known lovingly by everyone as Eddie Ellis, was born in Harlem on
December 12, 1941. As a young person, he had incredible intelligence and political
consciousness and was passionate about improving material conditions for Black
people. In 1969, Eddie was the director of Community Relations for the New York City
branch of the Black Panther Party. He became a target of the FBI’s infamous
COINTELPRO program and was wrongfully convicted for murder and served 25 years
in prison, unsubstantiated.
Eddie witnessed the 1971 Attica prison uprising and soon began organizing people to
consider the root causes of mass incarceration - a vestige of slavery and state control of
Black people and communities. While at Greenhaven prison, Eddie and others began
to notice that people in the prisons were coming from the same neighborhoods in NYC.
Soon, he joined the Greenhaven Think Tank made up entirely of incarcerated people
who conducted research in the NYS prison system by interviewing people coming inside
and publishing the seminal “7-neighborhood study,” that showed factually that 7
neighborhoods in NYC were targeted by police in order to fill the prisons. Greenhaven
Think Tank’s work led to major criminal justice research and reforms including the
identification of “million dollar blocks,” the modern day illustration that communities of
color are intentionally targeted socially, politically, and economically to feed the prison
system.
Additionally while in prison, Eddie earned two associate degrees, a Bachelor of Science
in Business Administration from Marist College Greenhaven (magna cum laude) and a
master’s degree from New York Theology Seminary (summa cum laude). In 1991,
Eddie enrolled in a work release program at Lincoln Correctional Center in Harlem and
with others, created the Parolees Anti-Crime Organization. When Eddie was released in
1992, this organization became the Harlem Community Justice Center and Eddie
became the Executive Director. The center provided housing and education to formerly
incarcerated people. Today, the center is a thriving organization, serving thousands of
people and providing essential social services, court support, and legal aid.
In 2002, Eddie started the Nu Leadership Public Policy Group, concentrating research
and advocacy on connecting neighborhood conditions to prison conditions. In 2008, the
policy group incorporated as a 501c3 called the Center for NuLeadership on Urban
Solutions, a groundbreaking organization that has shifted the paradigm of criminal
justice to human justice. As Eddie famously said, “justice cannot be achieved if the
starting point is criminal.” Today, NuLeadership provides holistic support to entire
communities targeted by the prison system and works to build community generational
health and wealth for people who have been systematically prevented from doing so.
Eddie’s legacy in NYC is enormous. Every organization he ever started lives on. Every
paper or book he ever published has birthed even more progressive and revolutionary
work. Every young person he impacted has become a leader for liberation. Eddie’s
impact stretches globally. During his life he was invited to lecture in America’s most
prestigious universities including Harvard, Yale and Stanford. He was invited to
London, South Africa, and Scotland to shed light on connections between poverty,
criminality, and race.
Eddie served as an adjunct professor at Medgar Evers College, hosted a weekly radio
show on WBAI called, “On the Count,” and authored the book, “The Real War on
Crime.” Eddie passed away in the early morning hours of July 24, 2014, from a heart
attack.
In remembrance of Eddie Ellis
Prison Policy Initiative
Amsterdam News
Vera Institute
Cases
Institute of the Black World
Prison Radio
College Initiative
The Crime Report
Real Media
WBAI
I am Hip Hop
The Eddie Ellis Legacy
Harlem Community Justice Center
Center for NuLeadership
Million Dollar Blocks
New York Times
Campaign for the Fair Sentencing of Youth
Green Haven Study
Non Traditional Approach to Criminal Justice
Our Time Press
Credible Messengers
Leading with Conviction
The Sun
Eddie’s Work
7 Neighborhood Study
7 Neighborhood Study revisited
Language Letter Campaign
Reentry vs. Resettlement
RESIDENCES AND BUSINESSES ON THE AFFECTED BLOCK
Option A: SE CORNER OF 151 & ADAM CLAYTON POWELL, ON 151 GOING EAST INTO
THE PARK. PUT THE SIGN FOR “EDDIE ELLIS WAY” UNDERNEATH THE CURRENT SIGN
FOR 151ST.
Option A would impact the south end of the Harlem River NYCHA development on this corner.
Harlem River has a total of 577 units across 7 buildings. Therefore, we estimate 82 units per
building. Option A faces one half of one building so approximately 41 units. Additionally, the
south end of the Macomb’s Bridge Library (NYPL) and the tennis courts and playground of
Frederick Johnson Park (DPR) are on this block.
Option B: SE CORNER OF 151 & ADAM CLAYTON POWELL. PUT THE SIGN FOR “EDDIE
ELLIS WAY” UNDERNEATH/ABOVE THE CURRENT SIGN FOR ADAM CLAYTON POWELL
BLVD.
Option B would impact one block of 7th Ave going south. Frederick Johnson Park (DPR)
is on this block.
S T R E E T N A M I N G P R O P O S A L
ARTICLES
E D D I E E L L I S W A Y | 2 0 2 4
EDDIE ELLIS WAY
S T R E E T N A M I N G P R O P O S A L
ARTICLE 1
2/6/24, 9:30 AM Eddie Ellis, 1941-2014 | Prison Policy Initiative
Eddie Ellis, 1941-2014
Remembering Edwin ""Eddie"" Ellis.
by Peter Wagner, July 25, 2014
Photo of Edwin “Eddie” Ellis speaking at
Citizens Against Recidivism, Inc. (Photo:
Citizens Against Recidivism, Inc.)
I was saddened to read this morning of the passing of Eddie Ellis, one of the first people to
encourage my work to end prison gerrymandering, frequently inviting me to his On the
Count radio program on WBAI.
Being on his program, and having Eddie introduce me to other important activists in New
York City was a great honor for a young law student and then young lawyer, but I don’t think
I ever told him that I was a fan of his long before he starting telling people to read my
Importing Constituents report.
I first learned of Eddie Ellis from footage when he was still incarcerated in the excellent film
The Last Graduation about the value of higher education in prisons and the horrible decision
by the Clinton administration and Congress to end Pell Grants for incarcerated people,
thereby shutting down very cost-effective college programs nationwide.
Eddie, a former Black Panther, served 23 years for a murder he didn’t commit. After his
release, Eddie hit the ground running, continuing the work he started when he was on the
inside. As the New York Times summarized a decade ago:
Rather than talk in broad sociological terms of crime and punishment, Mr. Ellis
and his prison colleagues prefer to sketch out a sociological whirlwind: 47
percent prisoner recidivism rooted in an annual traffic of 26,000 prisoners going
in and 23,000 coming out…
https://www.prisonpolicy.org/blog/2014/07/25/eddie/ 1/3
2/6/24, 9:30 AM Eddie Ellis, 1941-2014 | Prison Policy Initiative
Out-of-Date Strategies
“The fact that must be faced, then, is that at least 11,000 new crimes are going to
be committed by these guys coming out, most of them in their home
neighborhoods,” Mr. Ellis stressed. “So what we do in the prisons can’t be done
in the abstract, removed from these neighborhoods and their Afrocentric and
Latino cultures.” Traditional prison strategies, he argued, are 50 years out of
date and geared for the “Jimmy Cagney” days when Italian and Irish prisoners
were the white majority in a much smaller, pre-drug-culture prison population.
The study groups within the prisons have crafted room for their activities from
the tolerance for reform that followed the Attica prison riot of 1971. The chief
groups, sometimes operating with church or civil rights sponsors, meet regularly
in Green Haven, Eastern, Sing Sing, Woodbourne, Walkill and Auburn prisons.
Each year they sponsor a seminar rooted in their nontraditional approach and
attended by outside specialists.
…
[Ellis is interested] in shaping fresh changes in prison and tapping what he and
some prison administrators see as a thoughtful talent pool of first-hand
experience residing behind bars. Even more, as he exults in being back on the
streets of Harlem, his beloved birthplace, Mr. Ellis keeps his departing galley-
ship image of the prison system in mind.
“We’ve had enough textbook penology,” he said, trying to urge an outside world
sick of the deepening rut of crime and punishment to consider alternative
perspectives from some of the system’s resident experts.
The organization that Eddie founded, the Center for Nu Leadership, has a longer obituary.
4 responses:
1. Róisín says:
August 12, 2014 at 2:27 pm
Thank you sharing this sad news. Eddie Ellis was a good man. If people really wanted
to make prisons institutions of change for the better, they would have listened to what
Eddie Ellis had to say.
I was sorry to hear he was one of the innocent in prison. I did not know that. Clearly
he wasted no energy on anger, he came out of prison and got to work on fixing the
system.
Ar dheis Dé go raibh a anam – may he rest in peace.
Róisin and Herbert
https://www.prisonpolicy.org/blog/2014/07/25/eddie/ 2/3
2/6/24, 9:30 AM Eddie Ellis, 1941-2014 | Prison Policy Initiative
2. Kay Nodu says:
September 12, 2014 at 8:22 pm
A brave soldier has fallen!! Professor Eddie Ellis, you have fought a great fight. May
your accolades carry you through God’s light into the bosom of Father Abraham. May
your warrior soul rest in perfect peace. Farewell soldier and sleep well.
3. Samuel Smith says:
October 29, 2014 at 6:53 pm
Though late in my comment, it is with no less empathy. As a direct beneficiary of the
work of Eddie Ellis and others like him, I am doubly affected by his passing on. I am
saddened because the WORLD has lost a humanitarian, leader, and voice for
JUSTICE; that still resonates in and outside of the prison industrial complex. I am also
affected because I know that Mr. Ellis’ passing means that there is a void that must be
filled as far as taking the reigns of speaking out and making the public aware of the
exponential injustices that are occurring in the name of justice. Brother Eddie Ellis
you are missed, and I thank you for your efforts, sacrifice, and zealousness; which
have helped me be able to be more than just my DIN Number. Sleep In Peace.
4. eddie ellis says:
December 2, 2014 at 2:18 am
Eddie and I met some years back and before we came together some people used to
get out work mixed up because of our name and when we finally met it was an honor
to have my work mixed up with his work because he was doing so good and he was
such a good man.
Eddie was my friend and mentor and I wish miss him, but I will continue to fight this
fight.
rest in peace my Brother
https://www.prisonpolicy.org/blog/2014/07/25/eddie/ 3/3
EDDIE ELLIS WAY
S T R E E T N A M I N G P R O P O S A L
ARTICLE 2
3/12/24, 12:47 AM Eddie Ellis makes his transition - New York Amsterdam News
RELIGION
Eddie Ellis makes his transition
by Greer Ellis
Coleman July 31, 2014
Edwin Benjamin Ellis Jr., affectionately known to all as “Eddie Ellis,” passed away in the early morning July 24 at his home. He was 72 years old.
At the time of his death, he was the founder and president of the Center for NuLeadership on Urban Solutions and host and executive producer of the weekly
radio program “On the Count” on WBAI. Ellis is known around the world for his relentless dedication to criminal and social justice. He was a leader and the
ultimate fighter for the underserved and those formerly incarcerated.
Ellis spent 25 years in prison for a crime he did not commit, and he has always maintained his innocence. At the time of his arrest, he was a leader in the
Black Panther Party, a writer and community activist who was targeted by the FBI. While in prison, he obtained two associate degrees, one in paralegal
studies from Sullivan Community College and one in liberal arts from the State University of New York, a bachelor’s degree in business administration,
graduating magna cum laude from Marist College, and a master’s degree from New York Theological Seminary, graduating summa cum laude. He had a
passion for learning, as he did for sports.
Once Ellis was released from prison, he never looked back. He resumed his work as a humble servant, teacher, advisor and advocator. He lectured and
traveled extensively throughout the United States, England, Scotland, Belgium, the Caribbean and South Africa, where he visited prisons and developed
initiatives around public policy and criminal justice reform.
He served on the Drug Policy Task Force developed by the New York County Trial Lawyers Association, and he was a senior consultant for Soros
Foundation’s Open Society Institute as part of the Criminal Justice Initiative. For several years, Ellis was the director of prison ministries at the historic
Riverside Church in New York City, where he developed guidelines for creating prison ministries at other churches.
Ellis has written many articles and received numerous awards and citations, among them the Drum Major for Justice Award, presented by Harvard Law
School’s Institute for Race and Justice, the Human Justice Award, presented by Harry Belafonte at SEIU 1199, and the Joseph L. Galiber Award for
Community Service, presented by the New York State Association of Black and Puerto Rican State Legislators, to name a few.
Privacy - Terms
https://amsterdamnews.com/news/2014/07/31/obituary-edwin-benjamin-ellis-jr/ 1/2
3/12/24, 12:47 AM Eddie Ellis makes his transition - New York Amsterdam News
Ellis had an uncanny ability to support and encourage people in a profound and meaningful way. There was never a challenge or cause too big or too small. If
there was anyone who sought his assistance, he was always willing to be of service. He was a kind and gentle father, grandfather, brother, uncle, partner and
friend. He was loved and respected by many and will be greatly missed.
The home-going celebration will take place at the Abyssinian Baptist Church, located at 132 W. 138th St. in Harlem. The viewing will be held Thursday, July
31 from 4 p.m.—7 p.m., and the funeral will immediately follow at 7 p.m.
Greer Ellis Coleman is the daughter of Eddie Ellis.
© 2024 The oldest Black newspaper in the country that o ers the ""New Black View"" within local, national and international news for the Black community..
Powered by Newspack
https://amsterdamnews.com/news/2014/07/31/obituary-edwin-benjamin-ellis-jr/ 2/2
EDDIE ELLIS WAY
S T R E E T N A M I N G P R O P O S A L
ARTICLE 3
3/12/24, 12:34 AM 5 Black Heroes Who Took on the Fight against Mass Incarceration | Vera Institute
Series: From the President
HOME // NEWS AND STORIES
Nicholas Turner President & Director // Erica Bryant Associate Director of Writing
Feb 22, 2022
SHARE
Photo credits: W Haywood Burns image: National Lawyers Guild, Jane Bolin: Library of Congress, Bruce M Wright: African American Registry, Eddie Ellis:
Center for NuLeadership on Human Justice and Healing, and Kenneth Thompson: Associated Press. Illustration by Gloria Mendoza.
https://www.vera.org/news/5-black-heroes-who-took-on-the-fight-against-mass-incarceration 1/5
3/12/24, 12:34 AM 5 Black Heroes Who Took on the Fight against Mass Incarceration | Vera Institute
These Black leaders made history as they fought for racial equality and justice for all people. Their stories
inspire Vera today in its mission to end the mass incarceration and fight for the dignity of those most
directly impacted by the criminal legal system—people of color, immigrants, and people experiencing
poverty.
W. Haywood Burns (1940 1996)
W. Haywood Burns was an attorney and longtime civil rights activist who, in 1969, helped found the
National Conference of Black Lawyers, which has represented Black Panthers, Vietnam war resisters,
and Assata Shakur, to name a few. Burns got his start in activism as a teenager, participating in a
successful e ort to integrate a swimming pool in his hometown of Peekskill, New York. He graduated
from Harvard College and, while a student at Yale Law School, participated in the 1964 Freedom Summer
in Mississippi. He was the assistant counsel of the NAACP Legal Defense and Educational Fund and
served as general counsel to Dr. Martin Luther King Jr.’s Poor People’s campaign. Burns successfully
defended Angela Davis against kidnapping and murder charges and coordinated the defense of the 62
incarcerated people indicted in the Attica prison uprising. Burns served as a trustee for several civil
rights and justice organizations, including the Vera Institute of Justice. Today, the Haywood Burns
Institute works to dismantle structural racism in his honor. It praises Burns as a “beacon of light to those
who believe the battle for human rights and justice can be won through activism, humility, and
dedication.”
Jane Bolin (1908 2007)
Jane Bolin was the first Black woman judge in the United States. Motivated by seeing depictions of
lynchings in the NAACP’s magazine, The Crisis, Bolin became the first Black woman to earn a law degree
from Yale and the first to be hired as an attorney in New York City’s Corporation Counsel’s o ce. When
she was 31, she was appointed to the city’s Domestic Relations Court, later renamed Family Court, and
served for four decades. When she was first appointed, Black children were only assigned to Black
probation o cers, who were few in number and overstretched. Childcare agencies were also permitted
to reject Black children on the basis of their race. In her time on the bench, Bolin succeeded in removing
race and religion as factors in court assignments, aided in the fight to require that publicly funded
childcare agencies accept all children regardless of their race and ethnic background, advocated
successfully against a planned whites-only housing project in Harlem, and criticized laws that allowed
13-, 14-, and 15-year-olds to be tried in criminal courts. “I think it's symptomatic of a society that doesn't
give priority to its children,” she said. “It would rather have this kind of law rather than putting money
where it should be put, correcting the social and economic conditions where children live.”
Kenneth P. Thompson (1966 2016)
Kenneth P. Thompson was elected Brooklyn’s first Black district attorney in 2013 and earned a
reputation as a reformer who sought to undo some of the harms inflicted by prosecutors. He ran for
o ce on a platform of change and racial justice, moved by the wrongful conviction of Jabbar Collins, who
spent 16 years in prison for a murder he did not commit. Thompson established a Conviction Review Unit
that worked to free wrongfully convicted people, which became a model for prosecutors around the
country. Thompson also declined to prosecute most low-level marijuana possession arrests, with the goal
of keeping young people out of the carceral system and sparing them from criminal records that would
prevent future success, and expanded restorative justice e orts for otherwise prison-bound young adults
through Common Justice. Prior to his historic election, Thompson co-founded the law firm Thompson
Wigdor and represented people who had su ered discrimination because of their race, pregnancy status,
gender, age, religion, or sexual orientation. While a federal prosecutor, Thompson delivered an opening
statement that helped lead to the conviction of former New York City Police O cer Justin Volpe for the
beating and torture of Abner Louima. He also helped convince the U.S. Department of Justice to
reinvestigate the 1955 murder of Emmett Till.
https://www.vera.org/news/5-black-heroes-who-took-on-the-fight-against-mass-incarceration 2/5
3/12/24, 12:34 AM 5 Black Heroes Who Took on the Fight against Mass Incarceration | Vera Institute
Edwin “Eddie” Ellis (1941 2014)
Eddie Ellis was a community activist and advocate for formerly incarcerated people. In 1970, he was sent
to prison for 25 years. He maintained his innocence, believing his conviction was a result of the FBI's
counterintelligence program against Black Panthers. While incarcerated, he earned several degrees. Ellis
was part of an organization of incarcerated people known as the Think Tank, which found that 75 percent
of the incarcerated population of New York State came from seven neighborhoods in New York City.
After his release, he ran classes in those neighborhoods to help break the cycle of incarceration, served
as a research fellow at Medgar Evers College, lectured at John Jay College of Criminal Justice, and
advised Governor Eliot Spitzer and other o cials. He also founded the Center for NuLeadership on
Human Justice & Healing and developed campaigns to remove barriers to employment for people with
criminal convictions, provide culturally competent education, and reduce recidivism. Ellis wrote an Open
Letter to Our Friends on the Question of Language, which was foundational in the push for people-first
language: “Calling me inmate, convict, prisoner, felon, or o ender indicates a lack of understanding of
who I am, but more importantly what I can be. . . . If we cannot persuade you to refer to us, and think of
us, as people, then all our other e orts at reform and change are seriously compromised.”
Bruce M. Wright (1917 2005)
Bruce M. Wright was called a “one man force for bail reform.” Throughout his 25 years as a judge, he
spoke out against injustice in the judicial system. Although he was awarded a scholarship to Princeton
University, he was discouraged from attending after the dean of admission learned he was Black. He
went on to graduate from Lincoln University and New York Law School and, in 1967, was named counsel
to the city's Human Resources Administration. Later, as a New York City Criminal Court judge, Wright
became known for setting a ordable bail for people with low incomes. Wright considered the bail system
to be unfair to the poor and particularly harmful to Black people and other people of color. Despite harsh
criticism from police unions and the media, he maintained his commitment to a ordable bail. This stance
made him “the most controversial judge in New York,” according to a 1974 Harvard Crimson article, and
earned him the nickname “Turn ‘em loose Bruce.” He said a more appropriate name would have been
“Civil Wright.” He was elected to the New York Supreme Court in 1982. Wright also published three
books of poetry. He befriended the poets Leopold Senghor and Langston Hughes and was known to
insert literary quotations into his legal opinions. His book Black Robes, White Justice won the 1991
American Book Award.
NEWS
https://www.vera.org/news/5-black-heroes-who-took-on-the-fight-against-mass-incarceration 3/5
EDDIE ELLIS WAY
S T R E E T N A M I N G P R O P O S A L
ARTICLE 4
3/12/24, 1:00 AM Eddie Ellis and the Struggle for Black Freedom - CounterPunch.org
☰
AUGUST 8, 2014
Eddie Ellis and the Struggle for Black Freedom
BY
ORISANMI BURTON
With the passing of Eddie Ellis in July of 2014, another giant of the black freedom
struggle has joined the ancestors. Eddie features prominently in my dissertation
research on prison-based organizations and study groups in New York. I was fortunate
enough to get to know him over the past two years and his impression on me in that
brief time was tremendous. As anyone who has encountered him knows, Eddie was a
masterful communicator, guarded about his personal life, but immensely generous
with his ideas in any sort of intellectual exchange. Over the course of his life he has
been associated with luminaries like Larry Neal, Amiri Baraka, Malcolm X, Queen
Mother Audley Moore, James Baldwin, Lorraine Hansburry, Yuri Kochiyama, Stokely
Carmichael, James Foreman, and Derrick Bell, yet when he and I spoke he would, at
times, ask about my opinions and listen carefully to what I had to say. For this I was
honored.
eddie-ellis
Eddieʼs̓ life was rich, and o en painful, but it seems to me that his vital talent was his
ability to draw on his personal experience and the experiences of those around him in
order to analyze a given situation and create possibilities that otherwise would seem
impossible, not just for himself, but also for those around him. He brought out the
brilliance in others. In what follows, I will try to honor Eddie by providing a few
political “snapshots” that illustrate this point.
In the mid 1960s Eddie traveled from Harlem to Lowndes County Alabama with
several members of the nascent Revolutionary Action Movement. Their goal was to
observe and examine the strategies being employed during the SNCC campaign to
develop an independent black political apparatus. Inspired by what they learned, Get news updates from
CounterPunch
https://www.counterpunch.org/2014/08/08/eddie-ellis-and-the-struggle-for-black-freedom/ 1/4
3/12/24, 1:00 AM Eddie Ellis and the Struggle for Black Freedom - CounterPunch.org
Eddie and his consorts returned to Harlem, a place where blacks had a numerical
majority but very little political power, and established the rst Black Panther Party.
The group immediately began working with an ongoing campaign for control of
community institutions. I have included what I think is Eddieʼs̓ clearest articulation of
this moment from an unpublished 1992 interview with Dr. Muhammad Ahmad:
At the same time that we were organizing the Party in New York, we were right in
the middle of the struggle for community control of the schools. One of our rst
major initiatives was to support that campaign. We lent or organizational
resources to those people at IS201 in Harlem and Oceanville in Brownsville,
Brooklyn who were organizing in this area. We knocked on doors, held
community meetings, sent out press releases, and passed out lea ets. We talked
about voter registration and the importance of getting involved in the struggle
around community control of the schools. There was a city-wide school boycott in
1964 or 1965 and we played a major role in educating parents on the reasons why
their children should not be sent to their schools under the kinds of conditions
that existed at the time.
Out of that struggle we began to look at how we could broaden the base of the
party by involving Latinos on the East Side, the Young Lords who were organizing
around grievances and problems very similar to ours. During that time we also did
a tremendous amount of writing, which we had hoped, would disseminate our
analysis in order to educate and organize a wider audience.
What was signi cant and unique about the BPP and other nationalist groups
during the period was that it ushered in a new consciousness into the black
community. It was not an assimilationist or integrationist consciousness, but a
rather a consciousness of self-determination, self-reliance, independence. This
new consciousness brought a new kind of energy to the black community which
ultimately led to a massive uprising of people all over this country.
In 1969 Eddie was targeted for “neutralization” by the FBIʼs̓ Counter Intelligence
Program. He was arrested and convicted for the murder of James Howard, a crime for
which Eddie steadfastly maintained his innocence. Nonetheless, Eddie was sentenced
to 25 years in Federal Prison. Thus he joined the countless activists who were taken o
streets and con ned in prisons (or assassinated) during the period.
Eddie was sent to Attica, a place he described as, “one of the most brutal, oppressive
and racist prisons that I have ever been in.” In 1971, these oppressive conditions,
which persisted in spite of the repeated appeals issued by those who su ered from
them, led to the Attica Rebellion. In response, Nelson Rockefeller led a vicious
counter-rebellion in which 43 people – prisoners and guards alike – were massacred
by a state assault force. Eddie witnessed this while he was locked down in C-Block,
calling it “the most stunning event that ever happened in my life; to just witness cold
blooded murder.”
I will not attempt to elaborate the full import of Attica here, but su ce it to say that
not only was Attica a collective act of material and corporeal insurrection, it was also a
collective manifestation of intellectual and ontological genius. It ushered in a decisive
break in penal policy, prison organizing, and radical politics nationally and
internationally. It also profoundly transformed Eddie and a whole generation of
Get news updates from
CounterPunch
https://www.counterpunch.org/2014/08/08/eddie-ellis-and-the-struggle-for-black-freedom/ 2/4
3/12/24, 1:00 AM Eddie Ellis and the Struggle for Black Freedom - CounterPunch.org
incarcerated and non-incarcerated prison activists. The Institute For The Black World
called it “the highest stage of struggle reached by the black movement in this
country.”
Following Attica, Eddie and approximately 500 others from throughout the New York
Prison System were transferred to Green Haven Correctional Facility. At Green
Haven
Eddie began to collaborate with and assist an organization of imprisoned intellectuals
who were known as the Think Tank. In 1972, under the leadership of Larry “Luqman”
White, the Think Tank began to develop and initiate several community development
and research projects oriented toward improving prison conditions, politicizing the
communities from which prisoners came, and undermining the penal rationality of
incapacitation.
Members of the Think Tank were physically con ned within the prison, thus the
operations and functions of the prison and its role in American society became the
focus of their analysis. A year earlier, just prior to the Attica Rebellion, Angela Davis,
who at the time was incarcerated in California, had presciently written about this
practice:
The vast majority of political prisoners have not allowed the fact of imprisonment
to curtail their educational, agitational, and organizing activities, which they
continue behind prison walls.
My dissertation research attempts to trace the impact of the political and intellectual
work of the Think Tank and the ways in which their ideas and frameworks continue to
circulate today – within and beyond prisons. Their accomplishments are numerous,
yet they are best known as the architects of what became known as “The Seven
Neighborhood Study” in the early 1990s. The study, which analyzed demographic data
and o ered public policy solutions was ahead of its time. It is o en cited for clearly
demonstrating that at the time 75% of the stateʼs̓ prisoners came from just seven
neighborhoods in New York City. Larry and Eddie wrote this study together and the
Think Tank distributed it to their wide network of connections on the inside and on
the outside.
Upon his release from prison in 1992, the New York Times wrote a story on the
study which helped to elevate Eddieʼs̓ pro le in criminal justice spheres. Although
“free,” he continued to work on prison issues, helping to establish organizations such
as the Community Justice Center, The Prison Moratorium Project, The Center for
NuLeadership on Urban Solutions, and the radio Program, On The Count: The Prison
and Criminal Justice Report.
In one of my interviews with Eddie I asked him why he kept working so hard despite
his ailing health. He said:
We have a warrior mentality and warriors never put their shields down.
I remember being struck by how he referred to himself using the collective pronoun,
“we.” I also asked him about Human Justice, the theoretical framework he had been
developing right up until his passing. I wanted to know what he hoped it would
accomplish. He said:
Get news updates from
CounterPunch
https://www.counterpunch.org/2014/08/08/eddie-ellis-and-the-struggle-for-black-freedom/ 3/4
3/12/24, 1:00 AM Eddie Ellis and the Struggle for Black Freedom - CounterPunch.org
Our primary objective has to be to dismantle the criminal punishment system, but
to achieve that we have to engage in some intermediate steps, most of which are
reformist. For instance, we need to remove all of the people who could be
somewhere else, such as the mentally ill, the elderly, the in rmed, or people who
have substance abuse issues. These populations may represent 40 or 50 percent of
the total system. As we begin to extricate them, we shrink the system. Right now
the Prison Industrial Complex is so massive that itʼs̓ almost beyond our
imagination. But if we shrink it, not only in terms of the number of people who
are captive within it, but also in terms of the money thatʼs̓ being spent as a
consequence of it, we begin to make it more manageable. So I think that in terms
of activism, that has to be our long-term strategy.
Eddie was an indefatigable agent of radical social transformation whose
commitment to building institutions, exchanging knowledge, and rede ning the
“common sense” terms of a given debate will ensure that his countless descendants
have the necessary tools and resources to carry on the struggle.
Orisanmi Burton is a Doctoral Student in the Department of Anthropology at UNC
Chapel Hill.
CounterPunch Administration Editorial Mailing Address
Tells the Facts and Names the Becky Grant Je rey St. Clair, Editor CounterPunch
Names CFO/Administrator Joshua Frank, Managing Editor PO Box 228
Published since 1996 Nathaniel St. Clair, Social Media Petrolia, CA 95558
Deva Wheeler
Copyright © CounterPunch Alexander Cockburn, 1941—2012
Subscriber and Order Support Telephone
All rights reserved.
counterpunchbiz@gmail.com
counterpunch@counterpunch.org Nichole Stephens, Administrative
A ssistant
1(707) 629-3683
Get news updates from
CounterPunch
https://www.counterpunch.org/2014/08/08/eddie-ellis-and-the-struggle-for-black-freedom/ 4/4
EDDIE ELLIS WAY
S T R E E T N A M I N G P R O P O S A L
ARTICLE 5
3/12/24, 1:01 AM CASES Mourns the Death of Activist Eddie Ellis - CASES
Services Referrals Join CASES About Donate
CASES Mourns the Death of Activist Eddie Ellis
Published on August 5, 2014
On July 24, longtime prison reform advocate Edwin “Eddie” Ellis passed away. He
was 72 years old. A nationally recognized figure in the fight to reform the criminal
justice system, Ellis was the founder of the Centre for NuLeadership on Urban
Solutions.
Before becoming a leading voice in the prison reform movement, Ellis was a
member of the Black Panther Party and was incarcerated for 25 years for a
murder he did not commit. He was one of the last people to remain in the Attica
Correctional Facility after its famous riots. In 1979, Ellis was part of a group of
men that introduced the Seven Neighborhood Study. This study documented the
disproportionate representation of Black and Latino men from seven
neighborhoods in New York State’s prison system.
Ellis founded the NuLeadership Policy Group in 2001. The organization conducts
research, advocacy, and leadership training to help currently and formerly
incarcerated individuals, and Ellis worked tirelessly to examine the current
criminal justice system and identify solutions for more humane and fair
approaches.
CASES’ Director of Youth Programs, Rukia Lumumba, issued the following
statement:
“Eddie Ellis was a champion of prison reform. He worked hard to provide
concrete evidence of the racial and class disparities that remain in our criminal
system and to push for real and lasting improvements. He made a point of giving
voice to the many men and women locked behind prison bars and served as an
inspiration to many advocates, service providers, and persons’ formerly
incarcerated. He will be greatly missed, and his legacy will live on in the many
lives he has touched.”
Posted in News
Director of Youth Programs to Speak at Mississippi CASES Now Offering Adolescent Portable Therapy
Freedom Summer
https://www.cases.org/2014/08/05/cases-mourns-the-death-of-activist-eddie-ellis/ 1/2
EDDIE ELLIS WAY
S T R E E T N A M I N G P R O P O S A L
ARTICLE 6
3/12/24, 1:04 AM Remembering a Friend & Comrade-R.I.P. Edwin ""Eddie"" Ellis - Institute of the Black World 21st Century
About Us (cid:0) What We Do News & Articles (cid:0) Videos Contact (cid:0) Sign-Up Donate (cid:0)
Editors' Choice
Remembering a Friend & Comrade–R.I.P.
Edwin “Eddie” Ellis
By IBW21 July 26, 2014
You Are Here: Home » Blog » Editors' Choice » Remembering a Friend & Comrade–R.I.P. Edwin “Eddie” Ellis
East Brooklyn has learned that Edwin “Eddie” Ellis (72) has passed. Although, details
of Ellis’ passing are uncon rmed, it is believed that Ellis may have passed away in
the early morning hours of July 24, 2014, from a heart attack.
Speaking of the news, longtime friend and colleague, Dr. Divine Pryor, released this
statement.
“Dear friends and family:
It is with a very heavy heart that I share this news with you. Eddie Ellis, our fearless,
tireless and loving leader and warrior passed away this morning.
So much needs to be said, of course, but for now, I want to thank you for your
words of support and love. We will be in touch with updates soon. Please direct all
inquiries to dpryor@centerfornuleadership.org for now. Thank you.”
Beloved by many, Ellis was born in 1941. He became nationally known as a staunch Here are some quick
prison reformer and advocate of the non-traditional approach to the “criminal links to NAARC’s website
to help you get involved
punishment system” Ellis’ take on the criminal justice system. Ellis was a Black
and stay informed:
Panther and served 25 years in prison- being one of the last people to remain in
Attica after its famed rebellion. Back in 1979, Ellis was one of a small group of
• Donate
incarcerated men who berthed the Seven Neighborhood Study, a project that gave
• What is NAARC?
spotlight to the phenomenon of New York State prisons being lled up
• What is NAARC’s 10
disproportionately by Black and Latino men from just seven neighborhoods in New Point Plan?
York City. • Forums & Conferences
Ellis, founder of the nonpro t Center for Nuleadership On Urban Solutions was • NAARC News
perhaps most famous for his distinctive, throaty voice every Saturday mid- • Reparations Advocate
afternoon on the radio show “On The Count”, a popular weekly radio show on WBAI Sign Up
that prides itself on being the city’s only show about, for, and produced by people
who were formerly incarcerated.
However, Ellis had not personally been on air since late 2013. Fiercely private in his
personal affairs, Ellis had been silently suffering from a long bout with chronic STAY CONNECTED
conditions, suffered since his time at Attica, which frequently sent him to and from
hospi tals.
Ellis earned his undergraduate degree and post-graduate degree as a theologian.
Ellis was considered by many professionals and advocates working in and out of
New York criminal justice system, as a rare, credible and legitimate appraiser of its
dollar for dollar value. So much so that several political luminaries, like former
Governor NYS Eliot Spitzer and former US President George W. Bush’s domestic
policy advisor,continued to tap Ellis for his expertise to serve in consultant and
advisory roles.
In, 2011, Harvard University’s Charles Hamilton Houston Institute for Race and
Justice recognized Ellis’s life long commitment to reforming America’s punishing
criminal justice system.
Ellis’ passing comes in the midst of efforts by his colleagues to edify his non-
traditional approach to criminal punishment system in the form of The Eddie Ellis
RECENT POSTS
Academy for Human Justice.
March 21st
Forum/Rally:
Resolving the
Critical Crisis in
Haiti – The Role
of the Montana
Accord Movement
March 11, 2024
(cid:0)Share (cid:0) Tweet (cid:0) Share
https://ibw21.org/editors-choice/remembering-a-friend-comrade-r-i-p-edwin-eddie-ellis/ 1/3
EDDIE ELLIS WAY
S T R E E T N A M I N G P R O P O S A L
ARTICLE 7
3/12/24, 1:06 AM Eulogy for Eddie Ellis: A Prisoner Scholar – Prison Radio
Sign Up
Search … Menu
‹ Commentaries
Eulogy for Eddie Ellis: A Prisoner Scholar
Mumia Abu-Jamal
07/29/14 SHARE
00:00 02:18 Download
For New Yorkers, the name Eddie Ellis drew admiration, respect and even some awe.
For he was a man of passion, action and brilliance, as shown by his many lives as a Black Panther, a prison
lifer, and a scholar who worked as an activist among youth to turn their lives away from the dead-end of
prison.
He was also a broadcaster on WBAI for many years, on their weekend “On the Count” show produced by ex-
prisoners.
He was also (yes, also) an organize, who founded the nonprofit Center for Nu Leadership On Urban
Solutions, a criminal justice think tank bringing new thinking to outmoded theories that don’t work in the
real world.
Ellis lectured globally in such issues, from Harvard to Stanford, from London to South Africa.
During his 25 years in prison, Ellis devoted his time to education, earning 2 Associate Degrees from SUNY
Sullivan County Community College in Paralegal Studies; a Bachelor’s Degree in Business Administration
from Marist College; and a Master’s Degree, summa cum laude, in Theology from New York Theological
Seminar y.
He used his skills to bring hope and life to youngsters in Harlem- and indeed, the 7 neighborhoods in New
York that feeds and swells the state’s prisons.
In fact, it was his thinking, with other prisoner-scholars in Green Haven Prison in Stormville, NY, in 1979. that
uncovered the 7 neighborhood notion of where 87% of state prisoners come from.
Edwin ‘Eddie’ Ellis spent 25 years in prison for a murder he didn’t commit, and left to continue serving the
people’s most precious hopes – it’s children.
Ellis, a member of the Harlem branch of the Black Panther Party, returned to the ancestors, after 72 years of
life.
SHARE
https://www.prisonradio.org/commentary/eulogy-for-eddie-ellis-a-prisoner-scholar/ 1/3
EDDIE ELLIS WAY
S T R E E T N A M I N G P R O P O S A L
ARTICLE 8
3/12/24, 1:08 AM Eddie Ellis: Legacy of a Prison Reformer - The Crime Report

Home » Eddie Ellis: Legacy of a Prison Reformer
AUGUST 21, 2014
Eddie Ellis: Legacy of a Prison Reformer
(cid:0)
BY 5 MINS READ
The rst thing you noticed about Edwin (“Eddie”) Benjamin Ellis Jr. was his husky, low-pitched
voice. But for more than two decades, it was his very presence inside the public policy arena that
marked the sonic equivalent of an ear-splitting roar.
As a New York-based activist, Ellis—who died of cancer last month at the age of 72—was the host
and executive producer of “On The Count!,” the groundbreaking weekly series that airs on WBAI-
FM in New York, and covers a broad range of criminal justice issues.
Ellis was also the co-founder of the Center for NuLeadership on Urban Solutions, a think tank
that advocates for the formerly incarcerated and helped to spearhead a grassroots campaign that
culminated in the landmark 2009 measure on sentencing reform for rst-time, low-level drug
offenders in New York.
Most notably, the radio program and the policy group are wholly staffed by people who—like Ellis
himself—had once served signi cant time behind bars.
https://thecrimereport.org/2014/08/21/2014-08-eddie-ellis-legacy-of-a-prison-reformer/ 1/6
3/12/24, 1:08 AM Eddie Ellis: Legacy of a Prison Reformer - The Crime Report
In his advocacy work, Ellis toured prisons across the country to mentor and facilitate anti-
violence workshops. Yet an enduring part of his legacy can also be found well beyond prison
walls.
Ellis was skilled at identifying formerly incarcerated men and women who could educate the
public on subjects ranging from anti-gang initiatives to re-entry. Those individuals have since
become noted experts on mental health, public safety, nance and the law; and their policy
recommendations have been solicited by legislators, non-pro t groups, and government
agencies nationwide, while garnering support from celebrities like the legendary singer-
activist Harry Belafonte and rapper Yasiin Bey (Mos Def).
In 1969, Ellis was a street-savvy writer at the forefront of the Black Panther Party’s New York
chapter. That year, he was arrested for the fatal shooting of a 34-year-old Harlem man.
At one point, the trial’s melodramatic atmosphere was underscored by a bomb scare that shook up
the courtroom. Friends and supporters, including the black militant H. Rap Brown,
countered that Ellis— who maintained his innocence—was being framed through the FBI’s wide-
ranging counterintelligence program.
Ellis spent 25 years in New York maximum-security prisons, including a stint in Attica. He
witnessed the notorious 1971 riot that claimed 43 lives.
When he was released in the early 1990s, signi cant portions of the city’s black and Latino
neighborhoods were struggling with the cumulative impact of a troubled economy, crack and
gun violence.
In the year when Ellis began serving his sentence, the U.S. prison population totaled some
200,000 people, according to gures compiled by the Sentencing Project. By the time of his
release, the nation’s incarceration rate had quintupled.
For his part, Ellis had always credited the role that family and friends played in cushioning his
transition from prison. In fact, it was Ellis’ support network that helped him land a full-time job at
the Neighborhood Defender Service of Harlem, a community-based legal group.
But it wasn’t a case of charitable outreach. While incarcerated, Ellis earned two separate
associate’s degrees along with a bachelor’s degree from Marist College and a master’s degree
from New York Theological Seminary.
In retrospect, it only seems natural that WBAI would turn to Ellis to help launch “On The
Count!”
As he liked to note about each show, listeners were just as likely to be casually listening on a
Saturday morning while t xing a second cup of coffee as they were to be tuning in from a
https://thecrimereport.org/2014/08/21/2014-08-eddie-ellis-legacy-of-a-prison-reformer/ 2/6
3/12/24, 1:08 AM Eddie Ellis: Legacy of a Prison Reformer - The Crime Report
correctional facility. (Full disclosure: It’s a unique dynamic that I witnessed for nearly decade as
a panelist on the show’s annual reporters' roundtable.)
But despite his platform on the airwaves, Ellis was pushing for an even greater say in the public
sphere—particularly for those whom he represented. As a keen observer on subjects ranging from
bail and sentencing guidelines to prison conditions and parole, Ellis grew tired of attending
conferences in which he was merely expected to share brief vignettes of his prison experiences.
Later, he would derisively call those appearances “a dog and pony show” when I interviewed
him in 2006.
Too often, Ellis argued, the bipartisan push for criminal justice reform has failed to integrate the
perspective of those who are intimately familiar with the system itself—namely, people of color
who had been incarcerated.
In launching his group, Ellis sought to engage the public with the faces behind the statistics. In that
sense, Ellis argued that he wasn’t seeking soft-on-crime handouts (he consistently called for
personal responsibility and for the formerly incarcerated to publicly own up to their crimes) but to
stem the tide of recidivism—which, as a recent federal study shows, remains alarminglyhigh in
many jurisdictions.
But doing so, he pointed out, requires policymakers to face perennial problems like race and
class along with a slew of other dilemmas including the general decline of prison-based
educational programs and longstanding employment barriers.
In life, Ellis often shunned the spotlight. He was quick to redirect it elsewhere.
But in his effort to change how the public thinks and talks about criminal justice reform, there’s no
doubt that his voice will resonate loudly in the many debates to come.
Curtis Stephen is a Brooklyn-based journalist whose work has appeared in The Daily Beast,
and AM New York. He welcomes comments from readers. His website is:
N e w s w e e k , C i t y L i m i t s
h t t p : / / c u r t i s s t e p h e n . c o m
(cid:0) (cid:0) (cid:0) (cid:0) (cid:0)
(cid:0)
R E L A T E D P O S T S
https://thecrimereport.org/2014/08/21/2014-08-eddie-ellis-legacy-of-a-prison-reformer/ 3/6
EDDIE ELLIS WAY
S T R E E T N A M I N G P R O P O S A L
ARTICLE 9
3/12/24, 1:09 AM Dedication - College Initiative Upstate
(https://ciutompkins.org/)
Dedication
To Friends Who Led The Way
Honoring Eddie Ellis, Latif Islam, Arlene Mohammed, and Father Stephen Chinlund, who lived lives with great vision, bringing education, friendship, and light
across perceived boundaries. And to the vibrant Women of Bedford Hills, who were college students during the late 1990s and continue to work for equality and
education for all, you are my heroes!
Eddie Ellis and Kathy Boudin, 2011
Eddie Ellis (1942-2014)
https://www.prisonpolicy.org/blog/2014/07/25/eddie/ (https://www.prisonpolicy.org/blog/2014/07/25/eddie/)
http://amsterdamnews.com/news/2014/jul/31/obituary-edwin-benjamin-ellis-jr/ (http://amsterdamnews.com/news/2014/jul/31/obituary-edwin-benjamin-ellis-jr/)
https://www.thesunmagazine.org/issues/451/the-run-on-sentence (https://www.thesunmagazine.org/issues/451/the-run-on-sentence)
In 1970, when Eddie Ellis served as Community Relations Director for the NYC Black Panther Party, he was targeted by the FBI’s Counter-Intelligence Program and
charged with a murder that he did not commit. He spent the next 25 years in prison where he became a brilliant and respected leader who found ways to connect
politicians, programs, and ideas across boundaries. In 1971, he was one of the last people to remain in the Attica Prison after the 1971 Uprising, before being
transferred to Greenhaven. At Greenhaven, Eddie became a founding member of a “Think Tank” of incarcerated men who engaged in research and peer program
development. Their most well-known study is the Seven Neighborhood Study
(https://static1.squarespace.com/static/58eb0522e6f2e1dfce591dee/t/596e1246d482e9c1c6b86699/1500385865855/seven-
neighborhood+revisited+rpt.pdf) which showed that 85% of NYS’s prison population was Black or Latino and 75% came from seven neighborhoods in NYC. This
study, written in 1978-79 received little notice until it was printed in the NY Times, in 1992 when the ndings were brought into the mainstream of criminal justice
and prison discussion. The Think Tank was also instrumental in bringing the rst college programs into the NYS prison system - rst Dutchess Community College
and then Marist College bachelor’s degree programs. After release, Eddie became Director of Ministries at Riverside Church in NYC and then launched the Center
for NuLeadership with headquarters in Harlem. One of his lasting contributions was a widely circulated open letter (https://cmjcenter.org/wp-
content/uploads/2017/07/CNUS-AppropriateLanguage.pdf), urging that nouns like “convict” and “o ender” be replaced with “people” because such terms erased
the humanity of formerly imprisoned people. He wrote, “The worst part of repeatedly hearing your negative de nition of me, is that I begin to believe it myself, ‘for
as a man thinketh in his heart, so is he’."" Eddie was respected internationally for his wisdom and leadership, and he laid the foundation for the future of the
criminal justice reform movement. To learn more about Eddie Ellis’s incredible work and legacy, you can watch the documentary ""The Last Graduation"", on our
Links page.
https://ciutompkins.org/dedication/ 1/4
EDDIE ELLIS WAY
S T R E E T N A M I N G P R O P O S A L
ARTICLE 10
3/12/24, 1:10 AM WBAI MOURNS PASSING OF PRODUCER EDDIE ELLIS
WBAI MOURNS PASSING OF PRODUCER EDDIE ELLIS
Search
- NYC 07/25/2014 by Sally OBrien, Kyung Ji Rhee (WBAI - EastBrooklyn.com)
Eddie’s wake and homegoing service will be held on
Thursday, July 31 (wake 4-7 PM; service at 7 PM) at the
Abyssinian Baptist Church, 132 Odell Clark Place
(formerly 138th St.) between Malcolm X and Adam
Clayton Powell, Jr. Blvds. Tel: 212-862-7474. Please note
(from the Abyssinian website): “Backpacks are not permitted
inside the Abyssinian Sanctuary. Unfortunately, we cannot
provide baggage-check services.”
This is yet another very sad loss in our long-time WBAI
family (however dysfunctional - a family for many years).
Brother Eddie Ellis brought a truthfulness and wisdom to
everything he worked on. Early to the militant revolutionary
struggles of the 60's and 70's Eddie picked up the
seemingly insurmountable struggle alongside other
dedicated revolutionists. He ended up spending a quarter
century inside the worst of America's prisons, enduring
torture and hardship due to his convictions.
Once at liberty Eddie shared years of study and informed
analysis about the Prison-Industrial complex, the prisoners-
for-profit in corporate America and the deplorable conditions
generally across the country's penal institutions. He spent his life ""IN-SERVICE""... Taught many of
us a great deal... and always kept his caring heart.
Read
A Life Well Lived! Bon Voyage Eddie... Sail in Peace!
- Sally O'Brien Subscribe
*******************************************************************************
Edwin ‘Eddie’ Ellis Passes
By Kyung Ji Rhee on July 24, 2014 in News and Latest
Originally published by EastBrooklyn.com
EastBrooklyn has learned that Edwin “Eddie” Ellis (72) has passed. Although, details of Ellis’
passing are unconfirmed, it is believed that Ellis may have passed away in the early morning
hours of July 24, 2014, from a heart attack.
Speaking of the news, longtime friend and colleague, Dr. Divine Pryor, released this statement.
“Dear friends and family:
It is with a very heavy heart that I share this news with you. Eddie Ellis, our fearless, tireless and
loving leader and warrior passed away this morning.
So much needs to be said, of course, but for now, I want to thank you for your words of support
and love. We will be in touch with updates soon. Please direct all inquiries to
dpryor@centerfornuleadership.org for now. Thank you.”
Beloved by many, Ellis was born in 1941. He became nationally known as a staunch prison
reformer and advocate of the non-traditional approach to the “criminal punishment system” Ellis’ take on the criminal
justice system. Ellis was a Black Panther and served 25 years in prison-being one of the last people to remain in Attica
after its famed rebellion. Back in 1979, Ellis was one of a small group of incarcerated men who berthed the Seven
Neighborhood Study, a project
that gave spotlight to the phenomenon of New York State prisons being filled up disproportionately
by Black and Latino men from just seven neighborhoods in New York City.
Ellis, founder of the nonprofit Center for Nuleadership On Urban Solutions was perhaps most
famous for his distinctive, throaty voice every Saturday mid-afternoon on the radio show “On The
Count”, a popular weekly radio show on WBAI that prides itself on being the city’s only show
about, for, and produced by people who were formerly incarcerated.
However, Ellis had not personally been on air since late 2013. Fiercely private in his personal
affairs, Ellis had been silently suffering from a long bout with chronic conditions, suffered since his
time at Attica, which frequently sent him to and from hospitals.
Ellis earned his undergraduate degree and post-graduate degree as a theologian. Ellis was
considered by many professionals and advocates working in and out of New York criminal justice
system, as a rare, credible and legitimate appraiser of its dollar for dollar value. So much so that
several political luminaries, like former Governor NYS Eliot Spitzer and former US President
George W. Bush’s domestic policy advisor,continued to tap Ellis for his expertise to serve in
consultant and advisory roles.
In, 2011, Harvard University’s Charles Hamilton Houston Institute for Race and Justice recognized
Ellis’s life long commitment to reforming America’s punishing criminal justice system.
Ellis’ passing comes in the midst of efforts by his colleagues to edify his non-traditional approach
to criminal punishment system in the form of The Eddie Ellis Academy for Human Justice.
1/2
https://www.wbai.org/articles.php?article=2148
EDDIE ELLIS WAY
S T R E E T N A M I N G P R O P O S A L
ARTICLE 11
3/12/24, 1:16 AM Who was Edwin Eddie Ellis
HOME (HTTPS://WWW.IAMHIPHOPMAGAZINE.COM/)ABOUT US(cid:0)EDUCATION (HTTPS://WWW.IAMHIPHOPMAGAZINE.COM/EDUCATION/)
POETRY (HTTPS://WWW.IAMHIPHOPMAGAZINE.COM/POETRY/)
RADIO SHOW (HTTPS://WWW.IAMHIPHOPMAGAZINE.COM/I-AM-HIPHOP-RADIO-SHOW/)
INDIGENOUS PEOPLE (HTTPS://WWW.IAMHIPHOPMAGAZINE.COM/INDIGENOUS-PEOPLE/)
INTERVIEWS (HTTPS://WWW.IAMHIPHOPMAGAZINE.COM/INTERVIEWS/)
REVIEWS(HTTPS://WWW.IAMHIPHOPMAGAZINE.COM/WHATS-NEW/REVIEWS/)EVENTS
(HTTPS://WWW.IAMHIPHOPMAGAZINE.COM/EVENTS/) EXTRAS(cid:0)WRITER’S CORNER (HTTPS://WWW.IAMHIPHOPMAGAZINE.COM/WRITERS-
CORNER/)SUBMISSIONS (HTTPS://WWW.IAMHIPHOPMAGAZINE.COM/SUBMISSIONS/)
By Rishma Dhaliwal (https://www.iamhiphopmagazine.com/author/rishma-dhaliwal/) On December 27, 2018
(https://www.iamhiphopmagazine.com/edwin-eddie-ellis/) Education (https://www.iamhiphopmagazine.com/category/education/), Featured
Slider (https://www.iamhiphopmagazine.com/category/featured-slider/) Black Panther Party (https://www.iamhiphopmagazine.com/tag/black-
panther-party/), COINTELPRO (https://www.iamhiphopmagazine.com/tag/cointelpro/), Education
(https://www.iamhiphopmagazine.com/tag/education/), edwin eddie ellis (https://www.iamhiphopmagazine.com/tag/edwin-eddie-ellis/), Hip
Hop Magazine (https://www.iamhiphopmagazine.com/tag/hip-hop-magazine/), Knowledge Session
(https://www.iamhiphopmagazine.com/tag/knowledge-session/), prison riots (https://www.iamhiphopmagazine.com/tag/prison-riots/), USA
(https://www.iamhiphopmagazine.com/tag/usa/)
Ellis was born in Harlem, December 1941. In 1969, Ellis was director of Community Relations for the New York City branch of the Black Panther
Party when he was caught up in the FBI’s Counter-Intelligence Program (COINTELPRO), which systematically targeted radical groups.A year later
he was convicted and sentenced for killing James Howard, a man Ellis had never met, despite there being no evidence linking him to the crime.
He was sent to Attica Prison, where he witnessed the notorious riot there in 1971. He was then transferred to Greenhaven Correctional Facility, a
maximum security prison where New York’s infamous electric chair “Old Sparky” was stationed.
At Greenhaven, Ellis and a group of men successfully lobbied to have college programs made available to inmates, and persuaded the warden to
house the participants together in the same area of the prison.
A college dropout, Ellis said he was motivated by his parents to return to his studies. In prison, he earned two associate degrees, a Bachelor of
Science in Business Administration from Marist College Greenhaven (magna cum laude) and a master’s degree from New York Theology Semin -
ary (summa cum laude).
https://www.iamhiphopmagazine.com/edwin-eddie-ellis/ 1/6
3/12/24, 1:16 AM Who was Edwin Eddie Ellis
“Eddie sees things that people don’t see and I pushed others to attend college,
because Eddie pushed me,”
Chambers said.
By 1992, Ellis was in a work release program at Lincoln Correctional Center in Harlem.
Two years later, he re-entered mainstream society and continued his advocacy work.
While still in prison, Ellis, Warren Harry and George Prendes set up the Prisoners
Parolees Anti-Crime Organization. It eventually became the Community Justice Center
and Ellis became executive director after his release. Harry and Prendes were deputy
directors. The center provided housing, education opportunities funded by the state and
federal government and assistance from social services programs.
In 2002, it became the Nu Leadership Public Policy Group, concentrating solely on justice
and prison conditions, employing workers who earned post-graduate degrees and PhDs.
In 2008, the public policy group became the Center for Nu Leadership on Urban Solutions, a criminal justice think tank, headed by center dir -
ector Devin Pryor, PhD. Ellis has traveled the world on behalf of the center, lecturing at Yale, Harvard, Stanford, in London, South Africa and
Scotland on crime and conditions in the community that keep people in poverty, and how the community produces law abiding citizens.
“We look at the larger picture, both economically and socially,” Ellis said.
A former adjunct professor at Medgar Evers College, Ellis, now 70, works at home writing and researching. He lobbies state and local legislators
on behalf of the unemployed, provides briefing papers to lawmakers and trains parole o cers, police o cers, social workers and clergymen
how to deal with at-risk youth. He also is working on a major campaign to end the practice of charging teenagers under 18 as adults.
Ellis’ raspy voice – a result of a paralyzed vocal cord – can be heard on “On the Count,” a 90-minute weekly, public a airs radio program on
WBAI FM 99.5. It is the only radio talk show in the country produced by formerly incarcerated employees who have post-graduate degrees, two
of them with PhDs.
Ellis, author of “The Real War on Crime,” said thousands of formerly incarcerated, educated people reshaping the world don’t get the respect
they deserve because their former status continues to define them after they’ve paid their debt to society, even though research shows recidiv -
ism drops significantly for African Americans who earn a degree while imprisoned.
Edwin Eddie Ellis served 25 years in prison for a murder he did not commit, but he never let that get in the way of living a life of purpose. He
passed away in the early morning hours of July 24, 2014, from a heart attack.
(https://www.iamhiphopmagazine.com/wp-content/uploads/2014/08/attika1.jpg)
For more articles please visit http://blackamericaweb.com/ (http://blackamericaweb.com/)
https://www.iamhiphopmagazine.com/edwin-eddie-ellis/ 2/6
EDDIE ELLIS WAY
S T R E E T N A M I N G P R O P O S A L
ARTICLE 12
3/12/24, 1:18 AM Death of Eddie Ellis a Loss to All Who Pursue Justice
research client
« Back to the Newswire
Death of Eddie Ellis a Loss to All Who Pursue Justice
NYSDA and its Client Advisory Board Mourn Edwin ""Eddie"" Ellis
22 people recommend this. Sign Up to see what your friends
Recommend
recommend.
ALBANY, NY (07/28/2014)(readMedia)-- The New York State Defenders Association (NSYDA) and its Client Advisory
Board join many others in mourning Edwin ""Eddie"" Ellis, who died July 24, 2014. An influential advocate for reform of
the criminal legal system, Ellis founded the Centre for NuLeadership On Urban Solutions. ""His death is a great loss to
those who fight for justice and to those who continue to be denied justice,"" said NYSDA Executive Director Jonathan
E. Gradess.
As the Center for NuLeadership noted in announcing Ellis's death, he was imprisoned in Attica at the time of the
uprising. During and following his incarceration, Ellis ""became nationally known as a staunch prison reformer and
advocate of the non-traditional approach to the 'criminal punishment system.'""
Dr. Alice P. Green, a member of NYSDA's Client Advisory Board, often mentions with respect Ellis and other members
of a ""think tank"" of incarcerated men at the Green Haven prison. Their research first put a spotlight on the
disproportionate number of people in state prison who came from just seven New York City neighborhoods. Green,
who has a doctorate in criminal justice and advanced degrees in education, social work, and criminology, says she
remains astounded by the quality of the work Ellis and the others were able to do while locked away 35 years ago.
Green is the Executive Director of the Center for Law and Justice, in Albany; Ellis was a founding board member. The
Center has published several important reports on the disproportionate impact of adult and juvenile justice systems
in the Capital Region; such work has roots in Ellis's early efforts to demonstrate with data the unfairness of what has
come to be known as mass incarceration. ""We give thanks for his love of people. We will miss his light,"" Green said.
The New York Times ran a story in 1992 about Ellis, the research that he and others did, and the reform work he was
engaged in. A Christian Science Monitor article in 1997 noted the education Ellis obtained in prison and his work
after release helping at-risk children and running the Community Justice Center in Harlem dedicated to helping
formerly incarcerated people transition back into society. In 2007, the Daily News reported that Ellis was ""considered
by law enforcement experts as a pioneer in the study of incarceration data;"" it also noted that ""[n]early 30 years after
the former Black Panther examined the ties between poverty and prison, research shows that low-income
neighborhoods still send the most men to prison.""
Ellis fought for reform of prisons and the system that fills them throughout his life. Recognition of his work included the
creation by Citizens Against Recidivism, Inc. of the Edwin (Eddie) Ellis Life Time Achievement Award honoring
formerly incarcerated people for their contributions; recipients have included NYSDA Client Advisory Board members
Darryl King and John ""Jay"" Coleman, who chairs the advisory board and is now employed as NYSDA's Client
Coordinator. Ellis himself received Citizens Against Recidivism's first Martin Luther King Jr. Lifetime Achievement
Award, in 2007.
Posted Monday July 28, 2014 at 04:11 pm by New York State Defenders Association
readme.readmedia.com/Death-of-Eddie-Ellis-a-Loss-to-All-Who-Pursue-Justice/9535151 1/2
EDDIE ELLIS WAY
S T R E E T N A M I N G P R O P O S A L
ARTICLE 13
2/6/24, 9:38 AM Opinion | Labels Like ‘Felon’ Are an Unfair Life Sentence - The New York Times
https://www.nytimes.com/2016/05/08/opinion/sunday/labels-like-felon-are-an-unfair-life-sentence.html
EDITORIAL | LOCKED OUT OF SOCIETY
Labels Like ‘Felon’ Are an Unfair Life Sentence
By The Editorial Board
May 7, 2016
The Obama administration has worked over several years to steer the country away from policies that deny tens of millions
of people with criminal records jobs, housing, education, consumer credit, professional licenses and the other tools they need
to forge viable, productive lives.
The initiative has been driven by the Federal Interagency Reentry Council — a group of more than 20 government agencies
— which has focused most closely on eliminating barriers to employment that have become pervasive since employers
began using computer-based arrest and conviction records to screen job applicants.
Lately, the administration has also recognized that the vocabulary of incarceration — the permanently stigmatizing way we
speak about people who have served time — presents a significant barrier to reintegration. Federal officials have set out to
change that lexicon, so that people who have committed crimes have a better chance of being seen not as faceless
abstractions, but as human beings worthy of a being back in society.
Attorney General Loretta Lynch, for example, gave a speech in Mobile, Ala., two weeks ago on re-entry programs in which
she avoided objectifying nouns — like “felons” or “ex-convict” or “ex-offender” — that define people by the worst moment of
their lives.
In one particularly moving passage, she said: “I sent a letter to the governor of each state, asking them to allow citizens
returning from federal prisons to exchange their federal Bureau of Prisons inmate ID card — and their authenticated release
documentation — for a state-issued ID, because in order to truly rejoin society, every individual needs to be the one to tell
society who they are.” The reference to former inmates as “citizens” was strikingly humanizing.
The Justice Department’s Office of Justice Programs, which supports law enforcement and criminal justice efforts across the
country, on Wednesday announced that it would no longer use the words “felon” or “convict” on its website, in grant
solicitations or in speeches, but would instead use “person who committed a crime” or “individual who was incarcerated.”
Writing in The Washington Post, Karol Mason, the assistant attorney general who leads that office, said the office adopted
this change in language “to solidify the principles of individual redemption and second chances that our society stands for.”
This would no doubt have moved Eddie Ellis, a prominent and impassioned criminal justice advocate who was imprisoned
for 23 years for a murder he maintained he did not commit.
Mr. Ellis, who died in 2014, set off a movement a decade ago with a widely circulated open letter that urged the country to
move away from nouns like “convict,” because such terms erased the humanity of formerly imprisoned people. “The worst
part of repeatedly hearing your negative definition of me,” he wrote, “is that I begin to believe it myself, ‘for as a man
thinketh in his heart, so is he.’ ”
When others complained that expressions like “people who have committed crimes” did not roll easily off the tongue, Mr.
Ellis made clear that those extra words acknowledged the humanity of people who, having paid their debts, should not have
to feel shut out forever.
Follow The New York Times Opinion section on Facebook and Twitter (@NYTopinion), and sign up for the Opinion Today newsletter.
A version of this article appears in print on , Section SR, Page 10 of the New York edition with the headline: Labels Like ʻ̒ Felonʼ A̓ re an Unfair Life Sentence
https://www.nytimes.com/2016/05/08/opinion/sunday/labels-like-felon-are-an-unfair-life-sentence.html 1/1
EDDIE ELLIS WAY
S T R E E T N A M I N G P R O P O S A L
ARTICLE 14

EDDIE ELLIS WAY
S T R E E T N A M I N G P R O P O S A L
ARTICLE 15

EDDIE ELLIS WAY
S T R E E T N A M I N G P R O P O S A L
ARTICLE 16
LEADING
WITH
:
CONVICTION
The Transformative Role of Formerly Incarcerated Leaders
in Reducing Mass Incarceration
Susan Sturm and Haran Tae
Center for Institutional and Social Change
Columbia Law School
Electronic copy available at: https://ssrn.com/abstract=2961187
TABLE OF CONTENTS
Executive Summary 1
I. Introduction 4
II. Leaders with Conviction as Organizational Catalysts:
Introducing their Alchemy of Experience, Education, and Employment 13
III. Ground Truth: First-hand Experience with the Criminal Justice System 15
A. Narrating the Unseen 16
B. Connecting the Dots: Understanding the Pathway into the Justice System 19
C. Understanding What Enables Personal Transformation 23
D. Building Racial Literacy 25
IV. Education: An Equalizer and Game Changer 27
A. Education’s Legitimizing and Leadership-enhancing Role 28
B. The Power of Integrating Formal Knowledge and Practice 31
V. Boundary-spanning Employment and Activism 35
VI. Superconductors of Social Capital: Cross-Cutting Communication and Legitimacy 39
VII. The Multiplier Effect of Bonding, Bridging and Linking Social Capital 44
A. Bonding Capital Backed By Bridges and Linkages 46
B. Bridging Capital Enhanced by Strong Ties with Directly Affected Communities 51
C. Linking Communities and Influencers to Make Institutional and Policy Change 57
D. Organizational Catalysts In Action 62
VIII. Building Formerly Incarcerated Leadership: Structural Features At Play 69
A. Relationships with Champions at Critical Junctures 69
B. Education and Training to Cultivate Leadership 74
C. Building Leaders with Conviction into Institutional and Policy Design 75
IX. Conclusion and Recommendations 77
Appendix A: Methodology 78
Sampling Strategy 78
Interview Process and Protocols 78
Appendix B: Study Participants 81
Appendix C: Leading with Conviction & Emerging Leaders 83
References 89
Electronic copy available at: https://ssrn.com/abstract=2961187
Executive Summary
This report, published by JustLeadershipUSA and the Center for Institutional and Social Change
at Columbia Law School, documents the roles of formerly incarcerated leaders engaged in work
related to reducing incarceration and rebuilding communities, drawing on in- depth interviews
with 48 of these leaders conducted over a period of 14 months. These “leaders with conviction”1
have developed a set of capabilities that enable them to advance
transformative change, both in the lives of individuals affected by mass incarceration and in the
criminal legal systems that have devastated so many lives and communities. Their leadership
assumes particular importance in the era of the Trump Presidency, when the durability of the
ideological coalitions to undo the failed apparatus of mass incarceration will be tested.
Our analysis of these interviews indicates that a particular set of qualities equips this group of
formerly incarcerated leaders to serve as organizational catalysts. Organizational catalysts are
individuals with knowledge, influence, and credibility who are in a position to mobilize
change. They operate at the intersection of communities and systems that do not usually
interact, and
bring a track record of commitment and an ability to communicate across different
backgrounds and cultures. They can transform organizations and networks by (1) mobilizing
varied forms of knowledge to promote change, (2) developing collaborations in strategic
locations, (3) cultivating new organizational catalysts, and (4) maintaining pressure and support
for action.
The leaders share three important characteristics contributing to their evolution into
organizational catalysts: (1) first-hand experience with the criminal legal system, (2) education
that legitimizes and enhances their knowledge and leadership capacity, and (3) jobs and activist
positions placing them at the intersection of different communities and systems. This
combination affords them multifaceted insight into the needs, barriers, and opportunities for
transformation, as well as the legitimacy and influence needed to mobilize change based on
that knowledge.
In other words, the leaders with conviction have developed the capacity to mobilize unusually
diverse forms of social capital—a term scholars use to refer to resources that are shared
through networks of relationships. The leaders use their social capital both as an engine of
mobility for those affected by mass incarceration and as a vehicle for catalyzing change. Their
varied knowledge and experience equip them to speak the language of many different
communities, and thus to communicate effectively with different audiences. They build trust
with people who have experienced consistent stigmatization and dispel myths among people
who hold stereotypes that have prevented them from learning the realities of the criminal
justice system. They overcome the barriers to communication that flow from the widespread
stigmas and stereotypes associated with having a criminal record.
1 This language came from Glenn E. Martin and JustLeadershipUSA.
Electronic copy available at: https://ssrn.com/abstract=2961187
EDDIE ELLIS WAY
S T R E E T N A M I N G P R O P O S A L
ARTICLE 17
City University of New York (CUNY)
CUNY Academic Works
Publications and Research John Jay College of Criminal Justice
2023
Eddie Ellis, Credible Messengers and the Neo-Liberal Imagination
of Anti-Violence
David C. Brotherton
CUNY Graduate Center
How does access to this work benefit you? Let us know!
More information about this work at: https://academicworks.cuny.edu/jj_pubs/524
Discover additional works at: https://academicworks.cuny.edu
This work is made publicly available by the City University of New York (CUNY).
Contact: AcademicWorks@cuny.edu
Eddie Ellis, Credible Messengers and the Neo-Liberal Imagination of Anti-Violence
By
David C. Brotherton
John Jay College of Criminal Justice and the Graduate Center
City University of New York
(dbrotherton@jjay.cuny.edu)
published in Social Justice, Vol. 49 No. 1-2, March 2023
Abstract
I trace the socio-historical pathway of the concept of the credible messenger and related youth
anti-violence interventions from the 1930’s to a more radically imagined iteration by Eddie Ellis
in the 1980s. The focus shifts to its present-day iterations as I review two widely adopted anti-
violence programs. I conclude that today credible messengers and anti-violence interventions
are: (i) primarily imagined within a framework of neo-liberal possibility; (ii) valued for their
contributions on individual and/or group behavioral change; and (iii) conceived in programs
outside of any discourse on the structural roots of crime, collective agency, or the historical
struggle for social change and empowerment.
Introduction
In 2014 the New York City Department of Probation became the first state agency in the
United States to employ the radical concept of transformative mentoring (TM) as part of its
multi-faceted programs aimed at reducing recidivism and enhancing the social rehabilitation of
its youth charges. Described as learning “how to motivate youth by drawing out what is within
rather than merely imposing information from without. In a nurturing pro-social environment,
they (mentors) help youth focus on changes in cognition and behavior that precede the ability to
make progress in education and employment” (Austria and Peterson 2017).
TM was a departure from the usual mentoring praxis, both in terms of its practice and
its practitioners.i Those recruited for this important task did not come from the usual range of
backgrounds with some having life-course experiences like their mentees while others heralded
from more stable working-class and middle-class populations with formal educational
credentials and professional training. The radical concept of TM now implemented by the city
agency instead turned to what is called the “credible messenger” (CM) to carry out the
mentoring, social actors whose primary qualifications were that they came precisely from the
same community as their mentees with both the “insider” knowledge of the community and of
a criminal justice system that had so impacted them (xxxxx, Kessler, Martinez, Kontos and
Muhammad, Forthcoming).
These requisite qualities of the CM saw a different value placed on the experience,
profile, knowledge and engagement of the new recruits. For this intervention was not imagined
in the hallowed halls of an academic institution but in the prison cells of an infamous maximum-
security facility within the vast system of the New York State Department of Corrections.ii
In the following, I trace the socio-historical pathway of the credible messenger from its
1930’s role in an intervention promoting informal social control to its 1950s version aimed at
youth deviance and violence prevention, both of which conceived by mainstream social
scientists, to the more radically imagined iteration in the 1980s. The focus then shifts to its
present-day iterations, as I critically review two widely adopted anti-violence interventions with
one utilizing versions of CMs while the other relies on conventional state agents and
community collaboration. There are similarities across all the interventions, but the conceptual
frames, goals and practices vary markedly with the prison-originated version remaining a
radical outlier compared to the rest. I conclude that today credible messengers and anti-
violence interventions are: (i) primarily imagined within a framework of neo-liberal possibility;
(ii) valued for their contributions through emphases on individual and/or group behavioral
change; and (iii) conceived in programs outside of any discourse on the structural roots of
crime, collective agency, or the historical struggle for social change and empowerment
(Muhammad 2010).
Credible Messengers and History
There are three main precursors to the current credible messenger movement. The
Chicago Area Project (CAP) led by the sociologists Clifford Shaw and Henry McKay during the
1930s, the Street Club Project of New York City supported by Mayor Robert Wagner, and the
inmate criminological work of Eddie Ellis and his Think Tank Group in the 1980s at Greenhaven
Penitentiary.
(i) The Chicago Area Project
The first CMs were present in the famous Chicago Area Project (CAP) during the 1930s
and referred to as “curbside counselors” (Schlossman and Sedlak 1983).iii These were project
workers who were:
“ideally young adults…with whom delinquent youth could identify easily – either those
who had somehow internalized and acted upon conventional values despite their
upbringing in the Bush, or those who had once been active criminals but who, after
punishment or simply maturation, had changed radically and become law-abiding
citizens” (Schlossman and Sedlak 1983:429).
In commentary based on the copious archival field notes and reports from the CAP,
Schlossman and Sedlak concluded the following about these innovative new recruits:
“(they) served as both model and translator of conventional social values with which
youth…had had little previous contact or awareness (or so the counselors assumed). To
the chagrin of professional social workers…the street workers did indeed appear to
accept the boys' deviant attitudes, values, and behavior as ""normal"" within the cultural
matrix... Convinced that formal contact with the police or the juvenile justice system only
reinforced children's allegiance to a deviant code of conduct…In sum, curbstone
counseling was not a ""technique"" of intervention, but a philosophy, a style, an individual
moral presence. It was less social work per se than aggressive, omnipresent caring and
monitoring of ""youth at risk"" in their natural, criminogenic (sic.) habitats.”
This view of the counselor fitted well with Shaw’s sociologically-informed perspective of
community members exercising their agency to the ends of social control through self-
organization (see also Janowitz 1970), a process he had experienced in small town America
EDDIE ELLIS WAY
S T R E E T N A M I N G P R O P O S A L
ARTICLE 18

EDDIE ELLIS WAY
S T R E E T N A M I N G P R O P O S A L
ARTICLE 19
3/12/24, 1:35 AM Ex-Inmates Urge Return To Areas of Crime to Help - The New York Times
https://www.nytimes.com/1992/12/23/nyregion/ex-inmates-urge-return-to-areas-of-crime-to-help.html
Ex-Inmates Urge Return To Areas of Crime to Help
By Francis X. Clines
Dec. 23, 1992
See the article in its original context from
December 23, 1992, Section A, Page 1Buy Reprints
New York Times subscribers* enjoy full access to
TimesMachine—view over 150 years of New
York Times journalism, as it originally appeared.
SUBSCRIBE
*Does not include Crossword-only or
Cooking-only subscribers.
About the Archive
This is a digitized version of an article from The Times’s print archive, before the start of online publication in 1996. To preserve
these articles as they originally appeared, The Times does not alter, edit or update them.
Occasionally the digitization process introduces transcription errors or other problems; we are continuing to work to improve
these
archived versions.
After 23 years away, it is the parting image of prison, not the first glimpse of freedom, that lingers now with Eddie Ellis, a
pioneer Black Panther and convicted murderer, as he labors back home in Harlem on his hard-won new appreciation of a
criminal and his community.
The sight that haunts him came on a day last summer when Mr. Ellis was finally being processed back to freedom and walked
past a huge hall filled with hundreds of incoming prisoners, all neatly leg-shackled, manacled and seated in two long files of
benches, as orderly and sad-eyed, he recalls, as fresh oarsmen on a galley ship.
""Oh yeah,"" said Mr. Ellis, wincing at the memory back in Harlem after serving his own long years. ""It was the culmination of
everything I had done through those 23 years. Summed it all up."" He was speaking of a radical new approach to penology being
spawned uninvited by prisoner-scholars like Mr. Ellis from within the system, an approach rooted in a hard fact that he never
saw more clearly than in that sea of faces on his parting day:
""The fact that more than 85 percent of prisoners in the state are black or Latino and -- most phenomenal of all -- that 75 percent
of the state's entire prison population comes from just seven neighborhoods in New York City,"" said Mr. Ellis, citing accepted
research data culled by prisoners themselves in a prisoner's ""think tank"" at Green Haven prison in Stormville, N.Y.
The fact that three out of four prisoners come from, prey upon and return to seven neighborhoods encompassed by just 18 of
the state's 150 Assembly districts, or 12 percent of the population, is at the heart of Mr. Ellis's new mission as an unaccredited
street penologist without portfolio.
Mr. Ellis is one of a handful of gray-bearded model prisoners lately filtering back into freedom bearing the hopes of prisoner
study groups they left behind, groups like the blacks' Resurrection Study Group and the Hispanic inmates' Conciencia.
https://www.nytimes.com/1992/12/23/nyregion/ex-inmates-urge-return-to-areas-of-crime-to-help.html 1/3
3/12/24, 1:35 AM Ex-Inmates Urge Return To Areas of Crime to Help - The New York Times
These once-captive penologists are intent on urging a new nontraditional outlook and new social, economic and educational
programs to tightly relate the 62 state prisons with the seven ""symbiotic neighborhoods,"" as Mr. Ellis calls them -- the Lower
East Side, the South Bronx, Harlem, Brownsville, Bedford-Stuyvesant, East New York and South Jamaica.
In those neighborhoods, Mr. Ellis runs classes to steer teen-agers from early bad encounters with the police, stressing how
simple, tough backtalk can create a critical moment in a young man's life. He left behind prison classes meant to help convicts
get involved creatively in their community problems once they get back out.
One proposal that he and the other prison-scholars have submitted to the Legislature would require convicts to train for
community service in prison and perform specific housing, education or crime-prevention duties as a condition of parole.
Predisposition to Crime
""We began developing a nontraditional approach to the prison problem,"" Mr. Ellis related, speaking of a loose network of a few
dozen long-term felons who used their time as he did, to earn college degrees and ponder their fate and the causes of the vast
shift of prison demographics across two decades to where black and Hispanic prisoners now make up the overwhelming
majority of prisoners.
""In our analysis, we found out in detail how symbiotic it is, how prison is heavily influenced by inner-city, underclass subculture
in just a few neighborhoods,"" he said. ""It's a direct relationship, an umbilical cord."" He argued that the environment of the
underclass neighborhoods, from eroded schools to fatherless families, can present young males with a powerful tide of negative
self-judgment and a predisposition to crime and social hostility that he himself finds frightening now that he is back on the
streets.
Outside life has worsened so during his prison years that Mr. Ellis feels he needs a pistol to visit safely his mother's block with
its youthful criminals, yet he does not carry one for fear of being returned to prison.
Rather than talk in broad sociological terms of crime and punishment, Mr. Ellis and his prison colleagues prefer to sketch out a
sociological whirlwind: 47 percent prisoner recidivism rooted in an annual traffic of 26,000 prisoners going in and 23,000
coming out -- with three-fourths of the cycle churning through their seven targeted neighborhoods. Out-of-Date Strategies
""The fact that must be faced, then, is that at least 11,000 new crimes are going to be committed by these guys coming out, most
of them in their home neighborhoods,"" Mr. Ellis stressed. ""So what we do in the prisons can't be done in the abstract, removed
from these neighborhoods and their Afrocentric and Latino cultures."" Traditional prison strategies, he argued, are 50 years out
of date and geared for the ""Jimmy Cagney"" days when Italian and Irish prisoners were the white majority in a much smaller,
pre-drug-culture prison population.
The study groups within the prisons have crafted room for their activities from the tolerance for reform that followed the Attica
prison riot of 1971. The chief groups, sometimes operating with church or civil rights sponsors, meet regularly in Green Haven,
Eastern, Sing Sing, Woodbourne, Walkill and Auburn prisons. Each year they sponsor a seminar rooted in their nontraditional
approach and attended by outside specialists.
The fourth seminar is scheduled for February at Green Haven and will feature the ideas of prisoners like Juan Rivera, whose
mentor in jail house scholarship was George Prendes, who is now back on the street himself. He is working with Mr. Ellis to set
up a lobby for the ""new experts,"" as they call themselves -- ex-convicts espousing this nontraditional binding of neighborhood
and prison.
Mr. Rivera's most recent paper, printed in the national Journal of Prisoners on Prisons and footnoted with government statistics
and studies, is far removed from run-of-the-mill prison polemics about pervasive racism and criminal-justice conspiracies. Fact-
rich and dry, it has a scholarly tone that might be envied by traditional penologists who lack Mr. Rivera's advantage of direct
experience.
""Since approximately 95 percent of the prison population when released return to the communities from which they come, and
since 4 out of 10 of these people will return to prison, this suggests that released offenders returning to their communities are
contributing to the higher percentage of the overall crime rate in these districts."" Guides to a Better Way
At its most idealistic, the approach of Mr. Ellis and Mr. Rivera envisions prisoners themselves returning to the targeted
neighborhoods to shepherd young men along some better path. A number of the movement's best proponents are, like Mr. Ellis,
graduates or students of the New York Theological Seminary's special full master's degree program offered at Sing Sing prison.
https://www.nytimes.com/1992/12/23/nyregion/ex-inmates-urge-return-to-areas-of-crime-to-help.html 2/3
3/12/24, 1:35 AM Ex-Inmates Urge Return To Areas of Crime to Help - The New York Times
As a perpetual immigration funnel, the city and its crime demographics are ever shifting, with, for example, Hispanic inmates
now the fastest growing prison population, the way blacks once were. Hispanic inmates account for one-third of the 63,000-
prisoner population in comparison to one-tenth of the 18,000 state prisoners in 1979. While the total population has tripled, black
prisoners, who accounted for about 60 percent of the inmates in 1979, now are less than 50 percent of the total.
No one, least of all Mr. Ellis or prison administrators, is promising grand things. But the fact that this exercise is taking place at
all and that prisoners themselves are its thoughtful initiators is at the least an interesting new chapter in prison scholarship and
a practical focus that no white power figure could have identified without stirring controversy.
""If you're around the system any length of time it becomes obvious you have to attack the problem at its root and get to 7- and
8-year-old kids like these guys are saying,"" said Thomas A. Coughlin 3d, the state Corrections Commissioner.
He concedes Mr. Ellis's point that in the current drug-steeped crime culture, more white people engage in drug abuse than
black or Hispanic people. But the commissioner says they are caught less often than other abusers and have better access to
treatment and family support. ""A black or Hispanic kid doesn't have these supports and courts look at that at sentencing,"" said
Mr. Coughlin, who noted there are waiting lists for treatment programs in minority neighborhoods.
Working with fellow prison alumni Mr. Prendes and Warren Henry, Mr. Ellis has formed a new group, the Community Justice
Institute, to lobby for their nontraditional outlook. They have various ambitious proposals, from making minority-neighborhood
commitments a condition of prisoner parole to realizing a most unlikely dream: a prisoner-run model prison.
But they lay claim to more than academic conceits, contending that various reform ideas enacted by state authorities -- like pre-
release preparation centers, regular phone calls home and special trailers for weekend family visits -- were co-opted, happily,
from prisoners' own proposals. Thinking Beyond His Plight
Mr. Ellis is a lean, highly articulate individual galvanized by 50 years of a life hard but hopeful. From experience, he knows that
change begins with the individual but is best nurtured among like-minded, self-resolved colleagues. From his early days at
Attica, where he witnessed -- though did not participate in -- the watershed riot, Mr. Ellis said he forged a determination to think
beyond his plight and get all the higher education he could, from business administration to paralegal aide.
Judged a model prisoner after his years of prison intellectual life, Mr. Ellis was released last summer into a work-release
program in which he is serving as a community educator and curriculum developer at Neighborhood Defender Services of
Harlem, a private legal-aid resource for the indigent.
His release allows him to live with his wife but requires him to spend two nights each week for two years under lockup at a
Bronx prison. ""A terrible experience and at the same time a joyful one,"" he says of how this leftover incarceration reminds him
of the freedom he lost and regained at the price of almost half his years.
His freedom came two years before he finished serving the minimum of a 25-years-to-life sentence for a fatal shooting in 1969.
Mr. Ellis has always maintained his innocence, contending the conviction was a result of the Federal Bureau of Investigation's
counterintelligence program against the nascent Black Panthers of a generation ago.
But unlike many convicts, he is less interested in justifying his past than in shaping fresh changes in prison and tapping what
he and some prison administrators see as a thoughtful talent pool of first-hand experience residing behind bars. Even more, as
he exults in being back on the streets of Harlem, his beloved birthplace, Mr. Ellis keeps his departing galley-ship image of the
prison system in mind.
""We've had enough textbook penology,"" he said, trying to urge an outside world sick of the deepening rut of crime and
punishment to consider alternative perspectives from some of the system's resident experts.
A version of this article appears in print on , Section A, Page 1 of the National edition with the headline: Ex-Inmates Urge Return To Areas of Crime to Help
https://www.nytimes.com/1992/12/23/nyregion/ex-inmates-urge-return-to-areas-of-crime-to-help.html 3/3
EDDIE ELLIS WAY
S T R E E T N A M I N G P R O P O S A L
ARTICLE 20
THE SEVEN NEIGHBORHOOD STUDY REVISITED
The “seven neighborhoods study,” whose
formal title actually is “The Non- Traditional
Approach to Criminal and Social Justice.” This
study was originally conducted in 1979-1980
in Green Haven Prison by a group of
incarcerated men called The Think Tank of
which I was a member. The study was first
issued in 1979 and then again in 1990 but
received little recognition or media attention.
In 1992, the New York Times received a copy
THE ORIGINAL and printed its findings as a front page article
about my work. This, of course, put the study
RESEARCH
into the mainstream of criminal justice and
SEEKING ANSWERS
prison discussion.
TO QUESTIONS
WE ARE NOW
STILL ASKING
CAME FROM INSIDE
THE BOWELS
OF THE PRISON
SYSTEM OVER
THIRTY YEARS AGO.
THE SEVEN NEIGHBORHOOD STUDY REVISITED
The study was conducted to determine the
racial and geographical demographics of
people in prison in New York state, where they
resided before prison and where they returned
upon completion of their sentences. The study
relies upon data from the U.S. Bureau of the
Census, New York State Board of Regents,
New York State Department of Correctional
Services, New York State Division of Parole,
and New York City Police Department Reports
of Crimes by precincts.
It was done with the technical assistance of
THE STUDY
the Metropolitan Applied Research Center
REVEALED,
(MARC), then headed by Dr. Kenneth Clark (of
the Brown v. Board of Education, Topeka AT THAT TIME,
Kansas fame).
85% OF THE
STATE’S PRISON
The study revealed, at that time, 85% of the
state’s prison population was Black or Latino POPULATION WAS
and that 75% of them came from seven
BLACK OR LATINO
neighborhoods in New York City: Harlem, and
AND THAT 75%
the Lower East Side in Manhattan,
OF THEM CAME
South/Central Bronx, Bedford Stuyvesant,
Brownsville and East New York in Brooklyn and FROM SEVEN
South Jamaica in Queens. It was among the
NEIGHBORHOODS
first studies done that definitively connected
IN NEW YORK CITY.
race and prison populations with specific
urban neighborhoods in New York City.
For geographical and data collection
references and political support, we identified
the neighborhoods by State Assembly
Districts. At the time they included: 29, 32, 33,
40, 42, 43, 55, 57, 68, 69, 70, 71, 73, 74, 76,
78, and the 82nd Assembly Districts. Since
then three of four more AD’s were added. The
remainder of the state’s prison
THE SEVEN NEIGHBORHOOD STUDY REVISITED
population, approximately 25-30%, came from
Buffalo, Syracuse, Rochester, Albany,
Poughkeepsie, Beacon, Newberg, Westchester
County and Long Island.
Our analysis demonstrated a “direct
connection” between low income, racially
isolated, under served communities in the
“seven neighborhoods,” and racism, racial
profiling (as expressed in stop and search
reports), financial and banking “redlining,”
under achieving schools and poor quality
education, majority of single parent families
headed by women, high rates of
unemployment, excess poverty, substance
abuse, public assistance, and an entrenched
“under-ground economy” that inevitably leads
to encounters with law enforcement that result
in prison or death.
We called these “crime generative factors.”
This we believe explains, to a large extent, why
Blacks and Latinos from these neighborhoods
are so disproportionately represented in the
prison system. This was twenty years ago.
Subsequent research, at both local and national
levels, reveals that this pattern of racially
segregated, under-served neighborhoods,
inevitably account for the disparate number of
its residents in the state prison systems around
the country. These conditions still exist to an
even greater degree today. While several other
studies have appeared since ours, few focus
their concentration on the racial and economic
implications of the intersection between race,
education, mass incarceration and mass
unemployment in these communities.
THE SEVEN NEIGHBORHOOD STUDY REVISITED
In terms of education, a few years after our
study, around 1994-95, then New York
State Senator Alton Waldon (now a state
judge), did an excellent follow-up study,
“Critical Choices.” He took our original
demographic research, using the Assembly
Districts, and juxtaposed it over failing
schools in various New York City School
Districts. He sought to determine if there
was any correlation between substandard
education and rates of imprisonment from
certain geographical areas and racial
groups.
Of course, there was; almost exactly the same
neighborhoods that had so many of its people
in prison had the worst schools in the city. It
seemed clear to us, then and now, if we know
where the failing schools are and they are the
same neighborhoods that account for the high
numbers in the prison system, then we can
target interventions specifically to them in
very cost effective ways. In our study, we
called this a “community specific” approach.
We still use this concept in all of the work that
we do.
Approximately, ten years after our research
appeared in the New York Times, around 2001,
when I was a senior consultant with the Open
Society Institute’s After Prison Initiative, I
shared this data with Eric Cadora, a policy
analyst with the Initiative at the time. A few
years later, circa 2003-5, he took the data and,
using a geo-mapping system, created the
research which identified, at the block level, the
neighborhoods we had previously identified at
the Assembly District level. With his more
sophisticated technological tools, and
computer access to greater data, he was able
to quantify the number of residents
THE SEVEN NEIGHBORHOOD STUDY REVISITED
from a particular city block who were in prison
and then attach a dollar figure to these
numbers. This became the “Million Dollar
Block Study.” If asked, he will admit the origins
of his study came from the “Non- Traditional
Approach Study” we did, but he has never
acknowledged it in writing as far as I know.
The seventy-five or so blocks that he identified
were taken directly from our study and
correspond almost exactly to our original
research.
There are two critical points here, first and
most significantly, the original research seeking
answers to questions we are now still asking
came from inside the bowels of the prison
system over thirty years ago. What is significant
for your purposes is the combination of our
research, the follow up work that Senator
Waldon did and Cadora’s. Using Walton’s data -
- which needs to be updated as does our own
research -- you can accurately pinpoint the
relationship between substandard performing
schools and people in those neighborhoods
who are going into the adult prison and juvenile
justice systems at disproportionate numbers.
And, as a result, determine where intervention
is most needed, cost effective, outcome driven
and evidence based. Central Brooklyn ranks
highest on this list. Much of the work that we
have done at the Center for NuLeadership at
Medgar Evers College, in terms of under
graduate and certificate program curriculum
development, staff and outside agency
trainings, public policy recommendations and
briefing papers, is based on that original
research.
THE SEVEN NEIGHBORHOOD STUDY REVISITED
The second point is our Center itself. It is an
extension of the work we did in prison. As you
know, The Center for NuLeadership is the first
and only public policy, research, training,
advocacy and academic center, housed in the
largest university system in the United States,
whose staff is comprised of formerly
incarcerated professionals. Our work is
informed by the experience of being formerly
incarcerated ourselves. We offer this unique
perspective to problem solving. It is only
acquired by years in the street, time spent in
prison and academic achievement at the post
graduate level, coupled with successful
transition to community.
Such a perspective, in the past, has traditionally
been overlooked or underutilized. At the Center
for NuLeadership on Urban Solutions at Medgar
Evers College, we create experimental project
models born of our professional and personal
experiences. These model projects address
questions that have generally escaped
definitive answers or supplement existing
models whose success can be improved. Our
biggest problem is that we have always been
under funded and under- utilized by the
community and leadership we seek to serve.
Hopefully, this history about the “seven
neighborhoods” will help bridge that divide and
allow us additional opportunity to provide
insights, added value and solutions to issues
and problems confronting our communities.
EDDIE ELLIS WAY
S T R E E T N A M I N G P R O P O S A L
ARTICLE 21

EDDIE ELLIS WAY
S T R E E T N A M I N G P R O P O S A L
ARTICLE 22

EDDIE ELLIS WAY
S T R E E T N A M I N G P R O P O S A L
ARTICLE 23
REENTRY VS RESETTLEMENT
By Eddie Ellis
Executive Director
NuLeadership Policy Group
The latest, hottest and most talked about
issue in criminal justice today is re-entry, a
misnomer for the series of events and
activities that take place, or should take place,
to facilitate transition for people coming out of
the prison system back into communities. Re-
entry has become fashionable and topical
because, by U.S. Department of Justice
estimates, over 630,000 people annually will
be leaving the nation’s prison systems. This
amounts to approximately 1600 releases
daily.
The cost of incarceration is so high at state
levels that education, health and housing
budget needs are being reduced to
accommodate a finite yet shrinking tax base.
Prison programs designed to prepare people to
return to society have all but been eliminated.
Punishment and incapacitation rule the day.
The term “criminal justice system” is viewed by
many as misleading – an oxymoron even - and,
perhaps, is better described as a criminal
punishment system, which is the term we will
use in this paper. The public is no safer today
than it was three decades ago, yet America
continues to pour billions of taxpayer dollars,
year after year, in this failed, broken, costly
system. Why? And how did we get into this
mess?
No policy exemplifies the need for critical new
thinking, or is as disturbing and misleading, as
that concerning the return to the community of
people formerly incarcerated, referred to
REENTRY VS RESETTLEMENT
as “Re-entry.” The term is generally used to
identify a group of associated public and private
sector policies and practices that seek to
provide programs, services, direction and
funding for this returning population. The Urban
Institute defines re-entry as the process of
leaving prison and returning to society.1 All
people leaving prison experience re-entry
irrespective of their method of release or form
of supervision, if any.
The conceptual framework upon which the idea
of re-entry is built is based upon several flawed
assumptions. Re-entry assumes that people in
prison were integrated into society in
meaningful ways before they went to prison.
Thus, when they have completed their
sentences and are ready to leave prison they
can be re-integrated into society to pick up
where they left off, hence the term “re- entry”
(i.e., to enter again). The reality is that this
population (Black, Latino, youth, poor, generally
male) were never a part of the institutional
framework of society to begin. This
misinformation is disturbing and leads to faulty
assumptions and incorrect remedial
recommendations. If anything this population
was at the margins of society and for the most
part was excluded from its basic institutions
such as the schools, labor, church, health and
family.2 Proof of this lies in a review of their
pre-sentences reports and all of the studies
done on the characteristics of this population.3
Accurate language, then, would describe this
population as “new” entries rather than “re”
entries into the community. Understanding the
group within this context helps us identify
problems and makes solutions easier. For
example, to treat a person returning to the
REENTRY VS RESETTLEMENT
community as a re-entry, as opposed to a nu-
entry, supposes certain assumptions, most of
which are false.
Equally disturbing are the contradictions
between stated public policy regarding so-
called “re-entry” and the laws, rules and
practices that mitigate against successful
transition. These policies logically flow from
the original faulty analysis. Criminal
punishment policy, in both theory and practice
on this issue, is fatally flawed in its basic
approach to the way in which people coming
out of prisons are thought about and dealt
with. There are at least four flaws in reentry
thinking:
1. There is no inclusion of the question of
race, class or gender in most current
analysis or recommendations.
2. There is an inherent assumption that the
individual is flawed and therefore in need of
punishment, corrections and/or rehabilitation.
3. There is an assumption that punishment/
corrections, can make or should make
people change.
4. There is little consideration given to the local
socio-cultural environment and the dismal
economic circumstances from which our
population came before prison and to which
they return upon completion of their sentences.
An innovative and alternative way of
understanding the process by which people are
removed from the community and return at
some later point would be in the context of
“resettling” internally displaced persons
REENTRY VS RESETTLEMENT
as opposed to “re-entry.4 The concept of
“resettlement,” evolves from our “war”
analogy and the expected consequences of any
war. Elsewhere, it has been documented that a
major element of the “War on Drugs and
Crime” has been the militarized operational
response of law enforcement.5 In our analogy,
the physical consequences of the War on Drugs
and Crime have resulted in the uprooting and
displacement of millions of people, mostly poor
people of color, from urban communities where
the primary battlefields of the war were held.
There are 2.5 million people, almost all from
urban centers, in rural prisons, who constitute
this internally displaced population. Internally
Displaced Populations (IDP) refers to the
casualties of the War on Drugs. Resettlement
refers to the process by which IDP are
relocated, in mass numbers, from rural
relocation camps called “prisons,” back to their
homes and communities.6 In traditional
criminal punishment research, writing and
thought, this process is referred to as
“reentry.” Such a definition, however, limits the
scope of the problem and constrains the
development of innovative and fresh ideas.
The internal displacement of people generally
occurs as a result of natural disasters (like
Hurricane Katrina) or famine, or war, like the
“War on Drugs”. The “internally displaced
people” who populate the prisons and jails are
the result and casualties of the “Wars on
Drugs.” The abject conditions of the families
and communities that IDP leave behind are the
collateral damages of that “war.” In effect
these wars, the battlefields of which are inner
city communities of color, have produced mass
REENTRY VS RESETTLEMENT
rates of incarceration over the past 25 years
and the movement of millions of people
from the urban war zones to rural areas,
similar to the movements of internally
displaced people in other parts of the
world.7
Understanding the issue of resettlement in
these terms offers a new lens through which to
examine the problem we now call re-entry. It
also allows us an opportunity to examine the
global experiences of IDP and to learn from
them. One of the critical lessons of
resettlement is that before resettlement can
take place, the physical infra-structure of the
community (land) must be redeveloped. In
most cases rebuilt. This provides both the
infra-structural capacity to receive those being
resettled, as well as employment.
Resettlement Theory begins with a
comprehensive analysis of the history of
institutional racism and discriminatory
practices whose socio-economic impacts feed
the War on Drugs, almost like “ethnic
cleansing.” These have resulted in the creation
of social, political, economic, health,
employment and educational barriers that
historically denied and still deny various
populations (particularly those who are poor
and Black or Latino) access to the full and fair
benefits of mainstream society.8 The results of
these discriminatory, apartheid-like, public
policies and the general public attitude they
engender feed the criminal punishment
system. This accounts for (or at minimum
explains in part) the massive population
movement of 2.5 million people from
predominately urban areas to relocation camps
(prisons) located in rural areas and the need to
“resettle”
REENTRY VS RESETTLEMENT
700,000 people annually coming out of these
relocation camps. The process has disrupted,
dislocated and destroyed, in many instances,
family and community.9
Using the “resettlement” analogy, the
theoretical perspective shifts from a micro level
analysis of merely correcting “troubled
people,” to a more balanced macro concern for
intentionally guiding and directing change in
societal institutions that impact people.
Particular concern is given to the social and
institutional contexts that comprise the
economic, educational and psycho-cultural
realities of disenfranchised populations.
Re-thinking the issues in the context of
Resettlement is helpful to:
(1) Describe and understand the elements of
those institutions that inhibit or contribute
to successful integration into mainstream
society.
(2) Demonstrate how the arrangements in
social institutions such as education, religion,
labor, family, the economy and the criminal
punishment system effectively or ineffectively
impact individuals and communities.
(3) Examine the design and functionality of the
operational systems that support institutional
change in an effort to provide guidance and
direction in the area of planning, development,
implementation and evaluation.
Resettlement Theory postulates, among other
concerns, that given present conditions even if
individuals returning to the community from
incarceration were afforded all of the
REENTRY VS RESETTLEMENT
amenities for success defined in “reentry”
terms, the structural barriers that exist would
almost always portend failure. Current policies
spend billions of dollars annually arresting, re-
arresting and incarcerating people, while
spending practically nothing on “correcting”
the socio-economic recipes, at community
levels, that produce and perpetuate this cycle.
Since these recurrent policies and practices
are what define institutions, Resettlement
Theory proposes that the appropriate
response to accommodating the large
numbers of people released from jails and
prisons each year must begin with community
economic development and fundamental
institutional change. Resettlement focuses on
deciding where limited resources can do the
most good for the greatest number:
employment and housing, for example, to
start. It is a responsive and responsible
approach grounded in the understanding that
lasting changes in practices require changes in
language and thinking about the policies that
guide and direct these practices, as well as
the overall climate or environment.
Resettlement Theory places emphasis on the
elimination of institutional barriers and
obstacles, rather than continuing – as does
reentry theory -- to focus on the people who
confront the barriers, as if “fixing” the people
will resolve the problem. As one example of
the institutional barriers that limit a person’s
chances of acquiring meaningful employment,
Harold Baer, a federal judge in the Southern
District of New York has written:
“a federal felon, just like a state felon, is barred
REENTRY VS RESETTLEMENT
from holding a position in New York as a
security guard, private investigator, insurance
broker, notary, firefighter or real estate broker.
In fact, to be anything from a horse trainer to a
garbage collector, requires a license, the
issuance of which is barred by the applicant’s
felony conviction.”
In addition, in New York, people with
convictions are barred from holding jobs as
barbers, plumbers, electricians,
cosmetologists, carpenters, nursing home
aides, junk dealers and liquor store
salespeople. They cannot work on railroads,
airlines or a host of other industries. In most
cases, these institutional barriers and
prohibitions have absolutely nothing to do with
the conviction or with public safety, but rather
were enacted in the spirit of “getting tough” on
criminals.
Resettlement Theory provides an analysis and
prescription that allows us to focus on issues
such as employment and other structural
barriers that result in significantly high failure
(recidivism) rates among internally displaced
people returning to the community, with
institutional correctives in mind. It requires an
examination of the policies and subsequent
practices that produce these failures. It notes
that these policies have become part of
standard operational procedure for
“corrections” (more properly called prisons),
parole and probation. It reveals that most of
these policies are sacrosanct even when
proven harmful, ineffective, cost prohibitive
and counter-productive. Finally, it illustrates –
quite clearly – the need for creating an
alternative (perhaps eventually an entirely
new) model for doing justice.
S T R E E T N A M I N G P R O P O S A L
LETTERS
E D D I E E L L I S W A Y | 2 0 2 4
Letters of Support List
Bryonn Bain
Founder and Co-Director, Center for Justice at UCLA, UCLA Prison Education Program Professor, African American
Studies World Arts and Cultures UCLA School of Law
Center for NuLeadership on Human Justice and Healing Collective
Dara Baldwin, Director of National Policy for the Center for Disability Rights Inc.
Jamel Stanley Bellamy, NYC Community Organizer, Release Aging People in Prison (RAPP)
Reverend Dr. Calvin O. Butts III,The Abyssinian Baptist Church
Leonard Dunston
MSW, Former Commissioner, NYS Division for Youth (now OCFS)
President Emeritus, National Association of Black Social Workers, Inc.
Soffiyah Elijah, Esq., Executive Director, Alliance of Families for Justice
The Other Eddie Ellis, Jr.
Michelle Fine
Distinguished Professor at City University of New York
Professor Extraordinarius at the University of South Africa
Forbes Flores, Associate Vice President, Community Affairs, Columbia University
Galaxy Gives Program Director, Alex Duran and Galaxy Gives Fellows
Louisa Gilbert
Professor, Columbia University of Social Work
Co-Director, Social Intervention Group
Dr. Alice Green, Executive Director, Center for Law and Justice
How Our Lives Link Altogether (H.O.L.L.A!) Collective
Tanya Krupat, Vice President of Policy and Advocacy, The Osborne Association
Gloria Rosalind Preudhomme, President at PDA & Associates
MarthaRayner,ClinicalAssociateProfessorofLawFordhamUniversitySchoolofLaw
Dr. Kaia Stern, Harvard Graduate School of Education
Nkechi Taifa, President and CEO, The Taifa Group, LLC and Convener, The Justice Roundtable
María Elena Torre, PhD
Faculty, Critical Social and Environmental Psychology and Urban Education Founding
Director, The Public Science Project
To Whom It May Concern:
I am writing to support the proposal to rename 151st Street and Adam Clayton Powell Jr. Blvd. in honor
of one of Harlem's legendary heroes: Eddie Ellis.
As one of the leading architects of the movement to end racialized mass incarceration, Mr.
Ellis was not only a champion for justice within his own community, but a leader whose work continues
to have a global impact.
I first met Eddie twenty-five years ago when we were both invited to advise George Soros'
Open Society Institute as they were beginning to address the crises created by the Drug War and the
devastating effects of the prison industrial complex. At the time, I was still a struggling artist and a
student at Harvard Law School. Eddie was already well into his transition as trail blazing community
leader, after returning home from 25 years of imprisonment for a crime he did not commit. I was the
youngest person in the room and Eddie was the oldest, but our unforgettable exchange in that space led
to over a decade and a half of work together. Eddie's vision and insight had a profound effect on my
work in organizing artists, activists and educators to travel to prisons in 25 states nationwide. Based on
lessons I learned from him, I organized a collective facilitating political education on the impact of the
prison system.
As a result of the life-changing insight I gleaned through his mentorship, I wrote and produced poetry,
music, theater and made films with men and women in prisons nationwide which have received critical
acclaim and continue to win awards. Among these are the plays ""What It Iz: The Spoken Wordical"" - a
hip hop theater remix of The Wiz, and ""Lyrics From Lockdown"" executive produced by Harry Belafonte.
The most recent production of the latter, at the John F. Kennedy Center for the Performing Arts in
Washington DC, was filmed for a Spectrum news piece titled ""LA Stories"" which won an Emmy Award
this year.
Yet, none of these awards and accolades truly reflect the passion, power, intellect and
brilliance of Eddie Ellis. As he wrote in his famous ""Language Letter,"" the scriptures tell us ""life and
death are in the power of the tongue"" and Eddie used his voice to uplift those whose lives that are most
often at risk, marginalized, neglected or all but forgotten. Eddie's life and work live on as a shining
example of triumph beyond tragedy, transforming pain into possibility, and his legacy should be held up
as a beacon of hope for generations to come.
In these turbulent waters, where the dreams of so many are drowned under seemingly insurmountable
waves of despair, Eddie Ellis is a lighthouse guiding us now as brightly as ever. Let us honor him and the
humanity he inspires.
Please contact me at 917.453.9767 if you have any questions or concerns.
Respectfully,
Bryonn Bain
Founder and Co-Director, Center for Justice at UCLA, UCLA Prison Education Program
Professor, African American Studies World Arts and Cultures UCLA School of Law
“As for me, I start from the proposition that no matter how bad things get, they can improve. The question is:
How soon and to what extent?
My job is to develop the next generation of leaders, who will make tomorrow better than today for the
incarcerated, the formerly incarcerated, and everyone connected to that community of human beings.”
— Eddie Ellis
Prisons and prison populations are a reflection of what takes place outside of the prisons. . . The direct
relationship constitutes the basis by which we propose that there are no prison problems, only community
problems.Oncewebegintoaddresscommunityproblems,prisonproblemswillalsobeaddressed.”
— Eddie Ellis
Dear Transportation Committee of Community Board,
We write with deep humility, gratitude and fervor as we write this letter representing a direct legacy of our
founder Eddie Ellis. We are an organization of 7 full-time and part-time members that is a direct result of Eddie
Ellis’ relentless and devoted work for building the next generation of leaders and visionaries and workers who will
be the builders of that world we want to live in and be proud of.
We are immensely honored and proud to be his scions and torch bearers and we invite you to visit
WWW.NULEADERSHIP.ORG to bear witness the immeasurable impact and inspiration that Eddie birthed.
In the spirit or Eddie Ellis, below we share the scope and scale of Eddie’s work and legacy that spans over 6
decades. Let us all embody the Eddie Ellis Way.
6 DECADES OF HUMAN JUSTICE IN THE MAKING
1960’s
• CNHJH founder Eddie Ellis joins the Black Panther Party and co-founded the New York City chapter of the
Black Panthers
1970’s
• Eddie is targeted by COINTELPRO and is sentenced to 25 years to life
• Eddie lives through Attica prison uprising
• The Seven Neighborhood Research Study is authored by the Green Haven Think Tank
• Eddie joins the Green Haven Think Tank
1980’s
• Prison construction booms
• Nation-wide organizing leads to the National Criminal Justice Commission Report which calls for a
moratorium on prison construction
• Eddie founds the Resurrection Study Group and organizes legislative hearings inside Green Haven Prison
1990’s
• Eddie comes home from prison and founds the Community Justice Center in Harlem
• Eddie joins the Neighborhood Defenders Service
• The Prison Moratorium Project is formed by youth organizers and mentored by Eddie
2000’s
• Eddie proposes a policy think tank staffed by formerly incarcerated people
• Eddie receives a $250K grant from Open Society Institute
•EddierecruitsDr.DivinePryorandtogether,theybuildtheCenterforNuLeadershiponUrbanSolutionsat
Medgar Evers College, incubated by Esmeralda Simmons of the Center for Law and Social Justice
• On parallel track, the Prison Moratorium Project, mentored by Eddie, leads city, state and national campaigns
and successfully stops prison expansion and shrinks the private prison industry
• Center for NuLeadership and Prison Moratorium Project merge, creating an intergenerational power house
2010’s
• Center for NuLeadership creates the Human Justice Theory of Change and and holds a public launch at 1199 with
Harry Belafonte, Danny Glover, and Gus Newport
• Center for NuLeadership on Urban Solutions is renamed to Center for NuLeadership on Human Justice and
Healing (CNHJH)
• Eddie advises City of New York on the formation of Credible Messenger Programs leading to an initial investment
of $10M to address gun violence
• Center for NuLeadership creates unprecendented arrest diversion program in Bed-Stuy to advance Human
Justice
• Eddie passes away in 2014
2020’s
• CNHJH raises $1M to transform communities impacted by incarceration by providing Guaranteed Income,
pathways to home and land ownership and building community generational wealth
• Trinity Wall Street Church hosts virtual gathering celebrating 10 year anniversary of Human Justice
•CNHJHincubatesthe NuLegacyCenteronEarthandHumanWellnessinpartnershipwithWildseedCommunity Farm
and in 2023, CNHJH purchases 20 acres of land in Trumansburg, New York, 15 minutes from Ithaca, New York to
provide land-based healing, farming education, housing and healing retreat center for communities impacted by
the legacies of criminalization and racism.
Re: The renaming of 151 St. and Adam Clayton Powell Jr. Blvd in honor of Edwin Benjamin Ellis Jr. also known as
“Eddie Ellis”
Dear Harlem Community Board members,
My name is L. Dara Baldwin and I am the Director of National Policy for the Center for Disability Rights Inc.
located in Rochester, NY. I am their national policy person working in Washington, DC on federal law and policy
that encompasses Intersectionality and disability rights. But more important I had the honor and privilege to
work and learn from the most fascinating, community oriented, kind and loving man I have encountered in social
justice work Mr. Eddie Ellis Jr.
I met Eddie over the phone in June of 2008. I just started in the position as the program manager to implement a
project on working with returning incarcerated citizens around the nation with the National Legal Aid and
Defenders Association (NLADA) in DC. Eddie was a member of the Advisory Committee for NLADA and would be
a leader in the initiative. I knew of his story of being accused of a crime he did not commit and that he spent
25yrs of his life in prison. But I also knew of his important and impeccable work in criminal justice reform. He
greeted me with kindness and enthusiasm. We bonded that moment and until the time of his unfortunate death
we remained staunch activist colleagues and dear friends.
Eddie’s calm and focused manner was full of a spirit that created spaces where all were welcomed and they
learned a great deal from his insight and brilliance. He guided me along providing me with every tool and
introduced me to all I needed to know to create a successful and productive program that we developed in
collaboration with his fellow formerly incarcerated family.
Eddie taught me the importance of language not only in writing articles and policy but in this social justice work
and for changing society. He exhibited at all times a profound pride in not only his Black community but in the
people who did the work to create a new world order where there would be collective liberation and love for all.
I whole-heartedly join with Eddie’s family in requesting that you the Harlem Community Board consider
renaming the street in Harlem where Eddie grew up in his honor. The street is 151st Street and Adam Clayton
Powell Jr. Blvd. The address of his home was 191 West 151st Street.
I had the honor to work on my neighbor being honored in this way back in Newark, NJ. He perished that fateful
day in September 2001 and the day we unveiled our street’s changed name to Harry Ramos was one of the most
joyful times for our community after that horrific tragedy. These types of honors sustain communities and
encourage them to thrive. It is not only a tribute to the person who has left us in body but it is a way to keep that
persons memory forever flourishing and nurturing the movement of the community.
Eddie Ellis devoted his life to uplifting, emboldening and creating an enhanced place not only for his Black
community but for all communities. His power to create a better humanity stretched well passed the US as he
traveled the globe leaving his native Harlem and going to all parts of the world. He received numerous well-
deserved awards for his work from government officials, academic institutions and the community.
Eddie also was a well-educated man not only scholarly but he had “street sense”. He taught me one of the most
imperative things I would need in DC and something that has fueled my passion for the work. Eddie taught me to
take the words, thoughts and needs of the streets to the suites of the halls of democracy. He told me that their
needs are the only thing that matters when creating laws and policies for this country.
Please consider the request of the Ellis family for the renaming of 151 St in Harlem, USA – New York. Please
contact me using the information above for anything. Thank you for all you do for the community.
In Solidarity,
L. Dara Baldwin
To: Harlem Community Board
Re: Renaming 151st Street and Adam Clayton Powell Jr. Boulevard in Eddie “Kibaka” Ellis’ Honor.
Dear Sirs and Madams:
My name is Stanley Bellamy. I am currently the New York City Community Organizer for Release Aging
People in Prison (RAPP Campaign). On December 21, 2022, Governor Cathy Hochul granted me clemency by
way of a time commutation. Subsequently I was released on April 24, 2023, after serving 37.5 years.
During my nearly four decades of incarceration there were a number of men who assisted in my social,
cultural and spiritual transformation. Eddie Ellis ranks at the top of the list. In 1990, when I was a young, 27-
years old, Eddie Ellis recruited me into a group he had formed in 1989 called the Resurrection Study Group
(RSG). The goal of this group was the development of the New African Man. A man that was more spiritual,
more family and more community orientated.
Eddie Ellis believed he could accomplish this goal by developing youth leaders, peer role models and
community problem solvers.
Today, based on this belief, there are literally hundreds of individuals – who are now home – doing the work
of community building and repairing the harm they once caused their Black and Brown communities.
Further, because of Eddie Ellis, many of the terms, such as credible messengers and violent interrupters are
outgrowth of Eddie Ellis analysis and understanding of the crime generative factors that contribute to crime
and delinquency in our community.
Eddie Ellis understood that those closest to the problem were also those closest to the solution. Thus, upon
his release from prison, Eddie helped to form the Community Justice Center in Harlem to further advance
the concept of civic responsibility amongst currently and formerly incarcerated people. The concept of civic
duty – from Eddie’s point of view – says that currently and formerly incarcerated people have a moral
obligation to assist with the transformation of dysfunctional neighborhoods into vibrant and productive
communities. He charged the men he trained to become leaders, educators, mentors, role models and much
more.
To honor a man of Eddie’s caliber, to truly show our appreciation for all that he has done to
make our communities safer cannot be achieved by words alone. Eddie, like so many who came before him,
deserved no less than a street named after him. Therefore, I humbly ask that 151st Street & 7th Avenue
(Adam Clayton Powell Jr. Blvd.) (the block Eddie grew up on) be renamed in Eddie's honor.
In Full Support of renaming 151st Street/Adam Clayton Powell Jr. Boulevard to Eddie “Kibaka” Ellis
Way/Place, I sign this letter.
Stanley S. Bellam
NYC Community Organizer of RAPP
To: Sister Greer Ellis Coleman,
As Pastor of The Abyssinian Baptist Church in the City of New York, Inc., I am honored to share with you
our full support for the project that re-names West 151st Street & Adam Clayton Powell Jr. Blvd. in honor
of your father, Eddie Ellis.
I clearly remember your father as a titan for justice in Harlem who labored tirelessly on behalf
of the formerly incarcerated and those directly impacted. His hard work extended to providing assistance
in myriad ways to thousands of men and women, as well as to elected officials, lawyers, and educators.
The renaming of West 151st Street would be a most fitting tribute to your father’s committed life’s work
to criminal, social, and human justice for all.
We wholeheartedly stand with you in this street renaming effort. Keep the Faith!",0,0,3,regex_single_resolution
45fff3ff-5470-4deb-9ff8-11612139a106,bed531a1-eed2-5a66-91ac-6ee6681f31d8,MCB10,https://cbmanhattan.cityofnewyork.us/cb10/wp-content/uploads/sites/11/2024/08/FINAL-CB10-Carl-C.-Green-Way-Street-Co-Naming.pdf,2024-08-01,1,CARL C. GREEN STREET CO-NAMING RESOLUTION,"CARL C. GREEN STREET CO-NAMING RESOLUTION
RESOLUTION: TO SUPPORT THE CO-NAMING OF THE SOUTHEAST CORNER OF
WEST 113TH STREET AND ST. NICHOLAS AVENUE TO CARL C. GREEN WAY
WHEREAS, Manhattan Community Board 10 recommends the co-naming of the southeast corner
of West 113th Street and St. Nicholas Avenue to Carl C. Green Way; and
WHEREAS, Carl C. Green (February 14, 1934 - June 25, 2023) was born in Harlem Hospital
on Valentine’s Day, 1934; and
WHEREAS, Carl lived at 56 St. Nicholas Avenue, Apt #43 with his widowed mother, Mattie and
his sisters; and
WHEREAS, Carl attended Benjamin Franklin High School, currently known as Manhattan Center
for Science and Mathematics; and
WHEREAS, While living on West 113th Street Carl was recruited by “Pop” Gates of the famous
Harlem Rens to become a Harlem Globetrotter, fulfilling many a Harlem boy’s dreams; and
WHEREAS, As an Ambassador of Good Will with the Globetrotters, Carl would tour Europe,
taking him to fifteen countries and sixty-two cities. After five seasons with the Globetrotters the
multi-talented Green moved on to play in the Eastern League where he became a nine-year icon.
He starred for several teams including, Williamsport, Allentown, Scranton, and Asbury Park; and
WHEREAS, In the late 1960s, Carl coached NBA players at the renowned Rucker Basketball
Tournament; and
WHEREAS, Carl served as Chairman of The Board at Our Childrens Foundation, Inc., located
on West 125th Street in Harlem, for over fifty-five years, with love for his community and
commitment to the youth; servicing thousands of children and families through the years at no cost
to the families; and
WHEREAS, Following his outstanding basketball career, Carl applied his business acumen to
several successful companies; including ownership of a custom tailoring business and the Wilt-
Green Properties in partnership with fellow hoop great Wilt Chamberlain. Known affectionately
to his friends as Los, he retired as president of Los Properties Inc., a New York City-based
company in 1998; and
WHEREAS, Through the years Carl amassed numerous prestigious awards and honors; a
Congressional Proclamation on February 13th, 2015 by Representative Charles B. Rangel, Dean,
New York Congressional Delegation, as well as a New York City Council Citation from
Councilwoman Inez E. Dickens and a New York Emmy Award on May 2nd, 2015 due to his
contribution to the Arise TV documentary news special, “The Game Changer, How The Harlem
Globetrotters Battled Racism;” and
WHEREAS, Carl C. Green is a part of international history, American history, and African-
American History, serving as an inspiration to the young people of the Village of Harlem; and
WHEREAS, The Carl C. Green Memorial Committee presented before the Transportation,
Landmarks and Historic Preservation Committee on March 12, 2024, where the Committee voted
unanimously to support the resolution; and
WHEREAS, The Executive Committee voted on March 27, 2024, where the Committee voted
unanimously to support the resolution; and
WHEREAS, The full Manhattan Community Board 10 voted unanimously on April 3, 2024, to
support the resolution; and
NOW, THEREFORE, BE IT RESOLVED that Manhattan Community Board 10 strongly
recommends the preservation of the renowned legacy of Harlem Globetrotter Carl C. Green by
honoring him through the co-naming of the southeast corner of West 113th Street and St. Nicholas
Avenue to Carl C. Green Way.
Voting Results: 24 Yes 0 No 0 Abstentions 0 Recusal",0,14,1,regex_single_resolution
d1008b1e-e4bd-495f-bfa0-72194e204d8e,c1b9febc-0a67-5399-9fcc-73f3851744c4,MCB10,https://cbmanhattan.cityofnewyork.us/cb10/wp-content/uploads/sites/11/2024/04/CB10_Resolution_Pause-on-Shelters_Draft-Resolution_March-2024.docx.pdf,2024-04-01,1,ManhattanCommunityBoard10:Resolution:ImmediatePauseonTemporaryHousing,"ManhattanCommunityBoard10:Resolution:ImmediatePauseonTemporaryHousing
SheltersinCentralHarlem
WHEREAS, Manhattan Community Board 10 serves itscharter-mandateddutytoadviseelected
officials and government agencies on mattersofconcerntoconstituentswithinCentralHarlem;
The Housing Committee is tasked with addressing matters impacting residents in various
T
housing developments including NYCHA, Mitchell-Lama co-ops, HDFCs and the concerns of the
housing insecure, not limited to residents that reside in shelter as well as those with housing
vouchers,buthaveyettofindadequatehousingfortheirfamilycomposition,and;
F
WHEREAS, The Community Board has received concerns from community members about an
oversaturation of Temporary Housing Shelters within the Central Harlem Community Board
District;
A
WHEREAS, CommunityBoard10isactivelycollectingdataonthenumberofTemporaryHousing
ShelterswithintheDistrictfromvarioussources;
WHEREAS, There has been a previous call for a moratorium on medical drug treatment
R
programs in the District, prompting further investigation into the need for a moratorium on
TemporaryHousingShelters;
WHEREAS, The urgent need for permanent affordable housing is established, exemplified by
D
cases like 2201 Adam Clayton Powell, Jr. Boulevard, which should be transformed into
permanent,affordablehousingforlocalresidentsratherthantemporaryshelters;
WHEREAS, Often, communities of color and communitydistrictswithpovertyratessignificantly
higher than 10% are burdened with higher numbers of shelter sites; In 2023, 8 out of 59
communityboardshavezeroshelters,failingtocontributethecity’s“fairshare;”
WHEREAS, the 1989 City Charter (Section 203) required that the New York City Planning
Commission “to adopt criteria to further the fair distribution of the burdens and benefits
associated with City Facilities, consistent with community needs for services and efficient and
cost-delivery of services and with due regard for the social and economic impacts of such
facilitiesupontheareassurroundingthesites;”
WHEREAS, In 2017, the NYC City Council issuedareportandintroducedapackageoflegislative
bills for equitable distribution of city services and social assets as well as improve community
accesstocityfacilitiesandservicedata;
WHEREAS, The package of legislative bills included bill, Intro. 1491-2017, which would prohibit
siting facilities that are currently “highly concentrated” with similar facilities, unlesstheagency
demonstrateshowthefacilitywillmeettheneedsofthecommunity;
WHEREAS, Manhattan Community Board 10 believes in the need for increased permanent
housing in the Central Harlem Community and a “fair share” of socialservices,suchasshelters
thataredistributedthroughoutNewYorkCity;
NOW, THEREFORE BE IT RESOLVED, The City and State of New York are urged to immediately
pause any planning or establishment of Temporary Housing Shelters within the Central Harlem
CommunityBoardDistrict;TheCommunityBoardshouldbenotifiedinadvanceofanyplansfor
the creation of TemporaryHousingShelters;TheCityandStateofNewYorkshouldrefrainfrom
proceeding with the opening of any new TemporaryTHousing Shelters until the Community
Board has conducted a thorough study on whether there is an over-proliferation of such
facilities intheDistrict;Theprincipleofcommunitiesreceivingtheir""fairshare""ofsuchfacilities
should be upheld, ensuring that Central Harlem is not burdened with an excessive number of
F
TemporaryHousingShelters.
A
R
D",0,10,1,regex_single_resolution
bc628030-f8b8-40b9-98f5-1c13772c3d71,a10c0d37-ae05-5b53-a12e-8cd6e7f3cf1c,MCB10,https://cbmanhattan.cityofnewyork.us/cb10/wp-content/uploads/sites/11/2024/04/Community-Board-10-Smoke-Shop-Resolution-04.03.2024_Final-1.pdf,2024-04-03,1,Community Board 10 Cannabis Smoke Shop Resolution,"Community Board 10’s 2024 CANNABIS SMOKE SHOP RESOLUTION
WHEREAS, the purpose of the Marihuana Regulation and Taxation Act (MRTA) is to promote public health,
public safety, and social equity through creating a well-regulated marketplace for the cultivation, production, and
retail of recreational cannabis for responsible consumption by those who are 21 years of age or older;
WHEREAS, a number of retail facilities have opened in the district which sell cannabis;
WHEREAS, such facilities operate without licenses or oversight from the New York State Office of Cannabis
Management (OCM);
WHEREAS, the source and safety of the cannabis products sold by these facilities is unknown;
WHEREAS, during Community Board 10’s (CB10) 2023 cannabis forum, Sheriff Anthony Miranda, NYC Sheriff’s
Department, reported that traces of metal and other unsafe and unregulated materials including, but not limited to,
fentanyl were found when testing confiscated cannabis from the illegal smoke shops in NYC;
WHEREAS, in August 2023, The New York Times reported high school students witnessing smoke shops selling
illegal products, such as edibles, to 14-year-old children;
WHEREAS, in 2023, the National Institutes of Health (NIH) reported that cannabis use is still widespread amongst
adolescents, with greater than 10% of 8th graders and greater than 35% of 12th graders endorsing use in the past year;
WHEREAS, according to the NIH, the substantial portion of adolescents reporting cannabis use illuminates the need
for further research into possible adverse health risks;
WHEREAS, in New York State, it is illegal to sell any type of cannabis product to individuals under the age of 21;
WHEREAS, in August 2023, The New York City Council reported over 8,000 illegal smoke shops in New York City;
WHEREAS, in 2022, the CUNY Graduate School of Public Health & Health Policy reported over 125 illegal smoke
shops in Harlem;
WHEREAS, in August of 2023, NYC Local Law 107 prohibits commercial landlords from knowingly leasing retail
space to smoke shops that sell unlicensed cannabis resulting in landlords facing a $5,000 for the first violation after a
written warning and $10,000 for each subsequent violation;
WHEREAS, the existence of such illegal shops undermine the viability of retailers established under the MRTA and
reduces the amount of tax dollars allocated to the Community Reinvestment Fund;
WHEREAS, but that such unlicensed retailers have continued to proliferate;
WHEREAS, in February 2024, Governor Hochul’s Executive Budget includes a plan to broaden the authority of the
Office of Cannabis Management and local government agencies to padlock stores selling cannabis without a license;
WHEREAS, Governor Hochul’s plan includes: 1) expanding the powers of OCM to streamline padlocking of illicit
shops; 2) authorizing local government to execute OCM padlock orders to ensure swift action to close unlicensed
dispensaries; and 3) establishing local registries of licensed cannabis businesses to assist and empower local
governments, including New York City, to padlock unlicensed businesses through their own laws and resources;
BE IT RESOLVED, that CB10 supports further research into possible adverse health risk of adolescent use of cannabis
in New York State;
BE IT RESOLVED, that the City shall expand on Local Law 107 by imposing significant fines on landlords who enter
into leases with cannabis establishments that do not have a provisional, full, or CAURD license from the OCM, and that
the City adopts the following framework: if the eviction proceeding of the smoke shops have not begun, the landlord(s)
in violation will receive 1) $50,000 fine per day for the first violation; 2) after 30 days, $100,000 fine per day; 3) after
a subsequent 30 days, $250,000 fine per day and 3) failure to pay the penalty amount and remove the illegal
establishment(s) will result in the City confiscating the building from the landlord;
BE IT RESOLVED, that OCM send final recommendations to the NYS Cannabis Control Board to decline awarding
licenses to any cannabis license applicants who have been identified as actively operating as an illegal smoke shop;
BE IT RESOLVED, New York City to immediately increase the financial supportive allocated to the New York City
Sheriff’s office to further empower and expedite the enforcement of shutting down establishments that are operating
illegally;
THEREFORE BE IT RESOLVED, that during the April 3, 2024 General Board Meeting, the board unanimously
voted, 24 Yes, 0 No, 0 Abstention and 0 Recusal in support of the specifics of the Governor’s plan to address smoke
shops, previously stated in the final whereas, but would like to see further collaborative efforts between OCM, NYC
Mayor’s Office and other relevant entities that oppose illegal smoke shops in Harlem.",0,17,1,regex_single_resolution
603e8172-2dae-48be-b61f-f25a040ea505,8131b59f-4da6-5595-9546-7f7e23b4588f,MCB10,https://cbmanhattan.cityofnewyork.us/cb10/wp-content/uploads/sites/11/2024/01/To-support-with-recommendations-the-City-of-Yes-for-Economic-Opportunity-Citywide-Text-Amendment.pdf,2024-01-01,1,Resolution,"Resolution
Manhattan Community Board 10
RESOLUTION: To support with recommendations the City of Yes for Economic Opportunity
Citywide Text Amendment.
WHEREAS, the New York City Department of City Planning (hereafter known as ""DCP is
proposing the City of Yes for Economic Opportunity Citywide Text Amendment (N240010ZRY, N
240011) that will implement changes to the City’s Zoning Resolution to remove barriers to opening,
operating, and expanding a business within all zoning districts, and across all 59 of the City’s
Community Districts; and
WHEREAS, the City of Yes for Economic Opportunity has four (4) overarching goals:
1. Make it easier for businesses to find space and grow
2. Support growing industries
3. Foster vibrant neighborhoods
4. Create new opportunities for businesses to open
WHEREAS, there are eighteen (18) proposals spanning the four goals that Manhattan Community
Board 10 must consider that are as follows:
1. Reactivate storefronts - remove limits to reactivating the vacant storefronts
2. Simplify district types - simplify rules for business types allowed on commercial streets.
3. Small-scale production - expanding opportunities for small-scale clean production
4. Loading docks - modernize loading dock rules so buildings can adapt over time
5. Upper floor commercial - enable commercial activity on upper floors
6. Use terms - simplify and modernize the way businesses are classified in zoning
7. Urban Agriculture - clarify rules to permit indoor urban agriculture
8. Life Sciences - give life sciences companies the certainty to grow
9. Nightlife - support nightlife with consistent dancing and live entertainment rules
10. Amusements - create more opportunities for amusements to be located in C districts
11. Home occupations - enable entrepreneurship with modern rules for home-based businesses
12. Streetscape - create design rules that ensure that buildings contribute to the surroundings
13. Auto repair - reduce conflicts between auto repair shops and pedestrians
14. Micro-distribution - encourage safe and sustainable deliveries with micro-distribution
15. Campus commercial - facilitate local commercial space on residential campuses such as NYCHA
16. Corner stores - create a process for allowing new corner stores in residential areas
17. Better waiver processes - rationalize waiver process for business adaptation and growth
18. New loft-style zoning districts – create new kinds of zoning districts for the future.
WHEREAS, DCP reviewed existing conditions in Manhattan Community Board 10 where there are
1990 storefronts of which 300 are vacant. The vacant storefront types varied with 29% for retail,
28% community facilities & other designation, 24% for services, and 19% for food and drink; and
WHEREAS, DCP also provided a Q&A document with questions from surrounding community
boards (9 and 12), and from George Janes & Associates, facilitated five public sessions during the
past year, and extended the review period until the end of January, the City of Yes for Economic
Opportunity is a dense (~1100 pages) document that will result in changes to zoning regulations
throughout the City, and:
WHEREAS, Manhattan Community Board 10 Land Use Committee facilitated two public hearings on
11/16/23 and 12/21/23; and
WHEREAS, Manhattan Community Board 10 recognizes that some changes in zoning that would
require community board input/consideration will be eliminated. Currently, the City approves over 90%
of all zoning projects without modification regardless of the concerns raised by community boards, non-
profits, and other entities; and
WHEREAS, on December 21, 2023 Manhattan Community Board 10 Land Use Committee voted _9
Yes, _0_ No, , 0 Abstention, and 0 Recusal on each proposal and unanimously approved the City of Yes
for Economic Opportunity with the following recommendations outlined in the chart below:
Proposal Support Do Not Requested
Support Modification/Recommendation
#1: Reactivate X
Storefront
#2: Simplify district X
types
#3: Small scale X
production
#4: Loading docks X
#5: Upper floor X Committee concerned with
commercial mixed uses. It is essential that
separate entrances are
maintained and noise mitigation
requirements are monitored
#6: Use terms X
#7: Urban Agriculture X This allows for greater indoor
agriculture that would include
cannabis growth. This would be
subject to state licensing
requirements but ongoing
monitoring/enforcement should
be clearly outlined.
#8: Life Sciences X CB 10 will be the new location
for NYC DOHMH Public Health
Lab. Additional laboratory
types would include diagnostic,
clinical, and research labs. It is
essential that oversight by
Department of Buildings (DOB),
FDNY, Dept. of Environmental
Protection (DEP), DOHMH, and
state and federal agencies
monitor and ensure safety
standards, and adherence to
regulations that ensure the safety
of the community.
#9: Nightlife X Although emphasis was placed
on ensuring that dancing could
occur in spaces licensed for up
to 200 people, it does not negate
the fact that CB 10 is saturated
with restaurants and bars.
Enforcement and monitoring
does not consistently occur
leaving residents without any
recourse other than calling 311to
report concerns. Additional
resources should be added to
city agencies that will be
responsible for monitoring and
enforcement.
#10: Amusement X
#11: Home X This zoning increases the
Occupations number of employees from one
to three, not including the
owner. Residents with concerns
about noise, vibration, smoke,
dust or other objectionable
effects are left to call 311 to
report the business to DOB.
Although existing safeguards
would remain in place,
monitoring and enforcement
requires several city agencies
(FDNY, DOHMH, HPD, and
NYPD) with limited capacity to
address the anticipated growing
number of home-based
businesses.
Additional resources should be
added to city agencies that will
be responsible for monitoring
and enforcement.
#12: Streetscape X Prospectively, the City should
ensure that while symmetry in
streetscape is sought, innovation
and diversity should be allowed
and embraced.
#13: Auto repair X
#14: Micro-distribution X CB 10 has delivery trucks
throughout the community on a
daily basis.
The Department of
Transportation and DOB does
not effectively or consistently
monitor or enforce the way in
which these companies operate.
Community boards should
determine preferences for the
type of micro-distribution
centers in the community.
CB 10 recommends that open
hours for micro-distribution
centers and their vehicles (and
the acceptable times when
delivery vehicles can service
these centers) be prescribed by
the community board.
Additional resources should be
added to city agencies that will
be responsible for monitoring
and enforcement.
#15: Campus X Community boards should
commercial determine preferences for the
type of businesses.
Additional resources should be
added to city agencies that will
be responsible for monitoring
and enforcement.
#16: Corner stores X Community boards should
determine preferences for the
type of businesses.
Stores much be consistent with
the needs and preferences of the
community. Currently, CB 10
has a significant number of
“smoke shops” where illegal,
and potentially dangerous
situations arise.
Monitoring and enforcement is
not consistently or effectively
managed
Additional resources should be
added to city agencies that will
be responsible for monitoring
and enforcement.
#17: Better waiver X
process
#18: New lost-style X
district
WHEREAS, on January 2, 2024, the Executive Committee voted _14_ Yes, _0_ No, _0__
Abstention, and _0_ Recusal to approve the application with the aforementioned
recommendations.
NOW THEREFORE, BE IT RESOLVED
Manhattan Community Board 10 supports the City of Yes for Economic Opportunity Citywide
Text Amendment, with the recommendations listed below. During the January 3, 2024 General
Board Meeting, the board voted _29_ Yes, _0__ No, _1_ Abstention, and _0__ Recusal.
1. Ensure that mixed use developments maintain regulations that are supportive to residents and
includes separate entrances.
2. Additional life sciences businesses could include diagnostic, clinical, and research laboratories.
Ensure ongoing oversight and enforcement by City, State, and federal agencies is crucial to
ensuring the safety of these facilities, and to protect the residents of the community. Process
should be developed to ensure that communities are aware of plans to develop a laboratory, with
adequate amount of time for public hearings and/or town hall meetings to provide feedback and
discuss concerns.
3. Communities and community boards should determine the type of micro-distribution centers and
the designated times of operation for delivery vehicles.
4. Communities and community boards should determine the types of businesses on NYCHA
campuses, as well as corner stores.
5. Several proposals (#5, 7-9, 11-12, 14-16) require monitoring and enforcement oversight by
various city and state agencies. Currently, existing monitoring and enforcement does not
consistently or effectively address concerns highlighted by individuals in the community.
Additional resources must be added to City and State agencies to ensure that businesses are
compliant with rules and regulations, and held accountable within a timely manner.
6. The City is facing economic challenges with a PEG (Program to Eliminate the Gap) implemented
for city agencies. Community boards should be provided with the anticipated cost of the City of
Yes for Economic Opportunity as existing financial challenges would adversely affect the ability
of city agencies to effectively monitor, enforce, and hold businesses accountable.",0,9,1,regex_single_resolution
750df122-b5c8-4ba6-856d-efb0f09b44f4,8224cb03-ddcd-5702-8cba-0d305b75bf75,MCB10,https://cbmanhattan.cityofnewyork.us/cb10/wp-content/uploads/sites/11/2023/12/RESOLUTION-To-Support-the-Rucker-Park-Walk-of-Fame-Promenade-December-122023X.pdf,2023-12-01,1,Resolution To Support the Rucker Park Walk of Fame Promenade,"Resolution To Support the Rucker Park Walk of Fame Promenade
and Holcombe Rucker Statue in Rucker Park
WHEREAS Holcombe Rucker Park (Park ID M216) is a 3.05-acre park located on West 155th Street
and Frederick Douglass Boulevard in the Borough of Manhattan in Community Board 10; and
WHEREAS In addition to the basketball court, the park has a baseball field, handball courts, children’s
playground, spray shower and restroom; and
WHEREAS The park, which houses the “reigning hallowed ground of streetball courts”, is named after
Holcombe Rucker, a local teacher and a playground director for the New York City Department of
Parks and Recreation. Mr. Rucker started a basketball tournament in 1950 in order to help less fortunate
youth stay off the streets and aim for college careers; and
WHEREAS Since 1969, Holcombe Rucker Park has been a source of incalculable pride and
entertainment for Harlemites as well as basketball enthusiasts the world over. What began in 1956 with
Holcombe Rucker’s youth tournament, which would lead to 700 Harlem youth receiving college
scholarships, was carried on and expanded with each passing generation. Bob McCullough continued
this legacy with the Rucker Pro Am tournament and Each One Teach One program, providing young
people a source of pride and inspiration over the decades. Greg Marius would take up the mantle with
the Entertainer’s Basketball Classic, inspiring countless youth from NYC and beyond to achieve
greatness. Both of these tournaments inspired basketball players throughout the world and drew the
respect and participation of some of the world’s greatest athletes and cultural icons; and
WHEREAS Many who played at the iconic park in the Rucker Tournament achieved a level of fame for
their abilities, with several having gone on to play in the National Basketball Association (NBA); and
WHEREAS Mr. Rucker gave Black players an opportunity to play at a time when the NBA, founded in
1949, first started. At the time there were only 1 or 2 Blacks per team. There were few avenues like the
Harlem Globe Trotters where teams of Blacks played together. In addition, players who were not able to
go to college had the option to go to the Rucker to play; and
WHEREAS Many professional basketball players have played at the court even after gaining
prominence. Many others developed their basketball skills at Rucker prior to becoming notable in the
sport, including: Kareem Abdul-Jabbar, Kenny Anderson, Nate Archibald, Metta Sandiford-Artest,
Sylvester Blye, Conney Hawkins, Roger Brown, Julius Erving, Bill Bradley, Joe Hammond, Earl
Manigault, Jackie Jackson, Richard “Pee Wee” Kirkland, Larry “Bone Collector” Williams, Rafer “Skip
to My Lou” Alston, Herman “Helicopter” Knowlings, Conrad “McNasty” Macrae, Charlie Scott and
Wilt Chamberlain; and
122023
WHEREAS Greg Marius founded the Entertainers Basketball Classic in 1982, when he was a young
rapper with the Disco Four. Initially organized as a tournament between rival hip-hop crews, Marius’s
basketball showcase ingeniously connected the worlds of basketball and hip-hop. Expanding on Rucker
Park’s history as a place where neighborhood talent could play sports celebrities, Marius invited
basketball stars to the weeks-long tournament. The growing number of players from the NBA drew
enormous crowds, and in 1984 the tournament moved from Fred Samuel Playground (formerly Readers
Digest Park) to Holcombe Rucker Park. Since its founding, NBA superstars like Kobe Bryant, Allen
Iverson, Stephon Marbury, Lebron James, and Shaquille O’Neal have held court at the Classic. In the
1990s, Marius expanded his vision and integrated entertainers like Michael Bivins, Fat Joe, Jay Z, P.
Diddy, Alicia Keys, Beyoncé, Rihanna, and Mary J. Blige into the program. Political and business
leaders such as United States President Bill Clinton and NBA Commissioner David Stern have also
joined the jubilant crowds at the Entertainers Basketball Classic; and
WHEREAS The Greg Marius Court was refurbished to include: (1) custom-made basketball goals,
styled after the backboards and hoops in the 30 NBA arenas and practice facilities; making it the only
outdoor court in the world with these high-quality goals, (2) a new surface for the court, eliminating the
cracks and other defects in the current pavement, (3) new bleachers and team benches, (4) new
scoreboard, (5) new gates and (6) repairs to the fence; and
WHEREAS Rucker Park has been featured in films and documentaries; “Above The Rim” (1994),
TNT’s : “On Hallowed Ground: Streetball Champions of Rucker Park” which aired in 2000 and won a
Sports Emmy Award, “The Real: Rucker Park Legends---True Harlem Story” (2006), “Undefeated The
Roger Brown Story” - PBS (2013), #Rucker50 Documentary (2016), and the 2018 film: “Uncle Drew”;
and
WHEREAS The proposed Rucker Park Walk of Fame Promenade and Holcombe Rucker statue will
have the potential to educate and pay tribute to esteemed players during events outside of basketball
tournaments such as concerts; and
WHEREAS In 2022, Rucker Park became the first outdoor venue for The Basketball Tournament - a
single-elimination winner-take-all tournament with a $1million prize, acting as one of eight regional
venues for the competition; and
WHEREAS a Coalition of the Holcombe Rucker Family, The Greg Marius Family, Each One Teach
One and HCCI presented at the Wednesday, November 8th Manhattan Community Board 10 Parks and
Recreation Committee meeting to introduce a proposal to capture the essence of the Rucker Park story
in a compelling visual format, around the park itself, for local residents, players and visiting fans to
enjoy. The goal is to enshrine the historic legacy of the Rucker Park; its community power and
transformation, while telling the story of the historical figures for generations to come; and
WHEREAS In absence of quorum the sentiment of the Committee was to move the proposed Resolution
to the November 29th Executive Committee meeting, where it was voted on to unanimously support the
project; and
NOW THEREFORE BE IT RESOLVED THAT during the December 5, 2023 General Board
Meeting, the board voted unanimously 36 Yes, 0 No, 0 Abstention, and 0 Recusal to support the
community-initiated request to upgrade the Holcombe Rucker Park, while preserving its renowned
character, through the installation of the Rucker Park Walk of Fame Promenade and statue of Holcombe
Rucker.
122023",0,14,1,regex_single_resolution
23513593-b1be-4e95-b45e-37fb35109c79,76c32c54-9b62-5a4a-93d0-a95a132d76f9,MCB10,https://cbmanhattan.cityofnewyork.us/cb10/wp-content/uploads/sites/11/2023/12/RESOLUTION-1-for-Parks-Campaign-December-12182023Z-1.pdf,2023-12-01,1,Resolution: To Support The 1% For Parks Campaign,"Resolution: To Support The 1% For Parks Campaign
WHEREAS, the 1% for Parks campaign proposes to dedicate one percent of the City's annual budget towards
parks and green spaces, ensuring adequate funding for staffing, maintenance, and other critical needs; and
WHEREAS On April 26, 2023, the Administration released the Executive Financial Plan for Fiscal 2023-
2027 (Executive Plan) which includes a proposed Fiscal 2024 budget of $106.7 billion. This report offers a
review of the Department of Parks and Recreation’s (the Department or DPR) Fiscal 2024 Executive Budget,
including proposed budget actions taken in the Executive Plan; and
WHEREAS The Department’s projected Fiscal 2024 budget of $610.4 million represents 0.6 percent of the
City’s proposed Fiscal 2024 budget in the Executive Plan; and
WHEREAS, parks and green spaces provide numerous benefits to communities, including promoting physical
and mental health, providing spaces for community gatherings and events, improving air quality, climate
resiliency and cooling, and enhancing the overall quality of life for residents; and
WHEREAS, many parks and green spaces have experienced neglect and underfunding, resulting in
deteriorating conditions and limited programming options; and
WHEREAS, many large U.S. cities allocate more than one percent of their city budgets to parks, which has
resulted in significant improvements to parks and green spaces in those communities. San Francisco spends
1.6 percent of its municipal budget on parks, Los Angeles spends 2.9 percent, Chicago 4.3 percent and
Minneapolis 5.3 percent; and
WHEREAS the 1% for Parks campaign has garnered widespread support from community organizations,
advocacy groups, and residents who recognize the importance of parks and green spaces the health and well-
being of our community; and
WHEREAS New Yorkers For Parks presented to the Parks and Recreation Committee on November 8th,
2023; and
WHEREAS In absence of quorum the sentiment of the Committee was to move the proposed Resolution to the
November 29th Executive Committee meeting, where it was voted on to unanimously support the project; and
NOW, THEREFORE, BE IT RESOLVED , that during the December 5, 2023 General Board Meeting, the
board voted unanimously, 36 Yes, 0 No, 0 Abstention and 0 Recusal to fully support the 1% for Parks campaign
and urges our elected officials to allocate this increased funding in the New York City budget. We believe that
investing in parks and green spaces is essential to creating a healthy, vibrant, and sustainable community that
benefits all residents. We call on our elected officials to prioritize parks and green spaces in budget decisions
and work towards ensuring that all members of our community have access to safe, clean, and well-maintained
parks and green spaces.
1 https://council.nyc.gov/budget/wp-content/uploads/sites/54/2023/05/DPR.pdf",0,9,1,regex_single_resolution
d5dd69b7-fc01-4bf7-8110-9d8cd55e39c4,760994a2-de61-506b-afa7-dcd7d3f676f4,MCB10,https://cbmanhattan.cityofnewyork.us/cb10/wp-content/uploads/sites/11/2023/12/Resolution-West-85th-Street-Playground-Reconstruction-December-12152023X.pdf,2023-12-01,1,"October 11, 20","October 11, 20
\\\
RESOLUTION: WEST 85TH STREET PLAYGROUND RECONSTRUCTION
WHEREAS The Abraham and Joseph Spector Playground (a.k.a. West 85th Street Playground) is located at
86th Street St, west of the West Drive in Central Park; and
WHEREAS The playground is located within the Seneca Village Landscape exhibit site which spans from
82nd-89th Streets on the West Side; and
WHEREAS The West 85th Street Playground, one of Central Park’s largest, was originally constructed in the
1930s as Marginal Playground #16; and
WHEREAS Central Park Conservancy (CPC) renovated the playground in 1994, keeping the same footprint.
Most of the remaining features and the layout of the current playground date from this 1994 renovation; and
WHEREAS Play features have been removed due to deterioration, the playground has become more open and
empty, with significant space for free play; and
WHEREAS The large sand play area is a dominant feature of the playground as it currently exists. The
playground is shaded by large canopy trees and includes seating with wood-and-concrete benches inside and
at the entrance and a surrounding landscape that is predominantly lawn with scattered, large canopy trees and
areas of rock outcrop; and
WHEREAS Ongoing investigations into the history of Seneca Village; a thriving predominantly African-
American community that existed from 1825 to 1857, decades prior to the park’s construction, have provided
detailed information on the location of pre-park features within and adjacent to the present-day playground;
and
WHEREAS The area that is currently occupied by the playground would have been near an important center
of activity within Seneca Village, with churches, homes and important streets; and
WHEREAS Today, CPC’s Seneca Village-focused tours often use an area near the playground entrance as the
first stop to orient visitors to the site; and
WHEREAS In the past year, the Conservancy has held several community meetings to discuss the landscape,
restoration, interpretation and commemoration of Seneca Village with historians, descendants, community
members and park users to determine how to emphasize the enduring physical features of the site, highlight its
history, and honor the memory and significance of Seneca Village; and 122023
WHEREAS CPC will continue these conversations in the coming year and come back to the community with
proposals for commemoration once they have been established; and
122023
WHEREAS Project Goals reflect the goals of the Plan for Play initiative to:
• Improve the relationship between the playground and the park
• Enhance the quality and variety of play experiences
• Maximize user accessibility
• Ensure compliance with current safety standards
• Preserve unique and successful aspects of existing designs
• Practice sustainable design and construction
• Design innovative solutions
• Enhance the distinctive topography and site features of the surrounding landscape
• Create an accessible route from the west side and to West 84th Street playground; and
WHEREAS The Scope of Work includes:
• New protected water service, drainage infrastructure and manual irrigation infrastructure
• New benches, pavement, drinking fountain, and plantings
• Reconfiguration of the playground entrance area to better accommodate Seneca Village-related
gatherings, tours, programming, etc.
• New perimeter fence to be replaced with lower, 4 ’high fence. Improve overall playground layout to
better integrate the playground within the landscape and give more space to mature trees
• New play equipment including swings and play structures/climbers. Water and sand play areas will be
included; and
WHEREAS CPC acknowledges the prominence of this playground within the Seneca Village site and re-
envisions the playground as a play and family gathering space connected to the surrounding landscape; and
WHEREAS Construction is expected to start in summer 2024 and take a year. Once it reopens, it will be
renamed the West 85th Street Playground. The upcoming project will move the location of the playground
slightly north and cut down on the overall play space from 26,196 to 24,937 sq. ft.; and
WHEREAS There will be the movement of 2 large oak trees further out into the landscape; better aligning the
playground entryway; and
WHEREAS CPC conducted extensive community outreach including surveys based upon direct interviews
with park users over a six week period; varying days and times of their visits, posting of a survey link inside
of the playground as well as in 2 different CPC newsletters. Community feedback was used to shape the
design plans; and
WHEREAS Central Park Conservancy presented design plans to upgrade the 85th Street Playground in
Central Park through renovations to the Parks and Recreation Committee on November 8th, 2023; and
WHEREAS In absence of quorum the sentiment of the Committee was to move the proposed Resolution to
the November 29th Executive Committee meeting, where it was voted on to unanimously support the project;
and
NOW THEREFORE BE IT RESOLVED THAT during the December 5, 2023 General Board Meeting, the
board voted unanimously 36 Yes, 0 No, 0 Abstention, and 0 Recusal to support the upgrade of the Abraham
and Joseph Spector Playground (a.k.a. West 85th Street Playground), a vital community resource, through
reconstruction.
122023",0,19,1,regex_single_resolution
039d8df7-90b8-4db3-ac48-4853bcaa524b,73a12732-ada6-5d5b-a94d-c4bdc7e10015,MCB10,https://cbmanhattan.cityofnewyork.us/cb10/wp-content/uploads/sites/11/2023/10/RESOLUTION-Restoration-of-the-Great-Hill-Bathroom-in-Central-Park-October-10242023.pdf,2023-10-01,1,Resolution: To Support Restoration of the Great Hill Bathroom in Central Park,"Resolution: To Support Restoration of the Great Hill Bathroom in Central Park
WHEREAS the Great Hill Bathroom is located on the West Side between 94th and 96th Streets near
the West Drive; and
WHEREAS The part of the Park occupied by the Great Hill is rich in history. Once known as Harlem
Heights, it commanded panoramic views in all directions. Because of its strategic elevation—134 feet
above sea level—it was used as a military encampment during the Revolutionary War. Olmsted and
Vaux in their design for Central Park took advantage of the site’s steep topography, creating an oval
carriage concourse that encircled the summit of the Great Hill and served as an outlook. The
concourse offered spectacular views of Manhattan, the Hudson River and Palisades, and the Long
Island Sound. From it, pedestrian pathways led into the surrounding landscape; and
WHEREAS The area along Central Park West between 103rd and 104th Streets is a spot of special
significance in that it was the site of the Bogardus House, a farmstead that served as Olmsted’s home
during the Park’s construction and the spot where he was married in 1859; and
WHEREAS From the Park’s early days, the Great Hill was conceived as a site for family outings. It is
listed in an 1872 handbill, signed by Olmsted, that recommends locations in the Park suited to day-
trips for children. Families arriving by carriage would take in the breathtaking views of the concourse,
disembark and go for a stroll in the adjoining picturesque landscapes, and picnic or play in the shade
of the central lawn; and
WHEREAS In 1909, wooden steps that had been added to provide access to the Great Hill from the
106th Street entrance were removed and replaced with the more rustic path and stone staircase that
now exist; and
WHEREAS The Project Goals include:
• Restore the building’s exterior consistent with the historic design
• Update MEP systems to minimize carbon footprint while introducing electric heating to make the
building a year-round facility
• Improve restroom accessibility to meet jurisdictional requirements and best practices
• Create accessible routes to restroom facilities and adjacent park locations
102023
WHEREAS The Scope of Work includes:
Building Envelope
• Selective replacement and repairs to the slate roof
• Restoration of the exterior masonry, including cleaning and repointing
• Replacement of windows and doors based on historic drawings
• Repair original drinking fountain
Interior Renovation
• Reconfigure interior walls to accommodate an accessible stall in each restroom
• All new finishes, fixtures and fittings and accessories.
• Upgrade interior lighting to LED
Building Systems
• New mechanical, electrical and plumbing systems
Site Accessibility Improvements
• Replace existing granite blocks with ADA-accessible blocks
• Create accessible landings at each restroom entrance
• Slope up from existing loop trail to restroom entrance landings to create accessible route
• Pitch walkways away from building to achieve positive drainage; and
WHEREAS Central Park Conservancy presented the objectives, project scopes and design concepts of the
project at the Parks and Recreation Committee meeting on September 13th, 2023; and
WHEREAS Manhattan Community Board 10 is in support of the Central Park Conservancy design plans to
upgrade the Great Hill bathroom through restoration; and
WHEREAS Central Park Conservancy presented the objectives, project scopes and design concepts
of the project at the Parks and Recreation Committee meeting on September 13th, 2023; and
WHEREAS on September 27th, the Executive Committee had quorum and voted to support the
resolution to support the renovations, reconstruction, and new designs of the Great Hills bathroom.
NOW THEREFORE BE IT RESOLVED that on Wednesday, October 1st, 2023 the General Board
had quorum and voted 29 YES 0 NO, 0 ABSTENTION and 0 RECUSAL to support the resolution to
support the Central Park Conservancy’s efforts to upgrade through renovations, reconstruction and
new designs the Great Hill bathroom.
102023",0,11,1,regex_single_resolution
05ea6a5d-7c0d-4cc1-aaf3-a96ea1461ade,dfcf2e8a-fe13-5524-adb2-587207b81a83,MCB10,https://cbmanhattan.cityofnewyork.us/cb10/wp-content/uploads/sites/11/2023/08/CB-10-Resolution-Fostering-Equity-Empowerment-3.pdf,2023-08-01,1,"FOSTERING EQUITY, EMPOWERMENT, AND ECONOMIC IMPROVEMENT:","FOSTERING EQUITY, EMPOWERMENT, AND ECONOMIC IMPROVEMENT:
A RESOLUTION ADDRESSING THE ESTABLISHMENT OF GOTHAM BUDS AND
IMPROVED WEALTH AND OVERALL ECONOMIC IMPROVEMENT IN CENTRAL
HARLEM
Whereas, Manhattan Community Board 10 (MCB10) is dedicated to advocating for the well-
being, safety, and equitable treatment of its diverse community members; and
Whereas, the history of cannabis legalization in New York State is fraught with disparities,
injustices, and racial discrimination that have disproportionately affected communities of color,
including Harlem; and
Whereas, the criminalization of cannabis dates back to the early 20th century and was fueled by
racially biased propaganda that unfairly targeted minority communities, resulting in discriminatory
enforcement and convictions; and
Whereas, the so-called ""War on Drugs"" in the latter half of the 20th century intensified the
criminalization of cannabis and disproportionately impacted low-income communities and people
of color, leading to mass arrests and convictions; and
Whereas, the disparate impact of cannabis enforcement policies has led to a cycle of economic
and social hardship for individuals with prior cannabis-related convictions, limiting opportunities
for housing, employment, and education; and
Whereas, the Marihuana Regulation and Taxation Act (MRTA), signed into law in New York
State, aims to rectify some of the historical injustices by expunging certain cannabis-related
convictions and promoting social and economic equity in the cannabis industry; and
Whereas, the legalization of adult-use cannabis in New York State through the MRTA presents
an opportunity to address past injustices, foster economic growth, and create pathways for
restorative justice for affected communities; and
Whereas, Harlem, as a historically significant neighborhood with a rich cultural heritage, has been
particularly impacted by the historical injustices surrounding cannabis enforcement and stands to
benefit from equitable cannabis policies that promote community well-being and empowerment;
and
Whereas, MCB10 passed a resolution in April 2022, urging the New York State legislature to
ensure the implementation of the Marihuana Regulation and Taxation Act (MRTA) prioritizes
justice, reinvestment, education, and social economic equity, particularly for Black cannabis
startups, micro-businesses, and legacy market operators; and
Whereas, MCB10 also resolved that there should be inclusion of a Harlem community
representative with expertise in addressing historical oppression and social injustice on the
advisory board of the New York Office of Cannabis Management (OCM); and
Whereas, since 2022, MCB10 has hosted a series of educational discussions and forums with
community-based organizations like the Harlem Business Alliance, educational institutions such
as the CUNY School of Public Health’s Harlem Health Initiative to foster open dialogue within
the Harlem community. Forums such as the “Higher Learning” series and the faith-based
conversations served to educate the Harlem community about the benefits and the potential risk of
cannabis, as well as its current and future economic opportunities; and
Whereas, MCB10 was informed in December 2022 of OCM's plans to open a cannabis dispensary
on 125th Street without community input, leading to MCB10’s March 2023 letter demanding for
the increased transparency and community involvement in the decision-making process by OCM
and the Dormitory Authority of the State of New York (DASNY); and
Whereas, a lawsuit filed by the 125th Street Business Improvement District (125th Street BID)
against the proposed dispensary location on 125th Street, causing Judge Shahabuddeen Ally to
release an opinion emphasizing the importance of community input and the role of MCB10 in
providing an opinion regarding a dispensary in its community; and
Whereas, MCB10 requested an extension to ensure thorough community input and informed
OCM that it would be more appropriate to consider the dispensary proposal at the September
General Board Meeting to gather diverse community voices; and
Whereas, MCB10 held two public forums, January 26, 2023, and August 3, 2023, where DASNY
and OCM provided insight to their decision-making process and members of the Harlem
community had the opportunity to provide public comment on the proposed dispensary location;
and
Whereas, MCB10 recognizes the complex perspectives surrounding the matter and the
importance of economic opportunities, community representation, acknowledges the historical
wrongs experienced by Harlemites, and recognizes their opportunity to contribute positively to the
community by operating a legalized cannabis dispensary;
NOW, THEREFORE, BE IT RESOLVED, that Manhattan Community Board 10 remains
steadfast in its commitment to foster balanced decision-making, considering diverse perspectives
while prioritizing community welfare, equitable economic opportunities, transparency, and the
historical context of Harlem's cannabis-related injustices; and
BE IT FURTHER RESOLVED, that Manhattan Community Board 10 lends its supports to the
establishment of Gotham Buds Cannabis Dispensary located at 248 W 125th street.
under the following conditions:
1. Gotham Buds shall provide regular quarterly updates to the Economic Development
Committee of Community Board 10 and attend other relevant committee meetings as needed,
ensuring transparency in community engagement efforts and business operations.
2. Gotham Buds shall prioritize hiring from within the district, with particular emphasis on
individuals who have been adversely affected by harmful cannabis-related laws, fostering local
employment opportunities, and addressing historical injustices.
3. We strongly urge Gotham Buds to engage a minority-owned security firm, promoting diversity
and inclusivity in their security measures.
4. The workforce of Gotham Buds shall reflect the diversity of the community, promoting
inclusivity and empowerment.
5. Gotham Buds shall demonstrate social and cultural responsibility by investing in training
programs aimed at creating career opportunities within Central Harlem.
6. Gotham Buds shall assure that the facilities are fully accessible to all, complying with ADA
standards, ensuring equal access for every member of the community.
7. Gotham Buds shall create partnerships with other institutions that are stapled and important
to the success of 125th street, including but not limited to the Apollo, the 125th street BID, the
Studio Museum, fostering collaboration for the betterment of the Harlem community.
BE IT FURTHER RESOLVED, that Manhattan Community Board 10 recognizes the paramount
importance of communities and community boards in the process of identifying locations for
cannabis dispensaries by OCM and DASNY. We call for a comprehensive re-evaluation of this
process to ensure meaningful community involvement before locations are identified, fostering an
environment that supports both community interests and responsible business growth; and
BE IT FURTHER RESOLVED, that Manhattan Community Board 10 is dedicated to ensuring
that the process through which the state of New York has committed to reinvesting revenue
generated from cannabis sales is streamlined to directly benefit local schools and institutions,
thereby fostering community uplift; and
BE IT FURTHER RESOLVED, that Manhattan Community Board 10 calls upon the Governor,
the Mayor, and all other appropriate agencies to continue focusing on addressing the challenges
that have been plaguing 125th street, ensuring the safety, cleanliness, and welcoming atmosphere
of this vital business area; and
BE IT FURTHER RESOLVED, that Manhattan Community Board 10 recognizes the
significance of this moment, and this resolution shall stand as a testament to the unwavering
commitment of Community Board 10 of Central Harlem to a just, equitable, and inclusive future,
recognizing the historical injustices, advocating for responsible business practices, uplifting the
entire community, and actively pursuing initiatives that foster improved wealth and economic
well-being for all residents; and
BE IT FINALLY RESOLVED, that this resolution be adopted on August 10, 2023, by
Manhattan’s Community Board 10 of Central Harlem and it will be shared with all relevant parties
and institutions for proper implementation.",0,16,1,regex_single_resolution
4a39e9c8-e488-432d-842d-77cf76d3bd87,d12fb73b-e798-557c-a6f8-c78b3a53aac7,MCB10,https://cbmanhattan.cityofnewyork.us/cb10/wp-content/uploads/sites/11/2023/02/RESOLUTION-TO-SUPPORT-OPPOSITION-TO-THE-DESTRUCTION-OF-LANDMARKED-BUILDINGS-AND-STRUCTURES-IN-MANHATTAN-COMMUNITY-BOARD-10-1.pdf,2023-02-01,1,RESOLUTION TO SUPPORT OPPOSITION TO THE DESTRUCTION OF,"RESOLUTION TO SUPPORT OPPOSITION TO THE DESTRUCTION OF
LANDMARKED BUILDINGS AND STRUCTURES IN MANHATTAN COMMUNITY
BOARD 10
WHEREASOn October 6, 1964, The New York Times revealed that “a bill to preserve the city’s
architectural heritage had been introduced into the City Council.” On December 3, 1964, the
legislation was introduced in a public hearing by its three sponsors, Councilman Seymour Boyers,
Robert Low, and Richard S. Aldrich; and
WHEREAS In April 1965, the New York City Landmarks Law was signed and enacted to
establish the creation of a permanent New York City Landmarks Preservation Commission to
protect historic landmarks and neighborhoods from precipitate decisions to destroy or
fundamentally alter their character, under the leadership of MayorRobertF. Wagner.Thiswas in
itself a landmarkpieceof NYClegislationthat pioneeredlocalprotectionsof individualbuildings
and districts of historic, aesthetic, and architectural significance; and
WHEREAS The National Historic Preservation Act was signed into law on October 15, 1966.
This law increased the scope and responsibilities of the National Park Service with regard tothe
preservation of cultural resources. The National Historic Preservation Act charges the National
Park Service (through authority delegated by the Secretary of the Interior) to establish and
administer a national historic preservation program andtodevelop andpromulgate standards and
guidelines for the treatment of historic properties; and
WHEREAS The Secretary of the Interior’s Standards for Historic Preservation Projects were
first issuedin1978.In 1979 theywere publishedwithGuidelinesfor Applying theStandardsand
reprinted in 1985. The Standards were revised in 1992, when they wereretitledTheSecretaryof
the Interior’s Standards for the Treatment of Historic Properties. The Standards were codified in
the Federal Register in 1995, the same year that they were published with guidelines as The
Secretary of the Interior’s Standards for the Treatment of Historic Propertieswith Guidelinesfor
Preserving, Rehabilitating, Restoring and Reconstructing Historic Buildings. These Standards
and Guidelines provide a critical part of the framework of the national preservation program.
They are widely used at the federal, state, and local levels to guide work on historic buildings,
and they also have been adopted by certified local government and historic preservation
commissions across the nation; and
WHEREAS The office of Technical Preservation Services (TPS) in the Cultural Resources
directorate of the National Park Service is responsible for developing and promulgating
preservation standards and guidance specifically as it relates to historic buildings. TPS has
produced an extensive amount of technical, educational, andpolicy guidanceonthemaintenance
and preservation of historic buildings; and
WHEREAS TPS developed the original and current versions of The Secretary of the Interior’s
Standards for the Treatment ofHistoric PropertieswithGuidelinesfor Preserving, Rehabilitating,
Restoring and Reconstructing Historic Buildings. The many technical publications and web
features on preserving historic buildings prepared by TPS are well known, especially the
Preservation Briefs and the Preservation Tech Notes series. Materials developed by TPS are
available in printed form and/or online from the TPS website at https://www.nps.gov/tps (or
search for Technical Preservation Services at https://www. nps.gov); and
WHEREASTPS administers the Federal Historic Preservation Tax Incentives Program, which
encourages private sector investment in the rehabilitation and reuse of historic buildings; and
WHEREAS Preservation is defined as the act or process of applying measures necessary to
sustain the existing form, integrity, and materials of an historic property. Work, including
preliminary measures to protect and stabilize the property, generally focuses upon the ongoing
maintenance and repair of historic materials and features rather than extensive replacement and
new construction. The limited and sensitive upgrading of mechanical, electrical, and plumbing
systems and other code-required work to make properties functional is appropriate within a
preservation project. The Standards for Preservation require retention of the greatest amount of
historic fabric along with the building’s historic form; and
WHEREAS Rehabilitation is defined as the act or process of making possible a compatible use
for a property throughrepair, alterations,and additionswhilepreservingthose portionsor features
which convey its historical, cultural, or architectural values. The Rehabilitation Standards
acknowledge the need to alter or add to a historic building to meetcontinuing ornewuses while
retaining the building’s historic character; and
WHEREAS Restoration is defined as the act or process of accurately depicting the form,
features, and character of a property as itappeared ata particularperiodof timebymeansofthe
removal of features from other periods in its historyandreconstruction of missingfeaturesfrom
the restoration period. The limited and sensitive upgrading of mechanical, electrical, and
plumbing
systems and other code-required work to make properties functional is appropriate within a
restoration project. The Restoration Standards allow for the depictionof abuilding ataparticular
time in its history by preserving materials, features, finishes, and spaces from its period of
significance and removing those from other periods; and
WHEREAS Reconstruction is defined as the act or process of depicting, by means of new
construction, the form, features, and detailing of a non-surviving site, landscape, building,
structure, or object for thepurposeof replicatingits appearanceata specificperiodoftimeandin
its historic location. The Reconstruction Standards establish a limitedframeworkfor recreating a
vanished or non-surviving building with new materials, primarily for interpretive purposes. The
Guidelines are introduced with a brief overview of the primary materials used in historic
buildings; the exterior and interior architectural features and systems; the building’s site and
setting; code
compliance requirements regarding accessibility and life-safety resilience to natural hazards;
sustainability; and new additions and related new construction; and
WHEREAS The guidelines for choosing an appropriate treatment for historic buildings are
intended to promote responsible preservation practicesthat help protectthe nation’sirreplaceable
cultural resources. They cannot, for instance, in and of themselves be used to make essential
decisions about which features of the historic building should be saved and which can be
changed.
But, once a treatment is selected, these standards and guidelines provide a consistent
philosophical approach to the work; and
WHEREAS Deteriorated portions of a historic building may need to be protected through
preliminary stabilizationmeasuresuntil additionalwork canbeundertaken. Stabilizingmay begin
with temporary structural reinforcement and progress to weatherization or correcting unsafe
conditions. Although it may not be necessary in every preservation project, stabilization is
nonetheless an integral part of the treatment preservation; it is equally applicable to the other
treatments if circumstances warrant. Stabilizing deteriorated historic materials and features
should be taken as a preliminary measure; and
WHEREAS Harlem existed for 250 years as a farming community: densely forested,with large
plantations and a few small villages. During the 19th Century, as immigration and economic
development caused the population of New York to skyrocket, residential development moved
further and further uptown. Transportation improvements allowed the city to expand
geographically and led to the rapid development of Harlem between theyears of1876and1920.
Harlem was built almost all-at-once – a dense metropolis built on empty fieldsand felledforests
in less than a generation; and
WHEREAS Central Harlem has a high concentration of century old buildings, all built duringa
short period of timearoundthe turn ofthe 20thcentury.There aremanyblocks that areworthyof
designation that currently have no protection in place to preserve this architectural legacy.
Considering the number of historic and architecturally significant buildings in Central Harlem,
the current historic districts are far from sufficient; and
WHEREAS Currently most of Manhattan CB 10 is residentially zoned R7-2 with commercial
C1- 1 and C2-2 overlays along the avenues. These designations include ‘height factor’ options
that encourage development of tall towers set back from the street. This form of building is
inconsistent with the low- to mid-rise character of thedistrictthat is typifiedbyconsistent street
walls and cornice lines. The existing zoning, most of which has not been updated since 1961,
does not protect the character of the brownstoneareas becauseof alack ofheight andthe ability
to transfer unused development rights to neighboring parcels; and
WHEREAS In 2010 and 2011, the Land Use and Landmarks Committees of Manhattan
Community Board 10 (CB 10) met with the Landmarks Preservation Commission (LPC), the
Department of City Planning (DCP), the Historic Districts Council, and the Landmarks
Conservancy to familiarize themselves with the method, process, and benefit of historic
preservation. In the summer of 2011, a special CB 10 197-a Taskforce, in consultation with the
Department of City Planning, met to discuss how to move forward with a 197-a Plan. A
recommendation was made, at that time, to develop a comprehensive planning document
focusing on historic preservation; resulting in the April 2012 creation of the CB 10
Comprehensive Historic Preservation Plan; and
WHEREASIn 2023, five of the eighty-three Manhattanhistoric districts designated by the
Landmarks Preservation Commission lie within Manhattan Community Board 10 boundaries:
• Central Harlem-West 130th-132nd Street Historic District
• Dorrance Brooks Square Historic District
• Mount Morris Park Historic District
• Mount Morris Park Historic District Extension
• St. Nicholas Historic District
WHEREAS The historic Hotel Olga located at 695 Lenox Avenue was demolished after
unsuccessful attempts to save the storied building for adaptive reuse. Sadly, the building was
demolished in 2019, erasingany physicalevidenceof theHotel Olgaandthe importanceithadto
the African American community and Harlem. The hotel, which was built in 1898, rose tofame
in the 1920s and 1930s as a safe haven for African Americans to stay during the time of Jim
Crow segregation; and
WHEREAS In 2021a three-storybrickrow-houseat 28West130thStreet,built in1883and part
of the historic ""Astor Row"" block on West 130th Street between Fifth and Lenox Avenues was
demolished due todeterioration. Thecity designatedit asanhistoric landmark in1981alongwith
its 27 neighboring buildings, praised at the time by historic preservationists for their Victorian
style wooden porches; and
WHEREAS After a November 2022 building inspection found it was at risk of collapsing onto
the sidewalk, the city tore down the three-story building at 186 Lenox Ave., which had stood
since 1887 between West 119th and 120th streets. The building had been in distress for a
ten-year period and was cited with numerous violations. The owner did not make the necessary
repairs even after court orders to do so; and
WHEREAS The LPC does not require restoration or force owners to return buildings to their
original condition. The LPC only regulates proposed work on designated structures. It may,
however, make recommendations for restorative treatment when other work is undertaken to the
property; and
WHEREAS The LPC’s website maintains HistoricDistrict Maps whicharedrawn toconformto
the New York City base map (NYCMAP), with addressrangesshownonthe maps basedondata
available at the time the map was drawn,
THEREFORE Manhattan Community Board 10 requests that NYC Department of Buildings
open violationsandenforcement actionsbeincludedonthe LPC HistoricDistrict Maps aswell as
LPC agency warning letters orotheragency communicationsregarding conditionsof buildingsto
provide better public notice of potential demolitions of historic buildings to allow community
members and elected officials sufficient time to respond to and help save landmarked buildings.
WHEREAS The LPC executes its legal responsibilities to require owners of designated
landmark to maintain the building’s exterior “in good repair,” and to secure Commission
approval before any exterior alterations are made,
THEREFORE Manhattan Community Board 10 requests that theCommissioncreate aprogram
similar to NYC Department of Housing Preservation’s 7A Administrator program to allow
administrators appointed by the Court (pursuant to New York State Law) to operate privately
owned landmarked buildings in serious disrepair which are dangerous to the tenants' or
neighbors’ lives, health and safety, to include financial assistance to repair or replace major
systems or make other repairs which the owner cannot or will not make.
WHEREASThe LPC currently provides historic preservationgrants for exterior façade
restoration grants to nonprofits and income-eligible property owners,
THEREFORE, Manhattan Community Board 10 requests that the LPC update its current
technical assistance programs and funding criteriato establish a new fund to help economically
challenged owners to repair and restore their landmarked properties, in return for rent
stabilization on rental units or capping resale value through a lien on the property (i.e., if a
property was fully restored and then sold at marketvalue, the government restoration grant
would need to be repaid with interest). This fund wouldsupport historic neighborhood economic
inclusiveness with a specific goal and outcome of total property restoration as well as technical,
capacity, and financial assistance to historic landmarked building owners in low-income
communities with significant economic challenges.
WHEREASDeficient or illegal construction of landmarked buildings can contribute to the
demolition of landmarked buildings,
THEREFORE Manhattan Community Board 10 requests that the LPC provide historic district
residents updated lists of contractors who have received permits to work on landmarked
buildings; as well as provide increased and more transparent oversight of complex construction
and renovation projects within historic districts which if left unaddressed could lead to the
undermining of landmarked buildings, especially neighboring construction of attached buildings;
NOW THEREFORE BE IT RESOLVED That Manhattan Community Board 10 adamantly
opposes the destruction of landmarked buildings andhistoric structuresinCentralHarlem. These
demolitions particularly detract from the historic ambience created due to the Harlem
Renaissance which established Harlem as an internationally acclaimed 20th century bastion of
African American culture. Manhattan Community Board 10 strongly recommends that the LPC
and other relevant city agencies utilize all available and appropriate resources to ensure that
owners of landmarked buildings are prevented from neglecting historic housing stock in Central
Harlem to the point where they become dilapidated and warrant destruction.
Marquis A. Harrison Hon. Keith Taylor
Chairperson Committee Chair
Manhattan Community Board 10 Manhattan Community Board 10",0,26,5,regex_single_resolution
c7010757-a687-455a-80f2-25ae8db6be99,38d9666b-365b-58dc-8bf6-bc1fb9d6eceb,MCB10,https://cbmanhattan.cityofnewyork.us/cb10/wp-content/uploads/sites/11/2023/02/Semiconductor-Resolution-January-012023.docx.pdf,2023-02-01,1,RESOLUTION_SEMICONDUCTOR LEGISLATION,"RESOLUTION_SEMICONDUCTOR LEGISLATION
RESOLUTIONTOSUPPORTFUNDINGTO THE
CENTRAL HARLEM COMMUNITY PER THE GREEN CHIPS LEGISLATIONS 9467/A.10507
WHEREAS, President Joe Biden signed an executive order on August 25, 2022 to initiate the spending of
funding, approved by Congress earlier in August, aimed at boosting domestic semiconductor
manufacturing. The $280 billion program, entitled Creating Helpful Incentives to Produce Semiconductors
for America Act known as the CHIPS and Science Act of 2022 or CHIPS-Plus includes $52.7 billion in
subsidies for semiconductor production, along with a 25% tax incentive for investments in domestic chip
investments worth roughly $24 billion; and
WHEREAS, The CHIPS and Science Act of 2022 (P.L. 117-167),a bipartisan law, focuses on federal aid
to encourage the construction of microprocessor manufacturing facilities in the United States. The
objective is to reduce U.S. reliance on overseas chip supply chains, and increase authorizations to boost
the nation’s science and technology base. Additionally, the law provides subsidies to manufacture
semiconductors in the U.S., boost science and technology research and address China’s anti-competitive
trade practices; and
WHEREAS, The Biden administration says the law will create high-paying jobs, ease supply-chain
disruptions, bolster national security and increase competitiveness with China. President Biden’s executive
order includes the creation of the interagency CHIPS Implementation Steering Council and sets six
priorities for implementing funding; and [The CHIPS and Science Act of 2022 (P.L. 117-167), a bipartisan
law, focuses on federal aid to encourage the construction of microprocessor manufacturing facilities in the
United States. The objective is to reduce U.S. reliance on overseas chip supply chains, and increase
authorizations to boost the nation’s science and technology base. Additionally, the law provides subsidies
to manufacture semiconductors in the U.S., boost science and technology research and address China’s
anti-competitive trade practices.]. [Introducedinthe House of Representatives as H.R. 4346theSupreme
Court Security Funding Act of 2022 byTim Ryan (D–OH)on July 1, 2021 -Committee consideration by
House Appropriations - Passed the Houseon July 28, 2021 (215–207) - Passed the Senateas theChips
and Science Act on July 27, 2022 (64–33) with amendment- Signed into lawby PresidentJoe Biden on
August 9, 2022]; and
WHEREAS, The legislation will build the STEM Workforce and authorize funding for STEM education,
including scholarships, fellowships, and traineeships to create workers in critical fields, including to
establishing an artificial intelligence scholarship-for-service program, a national network for
microelectronics education, and cybersecurity workforce development programs ($13 billion total); and
WHEREAS, The legislation will expand Rural STEM Education. Provides for research and development
to increase access to STEM education opportunities in rural schools and to provide teachers with the
resources they need to teach more effectively; and
012023 Manhattan Community Board 10 - General Board Meeting Minutes Page 1 of 4
WHEREAS, The legislative funding will expand Central Harlem STEM Education and provide for
research and development to increase access to STEM education opportunities in Central Harlem schools
while providing teachers with the resources they need to teach more effectively; and
WHEREAS, The legislation will Revitalize Communities and establish the bipartisan Rebuilding
Economies and Creating Opportunities for More People Everywhere to Excel also known as the
“RECOMPETE Pilot Program,” to support persistently distressed communities with economic
development activities ($1 billion total); and
WHEREAS, Governor Hochul signed the groundbreaking, first-in-the-nation Green CHIPS legislation
(S.9467/ A.10507) aimed at creating jobs, kick-starting economic growth and maintaining important
environmental protections while making New York a hub for semiconductor (also known as ""chips"")
manufacturing on August 11th; and
WHEREAS, the legislation directs that companies must deliver tangible community benefits, including
prevailing wage, workforce training, and programs to expand opportunities for disadvantaged populations;
and
WHEREAS, Green CHIPS will help New York capitalize on an historic opportunity to attract chip
manufacturers to the state, generating at least $3 billion investment, creating 500 new jobs per project, and
lowering greenhouse gas emissions related to chip production. In doing so, the legislation will also help to
make the everyday technologies that use these chips more affordable and improve the state's economic
standing overall; and
WHEREAS, The new law also positions New York State to greatly benefit from the federal CHIPS and
Science Act to increase domestic semiconductor manufacturing in the United States. The New York
Green CHIPS bill will help the State to conform to the requirements of the federal program, enhancing its
competitiveness against other states looking to attract chip manufacturers, all while ensuring this
expansion of advanced manufacturing is environmentally sustainable; and
WHEREAS, The The Green CHIPS legislation ensures significant investment in workforce and
community development, including training and education benefits and programs to expand employment
opportunity for economically disadvantaged individuals; and
WHEREAS, Governor Hochul has committed over $350 million through the State Budget to support
wide-reaching, historic and coordinated investment in workforce development across state agencies and
authorities. The New York State Office of Strategic Workforce Development at Empire State Development
will leverage ESD's relationships with employers to help identify employer needs, develop tailored
regional training strategies, and support programs to train New Yorkers in the skills necessary to succeed
in in-demand fields, such as semiconductor and advanced manufacturing; and
WHEREAS, SUNY stands ready to continue to educate and train the semiconductor industry leaders,
researchers, and manufacturers of tomorrow. With strong state and federal support through the NY Green
012023 Manhattan Community Board 10
CHIPS legislation and the recently signed CHIPS and Science Act; and
WHEREAS, The Albany Nanotech Complex has brought together public and private partnerships, and
through significant New York State investment it has a state-of-the-art facility to draw in key collaborators
across higher education and business; and
WHEREAS, The pandemic proved justhow vitalthe semiconductorindustryis tooureconomy andhow
critical it is for the USto belessdependentonothercountries for production.Thisis awelcomeboostto
build this robust industry in New York State; and
WHEREAS, mass incarceration and high rates of recidivism continue to plague this community; and
WHEREAS, In communities where the state or city has heavily invested in policing and incarceration (i.e.
the high-incarceration neighborhoods), our findings suggest that those resources would be better put
toward reducing poverty and improving local health, education, and employment opportunities.
Particularly as New York continues to reduce its reliance on incarceration — and therefore reduce the cost
of incarceration to the state — any savings should be reinvested in the communities hit hardest by
incarceration and criminalization. To that end, this data can help with need-based decisions about resource
allocation in these communities; and
WHEREAS, Prison Policy data indicates that relatively small number of areas in New York are
disproportionately impacted by incarceration, and high imprisonment rates correlate with other
community problems related to poverty, employment, education, and health; and
WHEREAS, The large number of adults drained from a relatively small number of geographical areas
seriously impacts the structure and stability of the families and communities left behind; creating a
circumstance of “concentrated disadvantage” underlying or contributing to community struggles; and
WHEREAS, A new chapter of American chip manufacturing is underway, and the U.S. semiconductor
industry is better positioned than ever before to compete globally. The historic CHIPS and Science
Act, bolstered by Governor Hochul's visionary Green CHIPS Legislation, will catalyze a surge of
semiconductor manufacturing and innovation across New York State and the nation; and
WHEREAS, This is a major investment that should not be restricted to upstate New York. It provides a
critical lifeline of economic opportunity to New York-at-large immediately and for future generations.
New York is already well established as a leader in the nanotech industry and this legislation will put
communities across the state in an even stronger position to benefit from new federal investments in this
job-creating industry; and
THEREFORE NOW, be it resolved that Manhattan Community Board 10 supports the joint efforts of the
United States Federal Government, New York State and New York City to provide funding through the
CHIPS and Science Act of 2022 (P.L. 117-167), a bipartisan law, focusing on federal aid to encourage
the construction of microprocessor manufacturing facilities in the United States.
THEREFORE NOW, Manhattan Community Board 10 is advocating funding from P.L. 117-167 be
funneled explicitly to Central Harlem, through education and workforce development programs, to
prepare Central Harlem residents, a historically underserved community heavily impacted by systems of
poverty and suffering from the Prison Industrial complex, in order to contribute to this advent industry.
012023 Manhattan Community Board 10
NOW THEREFORE BE IT RESOLVED, that during the December 5, 2023 General Board Meeting,
the board voted 37 Yes, 0 No, 0 Abstention, and 0 Recusal to support this resolution to support
Funding to the Central Harlem Community per the Green Chips Legislation9467/A.10507.
Marquis A. Harrison
Chairperson
Manhattan Community Board 10
012023 Manhattan Community Board 10",0,22,4,regex_single_resolution
1910b9c8-46e6-4313-9d8f-8ee733caf96e,7065ec00-02ae-59c5-bb2f-f15740d128e5,MCB10,https://cbmanhattan.cityofnewyork.us/cb10/wp-content/uploads/sites/11/2022/12/RESOLUTION-Land-Use-AGAINST-THE-INSTALLATION-OF-A-TRUCK-DEPOT-ON-THE-145TH-STREET-CORRIDOR.docx.pdf,2022-12-01,1,RESOLUTION – Against the installation of a truck depot on the 145th Street Corridor,"CITY OF NEW YORK
MANHATTAN COMMUNITY BOARD 10
215 West 125th Street, 4th Floor
New York, NY 10027 T: 212-749-3105 F:
CICELY HARRIS
Chairperson
SHATIC MITCHELL
District Manager
MANHATTAN COMMUNITY BOARD 10 RESOLUTION AGAINST THE INSTALLATION
OF A TRUCK DEPOT ON THE 145TH STREET CORRIDOR
WHEREAS, Manhattan Community Board 10 is opposed tothe installation of a truck depot on
145th Street corridor; and
WHEREAS, the corridor is proximal to and inclusive of a densely populated area including
the 1800 unit Esplanade Gardens; and
WHEREAS, big freight trucks are incompatible with cities in many ways, bringing danger,
pollution, noise, andtrafficcongestion. Central Harlemalreadyhas oneof thehighestasthma
rates in New York City. Residents of Central Harlem are exposed to many common
environmental asthma triggers, including pests, dust, mold, and smoking; and
WHEREAS, according to the New York City Health Department EPI Data Brief (2021),
Central Harlem has the highest childhood asthma rate in Manhattan; and
WHEREAS, an existing MTA bus depot in that neighborhood already contributes to poor air
quality and isanindicator andenvironmentalfactor inthe poorhealthof thechildren andseniors
that live in the surrounding area; and
WHEREAS, the routing of truck trafficis establishedbytheNYCDepartment of Transportation.
The New York City Truck Route Network is a setof roadsthat commercialvehicles mustuse in
New York City. The network is comprised of two distinct classes of roadways, Local Truck
Routes and Through Truck Routes; and
WHEREAS, all vehicles defined as a truck (two axles and six tires, orthreeor moreaxles)
are required to follow the Truck Route Network; and
1The network is comprised of two distinct classesof roadways, Local Truck Routes and Through Truck Routes. The
network is defined inSection 4-13 (pdf)of the NewYork City Traffic Rules
WHEREAS, commercial vehicles that do not meet thedefinition ofa truckarenotrequired
to follow this network, but must follow all posted signage regarding the operation of
commercial vehicles.
WHEREAS, the intersection of 145th street and Malcolm X Blvd is no stranger to the
devastating impact of motor vehicles and pedestrian traffic. Including unmonitored Big Truck
Rigs only exacerbate and magnify negative traffic statistics. Additionally, placing the Big Truck
Rig facility at the 145th Street corridor will add to the high emergency room visits,
hospitalization, and death rates among children and young adults in Harlem; and
WHEREAS, Manhattan Community Board 10 considers the placement of a truck depot on the
145th street corridor environmental injustice duetothe inequitable exposureofpoor andminority
populations toenvironmental hazardssuch asairpollution causedbydiesel busdepots andmajor
commercial roadways used by trucks; and
WHEREAS, an Environmental Impact Study is necessary to assess the extentofany adverse
health impacts that might be imposed on the community as a result of the installation of a
truck depot in the area; and
WHEREAS, the zoning for the proposed truck stop is a C4-4D at the western corner of the
Block, C8-3 north of the block, R7-2 south ofthe block,with aC2-4overlayonthe westernand
eastern corners of the block. Most of these zoning classifications are outdated, and does not
support or reflect the current residential community across the street from and surrounding the
area; and
WHEREAS, Manhattan Community Board 10 recommendsthat giventhe populationdensityof
Central Harlem, New York City must update the zoning of the 145th Street corridor tosupporta
residential community surrounded by appropriate commercial structures, with no commercial
spaces for Big Rig Parking; and
WHEREAS,on October 26, 2022, the Executive Committeevoted _5Yes,0No, _0
Abstention, and_0 Recusal to oppose the installationof a truck depot.
NOW THEREFORE BE IT RESOLVED, that Manhattan Community Board 10 is in
opposition to the installation of a truck depot on the 145th Street corridor. During the November
2, 2022 General Board Meeting, the board voted 38Yes,0No, 0Abstention, and0Recusalto
support this resolution.",0,14,1,regex_single_resolution
2a5e2403-c87d-4e6c-b651-83ef96213337,a0c0222b-c10f-579c-a231-51e5fe9f0166,MCB10,https://cbmanhattan.cityofnewyork.us/cb10/wp-content/uploads/sites/11/2022/12/RESOLUTION-of-NYC-Community-Board-Resolution-Statewide-RTC-Legislation-December-2022.docx.pdf,2022-12-01,1,RESOLUTION – In Support of a Right to Counsel for ALL New York State Residents Who Face Losing their Homes in Legal Proceedings,"MANHATTAN COMMUNITY BOARD 10
RESOLUTION OF SUPPORT
RESOLUTION
In Support of a Right to Counsel for ALL New York State Residents Who Face Losing
their Homes in Legal Proceedings
WHEREAS, a substantial number of people facing eviction and foreclosure proceedings across
New York State live in poverty, are not able to afford or obtain counsel to represent them, and
must appear in court unrepresented, while the vast majority of NYS landlords have counsel, and
WHEREAS, eviction and foreclosure proceedings are technical legal proceedings in which
lawyers generally appear for the petitioners and the rules of evidence and procedural and
substantive law all apply; they are consequently very difficult for unrepresented parties to
navigate, and
WHEREAS, representation by counsel in eviction and foreclosure proceedings keeps people in
their homes and communities and out of the homeless shelters and provides fundamental
fairness and due process for those who face losing their homes, and
WHEREAS, in New York City and in the 20 plus cities, states and counties with a Right Counsel
in eviction proceedings, statistics have borne out these benefits of Right to Counsel, and have
also demonstrated that Right to Counsel reduces default evictions, and overall eviction filings,
and
WHEREAS, the consequences of eviction and foreclosure are dire for low-income people: there
is a deficit of affordable housing, and low-income families and individuals who lose their homes
in legal proceedings often end up in homeless shelters or in housing that is less affordable than
the housing they must leave; and they suffer from loss of employment, missed schooling and
damage to physical and mental health, and
WHEREAS, these dire consequences for those who lose their homes in turn result in huge
costs to the City and State of New York in providing shelter, social services and other services,
such that Right to Counsel, in reducing these costs, would pay for itself in the long term, while
also preventing multiple, compounding harms to New Yorkers and
122022
WHEREAS, though many New York City residents have a Right to Counsel, Statewide Right to
Counsel legislation would bring many benefits to New York City residents, ensuring ALL New
York City residents have a right to counsel, strengthening mandates on our court system to
enforce tenants’ rights, and conferring counsel in tenant-initiated cases, and
WHEREAS, Statewide Right to Counsel (A7570/S6678*), which would create a right to counsel
in eviction and foreclosure proceedings for ALL New Yorkers, is currently pending in the State
legislature and, last session, passed by 90 votes in the Assembly, and had 28 Senate
cosponsors, with a majority of NYC’s State legislators in both houses cosponsoring the
legislation,
THEREFORE, BE IT RESOLVED THAT, Manhattan Community Board 10 supports Statewide
Right to Counsel for ALL New Yorkers who face losing their homes in legal proceedings and
urges the State Assembly, Senate and Governor to pass and fully fund Statewide Right to
Counsel in the FY 2024 budget. On December 7th 2022 Manhattan Community Board 10
General Board voted to approve/disapprove with a vote of 40 Yes 0 No 0 Abstain 0 Recusals.
*In late 2022, or early 2023, Statewide Right to Counsel will have a new bill number
122022",0,8,1,regex_single_resolution
cbec51c5-d877-491e-9256-35b6fe238d61,22312569-6aed-5c31-8fd5-0259f20a4082,MCB10,https://cbmanhattan.cityofnewyork.us/cb10/wp-content/uploads/sites/11/2022/12/RESOLUTION-NYC-Parks-Recreation-William-Mcray-Darius-Lee.pdf,2022-12-01,1,Resolution To Support the Naming of the NYC Parks William McCray Playground,"Resolution To Support the Naming of the NYC Parks William McCray Playground
Basketball Court to Darius Lee Basketball Court
WHEREAS Manhattan Community Board 10 supports the naming of the basketball court at
William McCray Playground as a memorial to the life of Darius Lee, and;
WHEREAS William McCray Playground (Park ID M110) is a 0.46 acre and located on
West138th St. between Malcolm X Boulevard and 5th Avenue in the Borough of Manhattan in
Community Board 10; and
WHEREAS Darius Lee was tragically and fatally shot on June 20th, 2022 in Harlem River Park
near the intersection of East 139th Street and Fifth Avenue; and
WHEREAS William McCray Playground serves as the playground to the adjacent Saint Mark
the Evangelist School located at 55 West 138th Street where Darius Lee attended as a child and
is located across the street from 36 W. 138th St. where he was raised before heading to college;
and
WHEREAS Darius Lee was a rising basketball star who made his family proud. He was an
exemplary young man who served as a role-model to his friends and neighborhood kids. Darius
loved basketball and renaming his neighborhood court would be a fitting memorial; and
WHEREAS Darius Lee was the former standout at St. Raymond High School for Boys in The
Bronx and went on to play for SUNY Sullivan Community College in upstate New York before
being recruited by Houston Baptist University in Texas; and
WHEREAS Darius Lee excelled in the sport of basketball and was aspiring to playing for the
New York Knicks; and
WHEREAS William McCray Playground is one of nine playgrounds that was built by the Parks
Department through a war memorial fund, and was opened simultaneously on July 15th, 1934.
Seeking additional open spaces for
children, Parks Commissioner Robert Moses obtained a legal ruling which permitted use of the
fund for playground development. Marked with a commemorative tablet, each property was to
honor the memory of a soldier who gave his life in combat.
102022
WHEREAS The playground is named in memorial to World War I Harlem Hellfighter William
McCray (1898-1918) who was born in New York City on February 7th, 1898. Corporal McCray
attended public school locally and enlisted on June 4th, 1917 in the 15th Regiment, New York
Guard, the troop popularly known as the Harlem Hellfighters. All of the enlisted men in the
regiment (formed in 1913) were African-American, while most of the officers were white. The
soldiers arrived in France in December 1917 and were redesignated as the 369th Regiment.
They joined the 16th and 161st Divisions of the French Army under the command of General
Levaue. Using French weapons, helmets, and equipment, the 369th fought bravely and earned
the Croix de Guerre as a unit citation. When the American headquarters asked the French to
segregate the troops, the request was refused. McCray attained the rank of corporal. He was
killed in a local infantry attack in the Champagne Sector on September 12th, 1918. A year
after the end of the war, the Harlem Hellfighters constructed their armory at Fifth Avenue and
142nd Street. In addition to their service in World War I, the unit was active in World War II and
the Korean, Vietnam, and Persian Gulf Wars; and
WHEREAS NYC Parks acquired the site at West 138th Street between Fifth and Malcolm X
Boulevard in 1934. Later additions of land in 1989 and 1992 more than doubled the size of the
property. On June 22nd, 1994 an extensive renovation was completed that provided colorful
modular play equipment, safety surfacing, painted games, spray shower, benches, and game
tables. New trees were planted, and the basketball court was completely resurfaced. The
playground was rededicated on November 16th, 1994; and
WHEREAS William McCray Playground is a NYC Parks Community Parks Initiative (CPI)
capital project designated for reconstruction to remedy a subsidence resulting from improper
infill; and
THEREFORE NOW be it resolved that Manhattan Community Board 10 strongly supports the
Community recommendation to name the basketball court at William McCray Playground.
THEREFORE BE IT RESOLVED that on Wednesday, October 5th, Manhattan Community
Board 10 supports the community recommendation to name the basketball court at William
McCray Playground, with a vote in favor of 34yes0no0abstentions.
102022",0,11,2,regex_single_resolution
44d43757-c6a4-46b8-ad29-c2f933ad9432,e2e519cf-4805-5b2d-90a2-1de31f23362d,MCB10,https://cbmanhattan.cityofnewyork.us/cb10/wp-content/uploads/sites/11/2022/06/RESOLUTION-Renovation-of-The-North-Meadow-Center-in-Central-Park-Draft-June-062022.docx-1.pdf,2022-06-01,1,R R C P,"R R C P
ESOLUTION ENOVATION OF THE NORTH MEADOW CENTER IN ENTRAL ARK
WHEREAS This project is to renovate the North Meadow Center, located on the north side of
the 97th Street Transverse Road, at the southern edge of the North Meadow in Central Park. The
facility houses park operations and program staff along with public restrooms, and includes
outdoor recreation courts and operational space; and
WHEREAS In the 1860s, as part of Central Park’s original construction, a complex of
maintenance facilities for the operation of the Park was located on the transverse road at 86th
Street. Maintenance yards were added in 1900 (the 79th Street Yard) and 1910 (at the North
Meadow). The North Meadow yard included a stone storage shed and stable, a refuse incinerator,
and manure pits; and
WHEREAS In 1935, under Parks Commissioner Robert Moses, outdoor recreation facilities
were developed at the North Meadow, and the structure renovated to incorporate public
restrooms and program space, in addition to storage for park operations. It was at this time that
the existing brick façade and windows were added on the south side of the building, and boiler
rooms were added to make it a heated space. At the same time, borough-wide maintenance
functions were consolidated in the 86th Street Shops, while maintenance functions for Central
Park were squeezed into corners of comfort stations, concession buildings, and the zoo; and
WHEREAS In the early 1980s, a radio command post and night security operation was
established in the North Meadow facility, along with headquarters for the newly-created Urban
Park Rangers and Parks Enforcement Patrol (PEP). At the same time, the newly-founded Central
Park Conservancy (CPC) began a decades-long effort to restore the deteriorated Park; and
WHEREAS As the Park was restored, the need for operations space to support its maintenance
increased. In the late 1990s, the Conservancy renovated and expanded the 79th Street Yard as the
Park’s primary operations facility. Presently, park operations staff responsible for landscape
management are distributed between two main facilities: the 79 St. Yard and the North Meadow
facility; the latter also houses CPC staff who run the recreation programs at that facility; and
WHEREAS Beginning in the 2010’s the Conservancy’s maintenance operation has been
converted to a park operations fleet with an emphasis on smaller vehicles (replacing full-size
trucks and packers with utility carts) to move staff and materials and collect trash from within
landscapes more efficiently and with less disruption of park use; and
WHEREAS The Conservancy began replacing retired gas carts with electric-powered carts and
converted the remaining utility carts to an entirely green fleet of electric carts in 2016; and
WHEREAS the project scope of work includes renovation of public facilities, including
recreation courts and restrooms, park operations space and site work to support park operations;
and
WHEREAS The site includes twelve handball courts, three junior level basketball courts, and
one full size basketball court in an area that, until recently, was primarily used for vehicle
parking except when cleared for tournaments/special events; and
WHEREAS An unmarked paved area adjacent to the handball courts, originally designated as
horseshoe courts in the 1930s, is in poor condition. Pickleball, an increasingly popular activity in
recent years, is often played on several of the handball courts; and
WHEREAS The proposed improvements include refurbished handball walls and repainted
handball courts, including some painted for alternative use for pickleball (in consultation with
the community that uses the courts). The unmarked asphalt area will be repaved and painted with
two pickleball courts. The basketball courts will be repaved and repainted. Benches and chess
and checkers tables will be replaced, and new bike racks and drinking fountains with bottle
fillers installed. The public restrooms and recreation staff space will be relocated from the distant
corners of the building to the central breezeway, where they will be more readily accessible to all
users of the recreation courts and the adjacent ballfields, as well as the multipurpose room; and
WHEREAS The building houses park-based staff (operations and public programs), public
restrooms, and a general-purpose room used for staff and volunteer training and community
meetings and events. A comprehensive restoration / renovation is required to address the
condition of building envelope and interior and reconfigure the interior space to better support
park operations and public use; and
WHEREAS Currently this is the site of park operations activity—including electric cart charging
and storage—on the west side of the building. Additionally, various utility structures and
appurtenances are located on both the east and west sides of the building; and
WHEREAS The proposed improvements include formalization of space on either side of the
building as charging stations for an expanded fleet of electric vehicles. Site and landscape
improvements will serve to define, contain, and screen the operational activity; and
WHEREAS Central Park Conservancy presented design plans for the North Meadow Center
renovation project to the Parks and Recreation Committee, to garner community feedback on the
proposed plans, on May 11th 2022; and
WHEREAS The North Meadow Center renovation project has a budget of $20,000,000 and is
fully funded; and
WHEREAS The Central Park Conservancy and New York City Parks anticipate that construction
on the North Meadow project will begin in September 2022 and be completed in 2023 or 2024
(twelve to eighteen months following the start date); and
WHEREAS Central Park Conservancy will be meeting with other surrounding Boards to Central
Park;
WHEREAS on May 11th, 2022 the Parks and Recreation Committee had quorum and voted
unanimously to support the project with 8yes, 0 no, 0 abstentions and0recusals; and
WHEREAS on May 25th, 2022 the Executive Committee had quorum andvoted unanimously
yes, with _0no, 0abstentions and0recusals; and
WHEREAS on June 1st, 2022 the General Board had quorum and voted 38yes, 0 no, 0
abstentions and 0recusals to support the project; and
THEREFORE NOW be it resolved that Manhattan Community Board 10 supports the joint
efforts of New York City Parks and Central Park Conservancy to upgrade the North Meadow
Center through new designs and reconstruction.",0,21,1,regex_single_resolution
022586bd-3eb2-4d52-bf2f-bda6aa8aeac0,0fae13c2-16b6-5066-a720-2526629b36ea,MCB10,https://cbmanhattan.cityofnewyork.us/cb10/wp-content/uploads/sites/11/2022/06/RESOLUTION-Brigadier-General-Charles-Young-Playground-Comfort-Station-Reconstruction-062022-June-.docx.pdf,2022-06-01,1,R B G C Y P,"R B G C Y P
ESOLUTION RIGADIER ENERAL HARLES OUNG LAYGROUND
C S R
OMFORT TATION ECONSTRUCTION
WHEREAS Brigadier General Charles Young Playground (6.42 acres and Park ID:M186) is
located on West 143rd, West 144th and West 145th Streets along Lenox Avenue/Malcolm X
Boulevard to the Harlem River Drive in the Borough of Manhattan in Community Board 10; and
WHEREAS Brigadier General Charles Young Playground Comfort Station is located inside of
Brigadier General Charles Young Playground. The project site is West 144th Street and Lenox
Avenue/Malcolm X Boulevard; and
WHEREAS The playground, originally opened September 1944, is named for Brigadier General
Charles Young. Brig. Gen. Young was an American military hero, diplomat, and cartographer
who became the third African American to graduate from West Point in 1884. The park was
renamed from Colonel Charles Young Playground after the posthumous promotion of Charles
Young to Brigadier General Charles Young in 2022; and
WHEREAS the goals of the capital project to reconstruct the 1800 sq. ft. facility are to:
• create an ADA and code compliant interior layout for the public bathrooms
• existing aging interior finishes, fixtures, plumbing and electrical system
• Reconstruct existing roof over existing concrete slab to make it watertight
• Renovate the field office, resolve programing needs with accessible and comfortable layout,
upgrade HVAC system throughout
• Construct additional permanent exterior storage area at the north side of the building for M&O
equipment; and
WHEREAS the exterior scope of work includes;
• Installation of a new roof above the existing concrete deck on the east and west elevations
• Installation of a new Split Systems in enclosed custom steel cages on east and west elevations
• Installation of new exterior light fixtures on the east and west elevations
• Installation of new DPR standard steel windows & security screens on east elevation
• Reconstruction of existing entrance to comply with DOB door clearances at ramp and provide
single point of entrance to the building.
• Installation of new ADA compliant hollow metal door into a new door opening on the east
elevation
• Installation of new masonry extension beyond existing concrete ramp with hand railing on the
east elevation
• Installation of new exterior light fixture on west elevation
• Installation of new DPR standard steel window & security screen on the west elevation
• Removal of all paint from exterior of the building
• Repoint the existing masonry and apply anti-graffiti coating on west elevation
• Installation of a new reconstructed masonry patterned wall on the west elevation
• Installation of new hollow metal storage door in expanded opening on west elevation
• Installation of new masonry extension on west elevation
• Removal of existing chain link fence. Prepare area for new masonry construction for a new
exterior storage space
WHEREAS the interior scope of work includes;
• Upgrade of existing electrical and HVAC system throughout the building
• Replacement of existing plumbing fixtures and bathroom accessories in public men’s and
women’s bathrooms
• Replacement of existing plumbing fixtures and bathroom accessories in shared staff bathrooms
• Removal of existing Concrete Masonry Unit (CMU) walls for new external storage and
mechanical room
• Installation of new interior walls for new shared pantry, new locker room and new entry
vestibule
• Remove Existing Doors and frames, Prepare Opening for new single hollow metal door to
comply with DOB door clearances at ramp
WHEREAS Manhattan Community Board 10 recommends the installation of a water fountain
with a refillable bottle feature; and
WHEREAS The schematic design for this project has been approved internally at NYC Parks
and is now going through review by Community Board 10 and external regulatory agencies for
comment and approval; and
WHEREAS NYC Parks presented design plans for the Brigadier General Charles Young
Playground Comfort Station Reconstruction project to the Parks and Recreation Committee, to
garner community feedback on the proposed plans, on May 11th 2022; and
WHEREAS The Brigadier General Charles Young Playground Comfort Station Reconstruction
capital project has a budget of $2,500,000 and is fully funded; and
WHEREAS New York City Parks anticipate that construction on the Brigadier General Charles
Young Playground Comfort Station will begin in late 2023 and be completed 6 months later by
Spring of 2024; and
WHEREAS on May 11th, 2022 the Parks and Recreation Committee had quorum and voted 8
yes,0no, 0 abstentions and0 recusals; to support the project; and
WHEREAS on May 25th, 2022 the Executive Committee had quorum andvoted unanimously
yes, with _0no, 0abstentions and0recusals; and
WHEREAS on June 1st, 2022 the General Board had quorum and voted38 yes, 0no, 0
abstentions and 0recusals to support the project; and
THEREFORE NOW be it resolved that Manhattan Community Board 10 supports the New York
City Parks’ capital project to upgrade the Brigadier General Charles Young Playground Comfort
Station through new designs and reconstruction.",0,14,1,regex_single_resolution
a11f9e48-e4fe-45b8-aa89-7797ff835826,c07f6f18-a310-5290-927f-429cab9c5cb3,MCB10,https://cbmanhattan.cityofnewyork.us/cb10/wp-content/uploads/sites/11/2022/05/MANHATTAN-COMMUNITY-BOARD-10-Bishop-William-Yancy-Bell-Sr.-Place-Street-Co-Naming.docx-1.pdf,2022-05-01,1,"RESOLUTION –Bishop William Yancy Bell, Sr. Place Street Co-Naming","MANHATTAN COMMUNITY BOARD 10
RESOLUTION
Bishop William Yancy Bell, Sr. Place Street Co-Naming
RESOLUTION: To support the street co-naming on the southeast corner of West 131st Street
and Adam Clayton Powell Boulevard as “Bishop William Yancy Bell, Sr. Place”.
WHEREAS: Bishop William Yancy Bell, Sr. and the Williams Institutional Christian Methodist
Episcopal Church have been a partofthe historyofHarlem for morethanacentury.Foundedby
the late Reverend Bell, the churchhadits formal openingonDecember 5,1919 inasmall rented
room in the Lafayette Theater with twelve members.
WHEREAS: Thebuddingcongregation soonoutgrew thesmall, rentedroom, andonJanuary20,
1920, under the leadership of Rev. Bell, they moved to their new home located on Seventh
Avenue and West 131st Street across from the Lafayette Theater. Reverend Bell continued
pastoring the Williams Institutional Christian Methodist Episcopal Church until 1928, at which
time the congregation numbered more than 1,200 individuals.
WHEREAS: Bishop Bell was born in Memphis, Tennessee on February 23, 1887 to John and
Cordelia Bell. He joined the church in 1898, and received his Bachelors of Arts degree from
Lane College in Jackson, Tennessee in 1907. In 1915 he received both a Master of Arts degree
from Northwestern University and a Bachelor of Divinity from Garrett-EvangelicalTheological
Seminary. He was ordained a deacon in 1912 and married Annabell Compton in1913;they had
three children.
WHEREAS: Following his graduation from Garrett-Evangelical Theological Seminary, he was
ordained Elder and assigned to the New Hope CME Church in Evanston, Illinois.From 1916to
1917 he was a professor of classical languages at Lane College. From 1918 to 1919 he was a
Chaplain in the U.S. Army. In 1919 he founded the Williams Institutional CME Church, which
was named after the Church’s senior Bishop Robert S. Williams, in Harlem, New York to meet
the needs of African-Americans migrating north from the southern United States. The church
covered a full city block, and he remained pastor there for nine years.
WHEREAS: Under Bishop Bell’s direction, the church served the Harlem community through
civic, educational, arts, and social services. In 1953,Mrs.Captolia DentNewborn,then Director
of Christian Education for the Church, stated: “All the problems of health and social pathology
are the people’s problem of daily living about which the Church must be concerned. Without a
better foundation in the material conditions of life, it is notpossibleto buildmoralcharacter nor
a spiritual fellowship.”
WHEREAS: Significant historical speeches and rallies at Williams Institutional CME Church
include the September and October 1955 rallies of over 21,000 people held at the church to
protest the acquittal of Emmett Till’s assasins, to which Mamie Bradley, the mother of Emmett
Till, attended both rallies; in September 1958 when the Reverend Doctor Martin Luther King
spoke at the church to fundraise for the Southern Christian Leadership Conference, two days
before being stabbed in the chest at a book signing at Blumstein’s Department Store; and in
December 1964 when Fannie Lou Hamer and Malcolm X spoke at the church in support of the
Mississippi Freedom Democratic Party’s upcoming congressional challenge, where Ms. Famer
first spoke her famous quotation, “I’m Sick and Tired of Being Sick and Tired.”
WHEREAS: For over 100 years the Williams Instutional CME Church has worked tirelessly to
improve the Harlem community through health education, leadership training, and spiritual
empowerment, which have helped to empower the Harlemcommunity tobecomechange agents
within their own community.
THEREFORE BE IT RESOLVED that Manhattan Community Board 10 wishes to remember
Bishop William Yancy Bell, Sr. by formally requesting that the New York City Council and the
Mayor of New York City enact legislation to support the co-naming of the southeast corner of
West 131st Street and AdamClayton Powell,Jr.Boulevard onMay 4,2021byavoteof 28 Yes;
0 No; 0 Abstentions; and 0 Recusals",0,7,1,regex_single_resolution
45b40f71-dd0c-4107-bb7e-924f333117cc,2eee67af-aad4-5824-babe-3b700423f138,MCB10,https://cbmanhattan.cityofnewyork.us/cb10/wp-content/uploads/sites/11/2022/05/Ruth-Logan-Roberts-Street-Co-Naming-.docx-1.pdf,2022-05-01,1,CITY OF NEW,"CITY OF NEW
YORK
MANHATTAN
COMMUNITY
BOARD 10
215 West 125thStreet,
CICELY HARRIS 4thFloor—New York,
Chairperson NY 10027 T:
212-749-3105 F:
212-662-4215
SHATIC MITCHELL
District Manager
MANHATTAN COMMUNITY BOARD 10
RESOLUTION
Ruth Logan Roberts Place Street Co-Naming
RESOLUTION: To support the street co-naming of West 130thStreet between Adam Clayton Powell
Boulevard and Malcolm X Boulevard as “Ruth Logan Roberts Place”.
WHEREAS: Ruth Logan was the second of nine children, born in 1892, in Alabama, to Warren Logan,
second-in-command to Tuskegee Institute's Booker T. Washington, and Adella Hunt Logan, a teacher,
writer, and suffragist. She attended primary and elementary school in Tuskegee, then was sent to Ohio's
Oberlin College for two years of college preparatory work, followed by a three-year stint at Boston's
Sargent College, from which she graduated in 1913. After her graduation, she returned to teach physical
education at Tuskegee Institute.
WHEREAS: In 1917, in Tuskegee Institute's chapel, she married Eugene Percy Roberts, a widowed doctor
who was New York City's second black licensed physician and started his practice in 1894. Ruth and her
husband moved into a large, elegant town house in Harlem, widely known simply as ""130"". The full
address was 130 West 130thStreet.
WHEREAS: In conjunction with her mother, Ruth Logan organized suffrage events at Tuskegee
Institute in 1913, and after her marriage became active in Republican party affairs in New York.
Once settled in New York City, Ruth Logan Roberts established her home as one of the Harlem
Renaissance's leading social, artistic, and political salons. She volunteered on behalf of improved
care for those suffering from tuberculosis, worked with a home for unwed mothers, supported
local arts initiatives, and served on several NAACP and YWCA boards.
WHEREAS: In the early 1900s, a period where Black property ownership was difficult
due to systemic obstacles, Mrs. Roberts’ role as a hostess for different figures active in the arts,
community service, and politics was revolutionary. As Professor George Lipsitz writes in his
article “The Racialization of Space and the Spatialization of Race,” the Black community has
experienced “a long history of struggle to secure freedom of movement in public, and campaigns to
enter, inhabit, use, control, and own physical places.” Having this physical space enabled Mrs. Roberts to
be an active participant in the Civil Rights movement.
WHEREAS: She especially toiled on behalf of gaining opportunities for African American graduate
nurses in the face of blatant racial and gender discrimination. During World War II, she used her
persuasive skills and political connections to work on their behalf, by lobbying Ohio's Rep. Frances
Bolton and First Lady Eleanor Roosevelt to generate and ultimately pass legislation on behalf of those
professional caregivers. For that work, in 1942, the National Association of Colored Graduate Nurses
bestowed its highest award on Ruth Logan Roberts.
WHEREAS: She chartered Alpha Kappa Alpha Sorority, Incorporated’s Lambda Chapter on April 22, 1922
in Harlem with four other trailblazing women: Louise McDonald Gaither, Florence Lee Thomas, Dorothy
Peterson, and Edith Wright. Lambda Chapter of Alpha Kappa Alpha Sorority, Incorporated has served a
pivotal role in the Harlem community since its chartering almost 100 years ago and is the oldest chapter
in Cluster III of the North Atlantic Region of Alpha Kappa Alpha Sorority, Incorporated. Mrs. Roberts also
helped charter Tau Omega Chapter of Alpha Kappa Alpha Sorority, Incorporated, which has also served
the Harlem community since 1925.
WHEREAS: Given Mrs. Ruth L. Roberts’ significant impact in the Harlem community, and her illustrious
legacy of sisterhood and service through her co-chartering of both Harlem Lambda Chapter of Alpha
Kappa Alpha Sorority, Incorporated and Tau Omega Chapter of Alpha Kappa Alpha Sorority, Incorporated,
Manhattan Community Board 10 approves the renaming of the street where her salon was located.
THEREFORE BE IT RESOLVED that Manhattan Community Board 10 Executive Committee wishes to remember
Mrs. Ruth Logan Roberts by formally requesting that the New York City Council and the Mayor of New York City
enact legislation to support the co-naming of West 130thStreet between Adam Clayton Powell Boulevardand
Malcolm X Boulevard to “Ruth Logan Roberts Place” on March 30, 2022 by a vote of 31 YES; 0 NO;0
ABSTENTIONS; and0RECUSALS.",0,7,1,regex_single_resolution
384059d1-4cf6-4102-918e-3db088030512,cc68d3a1-2600-5458-9739-0cf7208ccff2,MCB10,https://cbmanhattan.cityofnewyork.us/cb10/wp-content/uploads/sites/11/2022/04/RESOLUTION-Cannabis-2022-1.pdf,2022-04-01,1,RESOLUTION – 2022 Cannabis Resolution,"Community Board 10’s 2022 CANNABIS RESOLUTION
WHEREAS, on March 31, 2022 the Marijuana Regulation and Taxation Act (MRTA), the most
progressive legalization legislation in the country, showing other states how to model equitable
and just marijuana legalization was signed into law in New York State;
WHEREAS, on January 5, 2022 Governor Kathy Hochul announced New York will establish a
$200 million fund to support social equity applicants seeking adult use cannabis licenses
utilizing a “public/private” funding mechanism model based on licensing fees and taxes but there
are concerns that money will not be available to the applicants until after the adult use market is
already up and running;
WHEREAS, the Rockefeller Drug Laws were enacted statewide and later amplified in the 1990’s
with the habitual offender laws for the use of heroin, morphine, opium, cocaine or cannabis led
to the arrest and detainment of more Black people in Harlem despite similar cannabis usage
rates across racial and ethnic groups. Extreme racial disparities continue in cannabis
enforcement and the impacts of criminalization can stay with an individual for life. New York City
reported over 90% of cannabis arrests were in people of color in 2020, 56% Blacks and 36%
Hispanics. Compare differences in arrest rates for NYPD Precinct 66, Borough Park in Brooklyn
of 44/100,000 residents (with 15% Black and Hispanic residents) versus NYPD Precinct 28,
Central Harlem of 328/100,000 residents (with 78% Black and Hispanic residents);
WHEREAS, under MRTA, 40 percent of tax revenue from cannabis will be steered to minority
communities that had disproportionate numbers of marijuana arrests, whom also bore the worst
of the arrest crusade and are now doubly ravaged by COVID-19 deaths, job losses, and
business closures;
WHEREAS, despite New York’s 2019 decriminalization and expungement legislation, decades
of criminalization continue to impact Harlemite’s ability to create businesses, secure housing,
employment, and higher education and have severely harmed Harlemites with immigration
status concerns and child welfare cases;
WHEREAS, Community reinvestment of cannabis tax revenue and the creation of a diversified
and equitable industry that supports New York-based micro and small Black businesses, Black
farmers and the conversion of legacy market operators into the regulated market will be
imperative coming out of this COVID crisis and vital to Harlem’s long-term economic
sustainability;
WHEREAS, Revenue from cannabis legalization in New York will potentially generate $4.1
billion in economic output and create more than 30,000 new jobs and must include strong
diversity and economic justice protections. Smart implementation must also include a licensing
structure favorable for Harlem’s Black micro and small businesses, Black small-scale cultivators
and legacy market operators. This means funding the social equity incubator program from day
one and providing low- and zero-interest forgivable loans;
WHEREAS, cannabinoids are active ingredients in cannabis which act on receptors in the brain
and for adult use. Cannabis has been shown to be effective at relieving chronic pain. Journal
Clinical Psychology Review, revealed that using cannabis may help people with alcohol or
opioid dependencies to fight their addictions. Smoking or vaping cannabis can cause breathing
problems.Regularly smoking cannabis may cause dependence. Using cannabis is unsafe
during pregnancy and can slow the growth of the fetus and increase the risk for premature birth
and stillbirth. Using cannabis might make it harder to quit smoking.
BE IT RESOLVED, that we urge the New York State legislature to ensure MRTA implementation
is done with justice, reinvestment, education, health and social economic equity at the core by
including amnesty/safe harbor for legacy operators, provide banking access and funding
opportunities especially for Black cannabis startups, micro businesses, small businesses, legacy
market operators interested in entering the legal market and robust plans to provide continuous
educational support for both Black business operators and local communities in Harlem.
BE IT RESOLVED, that the OCM provide funding to community-based organizations to hold
educational clinics for the community with respect to provisions of MRTA that have changed the
status of adult use of cannabis in the state, that open up business opportunities to social equity
applicants, and provide for expungement of prior criminal convictions for cannabis related
offenses.
BE IT RESOLVED, that the OCM encourage units of the City University of New York, and the
State University of New York to offer courses and/or training to students wishing to enter any of
the various aspects of the cannabis field, i.e. hemp, medical, or adult use cannabis.
BE IT RESOLVED, during implementation, the New York Office of Cannabis Management’s
advisory board appointments shall include at least one person who is a Harlem community
representative of an organization with a stated mission of studying, advocating, or adjudicating
against Black historical oppression, past and present discrimination, unemployment, poverty
and income inequality, and other forms of social injustice or inequality like the communities
impacted by past federal and state drug policies and who has a clear understanding of the
enormous economic benefits that must accrue in massive generational wealth.
BE IT FINALLY RESOLVED, that on April 6, 2022, Manhattan Community
Board 10 passed this Resolution for the implementation of the Marijuana Regulation and
Taxation Act (MRTA) is a model for legalization with racial justice, social equity and economic
justice, and community reinvestment at the core and that we urge the State, the CCB and the
OCM do all they can to ensure the inclusion of the representation of African Americans in the
New York cannabis industry. The resolution was passed by a unanimous vote of (31) Yes (0)
No (0) Abstentions.",0,8,0,regex_single_resolution
4ef7bb35-3596-4c6a-88f3-6ce6d1889472,9b3e8c91-fe7e-5e7b-8b9d-7f7095f7ccba,MCB10,https://cbmanhattan.cityofnewyork.us/cb10/wp-content/uploads/sites/11/2022/02/TRANSPORTATION-LANDMARKS-COMMITTEE-RESOLUTION-TO-NOT-DISADVANTAGE-CENTRAL-HARLEM-RESIDENTS-BY-CONGESTION-PRICING-THROUGH-THE-CITY.docx-1.pdf,2022-02-01,1,RESOLUTION TO NOT DISADVANTAGE CENTRAL HARLEM RESIDENTS BY,"RESOLUTION TO NOT DISADVANTAGE CENTRAL HARLEM RESIDENTS BY
CONGESTION PRICING THROUGH THE CITY’S EFFORTS TO MITIGATE
TRAFFIC CONGESTION, THROUGH THE PROPOSED CENTRAL BUSINESS
DISTRICT TOLLING PROGRAM.
WHEREAS Congestion pricing refers to the use of electronic tolling to charge vehicles for
entering certain areas during peak commuting hours, ideally resulting in reduced traffic
congestion and increased revenue for transit-oriented projects; and
WHEREAS Under the congestion pricing plan approved by the state legislature, vehicles
entering the tolling zone would be charged once per day. Toll prices have not been set as yet. The
tolls will be recommended later by a six-person board; and
WHEREAS rates were expected to range from $9 to $23 for passenger vehicles using the
E-ZPass toll system, with possible discounts overnight or during off-peak hours. If there are
more exemptions, officials said, the base rate would likely be higher; and
WHEREAS Congestion pricing in New York is proposed to redistribute wealth from people with
higher means to the working poor. The charge will be paid by wealthier commuters and fund
improvements in mass transit used by the working poor. The congestion fee will be a major
source of funds to the MTA’s capital plan; and
WHEREAS The 2019 congestion pricing law passed in Albany made tolling applicable to all
cars, trucks and vehicles in the zone except three categories (1) Emergency vehicles (2) Vehicles
transporting people with disabilities, and (3) Any vehicle belonging to families living inside the
Manhattan congestion pricing zone in which the household earns $60,000 or less per year. (The
cost of the tolls would be returned as a tax credit); and
WHEREAS Currently, emergency vehicles and those transporting people with disabilities are
exempt from fees, as are vehicles that travel on the F.D.R. Drive or West Side Highway but do
not exit onto city streets; and
WHEREAS The goal of the policy is to price a free good that is being over-used: the street
surfaces of lower Manhattan; and
WHEREAS The proposed benefits of the fee are that it will reduce traffic and generate needed
resources for mass transit. Better mass transit will reduce the generation of greenhouse gasses-
even upon transition to personal electric vehicles; and
WHEREAS The amount of energy per person used to move a subway car is far lower than the
power needed to move any car. Subway traffic and even bus traffic takes up less street space than
motor vehicles leaving more street space for pedestrians and bicycles; and
WHEREAS The impact of congestion pricing on low-income New Yorkers was studied before
the pandemic by the Community Service Society of New York (CSS). The study examined the
potential impacts of congestion pricing on the working poor. The analysis found that just 4% of
the city’s outer borough working residents commute to jobs in Manhattan by vehicle and could
be subject to a congestion fee. This compares with 56% of outer borough residents who use mass
transit to commute to work in Manhattan, the other boroughs or outside the city. Another 29%
drive to other destinations besides Manhattan for work, 11% use other modes of travel to work
outside Manhattan, including biking, walking, taking the ferry or working from home. Just 1%
walk, bike or take the ferry into Manhattan for work; and
WHEREAS According to CSS data of the 4% who drive to jobs in Manhattan, the overwhelming
majority have moderate and higher incomes. CSS also found that only 2% of the city’s outer
borough working poor could potentially pay a congestion fee as part of their daily commute. This
compares with 58% who rely on public mass transit and would theoretically benefit from a
congestion pricing plan that raises money for both improved transit services and fare discounts;
and
WHEREAS Congestion pricing in New York is proposed to redistribute wealth from people with
higher means to the working poor. The charge will be paid by wealthier commuters and fund
improvements in mass transit used by the working poor. The congestion fee will be a major
source of funds to the MTA’s capital plan; and
WHEREAS NYC Mayor Eric Adams declared his support for congestion pricing, while
expressing a desire to protect low-income New Yorkers needing to drive into Manhattan from
fees, he expressed strong support for both the fee and the use of fees to improve mass transit; and
WHEREAS Some transportation experts are advising the MTA to accelerate implementation of
the congestion pricing plan, arguing that the number of people driving into New York City and
their reasons for doing so has changed dramatically since the COVID-19 pandemic began; and
WHEREAS The MTA had hoped to begin charging the new tolls in early 2022, but the
congestion pricing plan has been stalled for more than a year since the authority sent its proposal
to the U.S. Department of Transportation’s Federal Highway Administration, as legally required,
for guidance on how to move forward with an environmental study; and
WHEREAS MTA Chairman Patrick Foye said the federal government’s inaction on the proposal
over environmental concerns is especially confounding, because of its potential to reduce traffic
congestion, encourage transit use, and improve air quality; and
WHEREAS The MTA continues to reel from the financial impact of the COVID-19 pandemic,
which has cost the agency most of its riders and their fares. The MTA has said it is losing about
$200 million a week; and
WHEREAS Recommendation has been made to include a Manhattan resident, preferably
someone who lives within the pricing zone, on the Traffic Mobility Review Board (TMRB) to
represent New Yorkers most directly impacted by congestion pricing; and
WHEREAS Recommendation has been made that the MTA and the TMRB consult local
Manhattan community boards for the citing of gantries and toll cameras necessary for the
implementation of the program; and
WHEREAS Recommendation has been made to include a toll-free perimeter along the West Side
Highway and FDR Drive, a tax credit for New Yorkers making below $60,000 annually, and
exemptions for emergency vehicles and vehicles transporting people with disabilities; and
WHEREAS Assembly Member Harvey Epstein’s legislation (A. 6598) that would establish a toll
exemption for residents within the congestion pricing zone whose household incomes are equal
to or less than 120% of the Area Median Income (about $100,000). Also, the TMRB is urged to
pay special attention to ensure that disabled New Yorkers aren’t disadvantaged by congestion
pricing, including clarity on how the vehicle exemption for people with disabilities will work. It
is recommended that TMRB consult with disability advocacy; and
WHEREAS The TMRB should consider additional, limited exemptions to improve the current
framework. It is recommended that TMRB examine London’s successful pricing scheme to help
determine possible exemptions or fee reductions for residents within the pricing zone; mopeds,
electric vehicles and patients and staff of hospitals and medical institutions; and
WHEREAS President Joe Biden signed the $1.2 trillion infrastructure bill on November 15th,
2021. Formally known as the Infrastructure Investment and Jobs Act, the law includes $550
billion in new spending on the nation's physical infrastructure and represents the largest
investment in roads, bridges, ports, water and rail in years. The measure provides $110 billion for
roads, bridges and major projects, $39 billion for public transit and $66 billion for railways. It
also provides $65 billion to expand broadband infrastructure and $55 billion for clear water
investments; and
WHEREAS The expected timeline for the environmental review process means that congestion
pricing likely would not be implemented before 2023; and
WHEREAS The MTA, New York City Department of Transportation (NYCDOT) and New York
State Department of Transportation (NYSDOT) hosted 13 public meetings to discuss the Central
Business District Tolling Program (CBDTP), which would be the first-ever congestion pricing
plan implemented in the United States; and
WHEREAS The first 10 meetings focused on how the program will impact various regions. A
meeting was held on Oct. 6th, 2021 for the region of Manhattan Outside the Central Business
District (61st Street and above); and
WHEREAS In addition to the 10 regional meetings, the agencies hosted three Environmental
Justice Outreach meetings to discuss how the proposed program could impact minority and
low-income areas. An Environmental Justice Outreach meeting was held on Thursday, Oct. 7th,
2021 for New York; and WHEREAS The feedback generated from these meetings will be
included in the federal Environmental Assessment (EA) that is required for the project; and
WHEREAS As part of the $175 billion state budget approved on April 1st, 2019, the MTA’s
Triborough Bridge and Tunnel Authority (TBTA) will establish the CBDTP which will charge
travelers a variable fee for driving into Manhattan’s Central Business District, defined as any
area south of 60th Street; and
WHEREAS A six-member Traffic Mobility Review Board will recommend toll pricing to the
TBTA, which will ultimately determine the toll prices, which may vary based on a combination
of factors and may potentially offer exemptions and credits to certain travelers; and
WHEREAS The program is expected to generate $1 billion annually, which can be bonded
against for $15 billion, which will be placed in a designated MTA “lockbox” to fund capital
improvements to the ailing mass transit system; and
WHEREAS The toll could potentially vary based on the time of day, the amount of traffic, the
total distance traveled within the zone and the time spent driving within the zone; and
WHEREAS Under the congestion pricing plan approved by the state legislature, vehicles
entering the tolling zone would be charged once per day. Rates are expected to range from $9 to
$23 for passenger vehicles using the E-ZPass toll system, with possible discounts overnight or
during off-peak hours. If there are more exemptions, officials said, the base rate would likely be
higher. Currently, emergency vehicles and those transporting people with disabilities are exempt
from fees, as are vehicles that travel on the F.D.R. Drive or West Side Highway but do not exit
onto city streets. Residents who live in the tolling zone and earn less than $60,000 would also
qualify for a tax credit; and
WHEREAS NYC Mayor-Elect Eric Adams declared his support for congestion pricing, while he
expressed a desire to protect low-income New Yorkers needing to drive into Manhattan from
fees, he expressed strong support for both the fee and the use of fees to improve mass transit; and
WHEREAS Of the 4% who drive to jobs in Manhattan, the overwhelming majority have
moderate and higher incomes. CSS also found that only two percent of the city’s outer-borough
working poor could potentially pay a congestion fee as part of their daily commute. This
compares with 58% who rely on public transit and would theoretically benefit from a congestion
pricing plan that raises money for both improved transit services and fare discounts”; and
WHEREAS The $1.2 Trillion Bipartisan Infrastructure Law signed by President Biden on
November 19th, 2021 is expected to clear the way for several high-profile projects in the City
and the State, including the extension of the Second Avenue subway in Manhattan and a
long-needed solution to the crumbling Brooklyn-Queens Expressway. Its effects will also be felt
in numerous other ways to rebuild a region with outdated infrastructure whose vulnerability has
been especially tested by climate change. $9.8 billion is expected to slated for transit; and
WHEREAS It’s critical that the congestion pricing system be evaluated on an ongoing basis for
the benefit of the public and decision makers. Key to this evaluation will be defining metrics for
tracking the equity goals of the program, specifically with regard to low-income residents and
people with disabilities. The TMRB has been encouraged to consider a tracking dashboard so
that the program can be transparent and held accountable.
WHEREAS It is recommended that the impact of the Central Business District Tolling Program
and its effect on the surrounding neighborhoods be studied. Community Board 10 therefore
affirmatively supports the consideration and implementation of a neighborhood parking and or
pricing model that gives preferential parking to local community residents.
WHEREAS 29% of residents of Central Harlem live below the Federal Poverty Level; it is the
second poorest neighborhood in Manhattan; and
THEREFORE NOW BE IT RESOLVED that Manhattan Community Board 10 recommends that
Central Harlem residents not be disadvantaged by congestion pricing through the City’s efforts to
mitigate traffic congestion, through the proposed Central Business District Tolling Program.
BE IT FURTHER RESOLVED that Manhattan Community Board 10 also recommends that the
impact of the Central Business District Tolling Program and its effect on the surrounding
neighborhoods be studied. Community Board 10 therefore affirmatively supports the
consideration and implementation of a neighborhood parking and or pricing model that gives
preferential parking to local community residents.
NOW THEREFORE, BE IT RESOLVED Manhattan Community Board 10 APPROVED the
RESOLUTION TO NOT DISADVANTAGE CENTRAL HARLEM RESIDENTS BY
CONGESTION PRICING THROUGH THE CITY’S EFFORTS TO MITIGATE TRAFFIC
CONGESTION, THROUGH THE PROPOSED CENTRAL BUSINESS DISTRICT TOLLING
PROGRAM during the February 2, 2022 General Board Meeting, the board voted40YES, 0
NO,0ABSTENTION, and 0RECUSAL.",0,39,4,regex_single_resolution
fc81d891-544c-4583-bc30-67bbbf7d2942,0e0431f6-fe8e-5562-b576-879d8450e844,MCB10,https://cbmanhattan.cityofnewyork.us/cb10/wp-content/uploads/sites/11/2022/02/Resolution_To-Recommend-Not-to-Demolish-The-Womens-Pavilion-at-Harlem-Hospital-Center-1-1.pdf,2022-02-01,1,RESOLUTION_TO RECOMMEND NOT TO DEMOLISH THE WOMEN’S,"RESOLUTION_TO RECOMMEND NOT TO DEMOLISH THE WOMEN’S
PAVILION AT HARLEM HOSPITAL CENTER
WHEREAS The Harlem Hospital Center’s current Campus Modernization Project includes the
demolition of the seven-story 138,000 gross square-foot Women’s Pavilion located at 22 West
137th Street (completed in 1935); and
WHEREAS The Modernization Project has already resulted in the demolition of the Hospital’s
Old Nurse Residence and New Nurse Residence. The Hospital’s recent Campus Modernization
Project included the demolition of two of these buildings, the Pediatrics building and the New
Nurses’ Residence, with construction of the new six-story Mural Pavilion, which opened in
October, 2012; and
WHEREAS On September 20th, 1958, Izola Ware Curry, a 42-year-old mentally disturbed
woman, stabbed Martin Luther King, Jr., while he signed copies of his book, Stride Toward
Freedom, at Blumstein’s Department Store in Harlem, New York. Curry approached King with
a seven-inch steel letter opener and drove the blade into the upper left side of his chest. King
was rushed to Harlem Hospital, where he underwent more than two hours of surgery to repair
the wound. Doctors operating on the 29-year-old civil rights leader said: “Had Dr. King sneezed
or coughed, the weapon would have penetrated the aorta.… He was just a sneeze away from
death”; and
WHEREAS The hospital has been recognized for critical operations and notable physicians. In
1958, Martin Luther King Jr., survived an emergency thoracotomy at Harlem Hospital
following his near-fatal stabbing, while visiting Harlem, an event referenced in his final 1968
public address, ""I Have Been to the Mountaintop"", saving the life of the civil rights icon; and
WHEREAS Harlem Hospital Center has also been in the forefront of training African American
Nurses. The Harlem Hospital School of Nursing School was opened in January, 1923, because
of refusal of the City Hospitals to accept Black Nurses. The school continued to train nurses
until its closing in June, 1977. Dr. John Cordice and Dr. Aubre Maynard, master heart surgeons,
used the cutting edge thoracic surgical procedure developed by Dr. Maynard, to save Dr. Martin
Luther King, Jr.’s life in 1958, when the civil rights activist suffered a stab wound to the chest
while visiting Harlem; and
WHEREAS Dr. Martin Luther King, Jr. was a well-known civil rights activist who had a great
deal of influence on American society in the 1950s and 1960s. His strong belief in nonviolent
protest helped set the tone of the movement. Boycotts, protests and marches were eventually
effective, and much legislation was passed against racial discrimination; and
WHEREAS Dr. King worked toward social justice, civil liberties, and equal rights for all. His
actions, including civil disobedience and passive resistance, led to widely known legal
achievements such as the Civil Rights Act of 1964 and the Voting Rights Act of 1965; and
WHEREAS The In response to the growing concerns of the Community regarding preserving
Harlem’s rich heritage, Community Board 10’s Land Use and Landmarks Committee
developed a comprehensive planning document that explores various methods in preserving
historic buildings and the built context of the District; and
WHEREAS At a regularly scheduled General Board Meeting on May 2nd, 2012, Manhattan
Community Board 10 unanimously voted to approve the Comprehensive Historic Preservation
Plan; and
WHEREAS This planning document outlines the purpose, the context, and the benefits of
designation. Acknowledging that Harlem as a District is under-designated, the goal of this
planning document is to ensure new developments are consistent in vernacular and scale and
existing buildings are protected. The recommendations put forth in this report represent a
collective vision of the community. This report identifies proposals of four distinct landmark
designations: individual, interior, scenic, and historic districts. It also includes recommendation
for future contextual re-zonings; and
WHEREAS the recent and tragic loss of the Olga Hotel located at 695 Lenox Ave, a modest yet
remarkably important building in Central Harlem. It was built in 1902 as the North-End Hotel
for brewer Jacob Rupert, based on designs by Neville & Bagge. From 1918 to 1937, the Hotel
Olga served as Harlem’s leading lodging for African Americans, who were excluded from the
Hotel Theresa and other places. The Olga Hotel was the premier hotel for
African-Americans during the Harlem Renaissance. The Hotel Olga was cited in the Manhattan
Community Board 10 2012 Comprehensive Historic Preservation Plan. Hotel Olga was
demolished in 2021 as a part of the proposed One 45 Project which is now undergoing the
Uniform Land Use Review Procedure (ULURP); and
WHEREAS The famous Renaissance Ballroom formerly located at 2341–2349 Adam Clayton
Powell Jr. Boulevard, on the east-side of the boulevard between 137th and 138th Streets opened
in 1924, closed in 1979 and was demolished amidst protest in 2015; and
WHEREAS The Renaissance Theatre Building, as it was originally named, opened January
1921. It was built and owned, until 1931, by African Americans. It was known as the ""Rennie""
and was an upscale reception hall. The ""Renny"" held prize fights, dance marathons, film
screenings, concerts, and stage acts. It was also a meeting place for social clubs and political
organizations in Harlem; and
WHEREAS Patrons of the Renaissance gathered to dance the popular dances at the time, the
Charleston, Lindy Hop, and Black Bottom, to live music performed by jazz musician greats. Jazz
artists such as Louis Armstrong, Fletcher Henderson, Duke Ellington, Count Basie, Cab
Calloway, Lionel Hampton, Cootie Williams, Bessie Smith, Lena Horne, Billie Holiday and Ella
Fitzgerald performed at the ""Renny"". In the 1920s the Renaissance Ballroom was known as a
""Black Mecca"". It hosted Joe Louis fights; and
WHEREAS The ballroom was on the second floor of the entertainment complex. The
""Renny"" was a significant entertainment center during the Harlem Renaissance, and the New
Negro Movement in Harlem. When African American culture and art flourished. historically
important structure helped usher in the decade-long period of African American cultural and
artistic flourishing, which at the time was known as the New Negro Movement. William H.
Roach from Antigua, Cleophus Charity and Joseph H. Sweeney from Montserrat were the
founding builders of the Renaissance Complex. They were members of Marcus Garvey’s
Universal Negro Improvement Association (UNIA); and
WHEREAS National Register Historic Districts are defined geographical areas consisting of
contributing and non-contributing properties. Some properties are added automatically to the
National Register when they become administered by the National Park Service. These include
National Historic Landmarks (NHL), National Historic Sites (NHS), National Historical Parks,
National Military Parks, National Memorials and some National Monuments. (Federal
properties can be proclaimed National Monuments under the Antiquities Act because of either
their historical or natural significance. They are managed by multiple agencies. Only monuments
that are historic in character and managed by the National Park Service are listed
administratively in the National Register); and
WHEREAS Harlem heritage is under threat through the destruction of these historic buildings,
in effect erasing the history of African American achievement in Harlem; and
WHEREAS Central Harlem is a place of importance that is equal in terms of black history as
Paris and Rome is to white history""; and
WHEREAS The Harlem Renaissance (also known as the New Negro Movement) was the most
important event in twentieth-century African American intellectual and cultural life. While best
known for its literature, it touched every aspect of African American literary and artistic
creativity from the end of World War I through the Great Depression. Literature, critical writing,
music, theater, musical theater, and the visual arts were transformed by this movement; it also
affected politics, social development, and almost every aspect of the African American
experience from the mid-1920s through the mid-1930s; and
WHEREAS Traditionally, the Harlem Renaissance is viewed primarily as a literary movement
centered in Harlem and growing out of the black migration and the emergence of Harlem as the
premier black metropolis in the United States; and
WHEREAS, the Dormitory Authority of the State of New York (DASNY) prepared a Final
Environmental Impact Statement (FEIS) for Harlem Hospital in support of its Harlem Hospital
Center Modernization Project (2005); and WHEREAS, such FEIS included a Study of
Reasonable Alternatives to the Demolition of the Women’s Pavilion (Study); and
WHEREAS, on Page Three of such Study it states that there isaneed for thereplacement ofthe
Women’s Pavilion, however, on Page Ten, it is acknowledged that Harlem Hospital,Health and
Hospital Corporation and DASNY have not done cost benefit studies to see the feasibility to
repurpose the building for a variety of non hospital uses, such as the Public Health Lab; and
WHEREAS, as part of the Study, DASNY offered a letter from the New York State Office of
Parks, Recreation and Historic Preservation (SHPO) dated July 1, 2005 (Page 11); and
WHEREAS, such letter stated that any demolition or substantial alteration to the Women’s
Pavilion would likely resultin anAdverseImpactdetermination fromSHPO andany demolition
of a National Register Eligible building such as the Women’s Pavilionis anactionthat canonly
be moved forward after a thorough exploration of alternative sites for any such projects,
treatments and/or plans; and
|
WHEREAS, in such letter’s Statement of Significance (Pages 14-15) SHPO stated that the
Women’s Pavilion meets the National Register Criterion A in the areas of social, ethnic and
health care history for its contributions to the HarlemCommunity inthe 20thCenturyand meets
Criterion C in architecture as a representative example ofearly 20th Centuryinstitutionaldesign
with Renaissance inspired features; and
WHEREAS, such FEIS primarily dealt with erecting a garage and a garage is no longer a part of
the Harlem Hospital Modernization Plan; and
WHEREAS, the Harlem Hospital, Health and Hospital Corporation, Department of Health and
Mental Hygiene (DOHMH) and other government actors/entities desire to build a public health
lab in the space of the Women’s Pavilion; and
WHEREAS, 450 Million dollars has recently been obtained for the Public Health Laboratory;
and
WHEREAS, a sincere attempt to avoid an Adverse Impact to the Women’s Pavilionwouldbe in
alignment with SHPO’s initial objective which stated in part that any demolition of a National
Register Eligible building such as the Women’s Pavilion is an action that can only be moved
forward after a thorough exploration of alternative treatments and/or plans; and
WHEREAS, Community Board 10 desires that the City of New York and such other
agencies/departments keep the outer shell of the Women’s Pavilion because of its historicaland
architectural significance and repurpose the building; and
WHEREAS, Community Board 10 deems the Women’s Pavilion to be an historical and
architectural gem and there is no other city owned building in Community Board 10 that can
match same; and
WHEREAS, Community Board 10 does notacceptfor the sake ofmaintaining anaward winning
architectural design of a new Public Health Lab at the Women’s Pavilion site as a reason why
such purpose cannot be achieved; and
THEREFORE NOW BE IT RESOLVED that Manhattan Community Board 10 does not support
the demolition of the Harlem Hospital Center Women’s Pavilion and strongly recommends its
preservation, through restoration, as an historic building integral to the legacy of Harlem
heritage and African American achievement in Central Harlem.
NOW THEREFORE, BE IT RESOLVED Manhattan Community Board 10 APPROVED the
RESOLUTION_TO RECOMMEND NOT TO DEMOLISH THE WOMEN’S PAVILION AT
HARLEM HOSPITAL CENTER during the February 2, 2022 General Board Meeting, the
board voted 39YES,0NO,0ABSTENTION, and1RECUSAL.",0,33,2,regex_single_resolution
c6c5b985-59f7-4fb9-bf95-afaacc6940fc,acbc2bbb-a7fb-5420-9208-61025b86770a,MCB10,https://cbmanhattan.cityofnewyork.us/cb10/wp-content/uploads/sites/11/2022/03/Resolution-Renovation-Delacorte-Theater-in-Central-Park-December-2021.docx-1.pdf,2022-03-01,1,RESOLUTION RENOVATION OF THE DELACORTE THEATER IN CENTRAL PARK,"RESOLUTION RENOVATION OF THE DELACORTE THEATER IN CENTRAL PARK
WHEREASThe Public Theater has proposed a renovationof the Delacorte Theater in Central Park within its existing
footprint which can be implemented in its entirety or in a series of phases and will require no change in its existing Certificate
of Occupancy, use or building classification; and
WHEREASThe renovation is to be filed as an Alt. 2 with the the NYC Department of Buildings; will be phased construction
off-season over three yeats, and will be filed under the 1968 NYC Building Code; and
WHEREASThe renovation will make the Delacorte Theatersafer and more comfortable for staff, artists and audiences,
especially those with disabilities, and
WHEREASThe renovation will streamline backstage operations,revitalize the exterior for a more dynamic aesthetic
experience for park users and theater goers alike; and
WHEREASThe renovation will improve theatrical infrastructureyielding higher production values for audiences; and
WHEREASThe scope of the proposed renovation includeimprovements to:
• Exterior
• Plans and Elevations
• Accessibility
• Exterior Wall, Canopy and Signage Details
• Service Window
• Lighting Towers
• Seating
• Fencing
• Park Views
WHEREASon December 14th, 2021 the TransportationLandmarks & Historic Preservation Committee had quorum and voted
8 yes, 0 no, 0 abstentions and 0 recusals; to support the project; and
WHEREASon December 29th, 2021 the Executive Committeehad quorum and voted 12 yes, 0 no, 0 abstentions and 0
recusals; and
THEREFORE NOWbe it resolved that on January 5, 2022Manhattan Community Board 10 supports the effortsof the New
York City Parks Department and the Public Theater to renovate the Delacorte Theater in Central Park through new designs and
reconstruction with a vote in favor of 35 yes 0 no 0 abstentions.
01062021",0,8,1,regex_single_resolution
d3b99be1-3705-4644-83b6-4cd91158748e,b12fee1f-2b80-5718-bec8-f3321a70302f,MCB10,https://cbmanhattan.cityofnewyork.us/cb10/wp-content/uploads/sites/11/2022/01/RESOLUTION-Land-Use-One-45-Museum-of-Civil-Rights-January-012022.docx-1-1.pdf,2022-01-01,1,One45/Museum of Civil Rights Resolution,"One45/Museum of Civil Rights Resolution
Manhattan Community Board 10
RESOLUTION: To disapprove the private applicationbyOne45LenoxLLCforazoningmap
and zoning text amendments, special permits, andNYCCityPlanningCommissioncertifications
tofacilitatethedevelopmentofamixed-usebuildinginManhattanCommunityDistrict10known
as One45/Museum of Civil Rights.
WHEREAS,One45 Lenox LLC development group is seekingapproval of a Uniform Land Use
Review Procedure(hereafter known as ""ULURP"")applicationfor C220134-ZMM,
N220135-ZRM, C220136-ZSM, C220137-ZSM, C220142-ZSM, N220138-ZCM,
N220139-ZCM, and N220143-ZCM for a zoning map and zoning text amendments, special
permits, and NYC City Planning Commission certifications to facilitate the development of
mixed-use buildings in Manhattan Community District 10 known as One45/Museum of Civil
Rights; and
WHEREAS,the C220134-ZMM application is seeking approvalfor a zoning map amendment to
rezone the area from a C8-3 and R7-2 zone with a 6.50 FAR (floor area ratio) to a C4-6 zone with
a 12.0 FAR and maximum commercial FAR of 3.4; and
WHEREAS,the N220135-ZRM application seeks approvalfor a zoning text amendment to
Appendix F of the ZR mapping a Mandatory Inclusionary Housing (“MIH”) area, by proposing
that 25% (220 apartments) of the units will be permanently affordable with an average 60% AMI
(area median income of which 10% (85 apartments) of the total number of units designated
affordable, will be at 40% AMI; and
WHEREAS, the C220136-ZSM application seeks a special permit for height and setback
regulations, and the C220137-ZSM application seeks a special permit for the event space to be
located above residential units, theeventspacelobbytobelocatedwithin50ft.ofthestreetwall,
and allows for signage modifications for the museum. The C220142-ZSM application seeks a
specialpermittoreducetherequirednumberofparkingspacesfrom40%(260-280)ofthemarket
units to 20% (130-140) spaces; and
WHEREAS,the N-220128-ZCM, N220139-ZCM, and N220143-ZCMapplications request a
zoning certification to waive the requirement that 50% of the street wall be used for commercial
uses on the north side of Building 1 in order to provide space for the community facility museum
frontage; a zoning certification to allow two curb cuts on a narrow street (144thStreet) for parking
and loading entrances; as well as a zoning certification to permit a curb cut on a wide street (145th
Building 2); and
WHEREAS,the development consists of two buildings,one with 28 stories the other with 32
stories, located on 145thStreet between Malcolm XBlvd & Adam Clayton Powell, Jr. Blvd., as
well as 144thto 145thStreet on Malcom X. Blvd.,with approximately 850 apartments that will be
connected by a Civil Rights museum, and includes the new offices of the National Action
Network (“NAN”); and
WHEREAS,One45 Lenox LLC development group identifiedcommunity benefits such as
dedicated community spaces, economic opportunity for community residents via the creation of
1100 jobs, of which 550 would be permanent, job training and development, and opportunities to
empower youth that includes a youth mentorship program. Other community benefits suggested
by the developer is the creation of a Harlem-based Business Preference Initiative providing below
market rent and preferential space for Harlem businesses, the addition of 220 permanently
“affordable” residential units in the community, and utilizing the Turning Harlem Green program;
and
WHEREAS,Manhattan Community Board 10 facilitatedtwo public hearings on 12/16/21 and
12/27/21 wherein the One45 Lenox LLC development group conducted presentations, received
comments from the CB 10 board members, community members, and elected representatives, and
answered questions; and
WHEREASManhattan Community Board 10 remains extremelyconcerned about the following
issues that were not adequately addressed by the development team:
● Affordable Units/Affordability– the project willhave850residential units but only220
of them will be designated permanently affordable. Of the 220 units, only 85 will be at
40% AMI with no units designated for homeless or those individuals receiving homeless
assistance within CB10. The remaining 135 apartments will be at an average of 60%
AMI. While the community gains 220 permanently affordable unit, it will also gain 630
fair market units that is not consistent with community needs.
● Apartment Ratio– 21% or 178 apartments will be studios,52% or 442 apartments will
be one-bedroom units, and 27% or 230 apartments will be two- or three-bedroom units.
Therefore, 73% or 620 of the apartments will be studio or one-bedroom units. The
developer proposes the application of the same ratio to the permanently affordable
residential units. Thus 46 units will be studios, 114 units will be one-bedrooms, and only
60 units will be two or three bedrooms. This configuration of residential units does not
support the growing number of families in the community and the shortage of affordable
housing for this segment of population within our district.
● Increased Density/Transportation Concerns –The projectwill add two buildings with
at least 28 stories each, taller than any building in the surrounding area. Based on the
number of residential units (850), it is estimated that 1900 to 2600 new residents will be
added to this area. This increased density will severely impact the existing public
transportation systems in the area.
Currently, the BX 19 bus runs from Riverbank State Park to the Botanical Gardens in the
Bronx. The IRT#3 train station at 145thStreet andMalcom X. Blvd. is a short station that
only affords 5-6 subway cars to open up on the platform. The existing transportation
hubs are not equipped to support the increased density.
012022
The developer is requesting a special permit to reduce the number of required parking
spaces for fair market units from 40% to 20%, or from 260 to 130 spaces. The remaining
spaces will be used by residents, museum visitors, and other tenants, thereby creating an
additional parking challenge in the surrounding community already overburdened with
the lack of adequate parking for residents and businesses.
Although the Citywide Zoning for Accessibility Text Amendment identifies several
subway stations in Manhattan Community Board 10 that are eligible for easements and/or
bonus, the station located at 145thStreet and MalcolmX. Blvd. is only eligible for
easements that would not address the aforementioned concerns related to the increased
density.
● Community Benefits –The developer proposed severalcommunity benefits that on the
surface would add value, improve the quality of life, and support a healthier future for
Central Harlem residents. However, the developer was not able to provide concrete,
written agreements with community organizations and/or MWBE businesses to achieve
the goals outlined in the aforementioned community benefits, thus reaffirming the
community’s perspective that developers make promises to secure support for their
project but often fail to deliver once the project is completed.
● Displacement –In Central Harlem 86% of residentsare renters of which 23.7% are
severely rent burdened, spending more than 50% of their income on rent. The proposed
location does not currently have residential tenants. However, the proposed addition of
650 fair market residential units, for income levels of $83k to $100k or more, creates an
additional challenge for a community where the cost of housing continues to rise. Current
“affordability” rates are not realistic nor do they reflect the needs of the community.
Consequently, the potential increase of these levels would result in the displacement of
lifetime residents who can no longer afford to live in the community.
● African American Plurality/Voting Rights - City CouncilDistrict 9 residents
successfully fought to strengthen the African American plurality in District 9 (as well as
Community Board 10) when the City brought forth its City Council Redistricting plan in
2012-2013, making such plurality (59%) greater by 8%. Community Board 10 and
District 9 residents relied on the Voting Rights Act of 1965, as amended in 2006 known
as the Fannie Lou Hamer, Rosa Parks and Coretta Scott King Voting Rights Act
Reauthorization and Amendments Act of 2006. The Act’s purpose in part was to
guarantee the right of protected groups (i.e., African American) to be able to cast
meaningful votes [Section 2].
Congress has declared in part that any practice or procedure that affects voting that has
the purpose of or will have the effect of diminishing or diluting the ability of any citizens
in a protected class (i.e., African American) to elect their preferred candidates of choice
denies or abridges the right to vote [Section 5]. The African American population in CB
10 and Council District 9 is sufficiently large and geographically compact to constitute a
majority in a single – member district; such group is politically cohesive; and the
majority votes sufficiently as a bloc. Therefore, African Americans living in CB 10,
Council District 9, Senate District 30, Assembly District 70, enjoy African American
representation in government, which is by their choice, as they have demonstrated that
012022
they want to continue voting for people in their group. The United States Supreme Court
in 2013 in a matter known as Shelby County v Eric Holder upheld Section 5, which
means a district’s plurality could sustain its political power and reject any rezoning or
redistricting that threatens such political power. The One45/Museum of Civil Rights
project creates an environment that threatens African American plurality in the Central
Harlem community.
● Preparedness & Responsiveness– Overwhelmingly, ManhattanCommunity Board 10 is
disappointed by the developer’s lack of preparation and their failure to address the
concerns repeatedly outlined in both public hearings, as well as in the pre-certification
meeting held in September 2021. Concerns related to affordability, the number of
permanently affordable units, increased density, transportation implications, and
community benefits were not addressed. For example, the response to the request for
deeper affordability included statements from the developer that NYC did not provide
any funding for the project, followed by a request to the community to help advocate on
behalf of the project to secure such funding. Yet, throughout their presentations, One45
Lenox LLC stated that they have been working on this project for several years, thus
affording them sufficient time to secure the necessary funding to create a project with
acceptable levels of affordability.
WHEREAS,Manhattan Community Board 10 has 60 daysto review the One45/Museum of Civil
Rights Certification application and render an opinion, which such time to review began on
November 24, 2021; and
WHEREAS,Community Board 10 through its Land Use Committeeheld two public meetings on
December 16, 2021 and December 27, 2021, respectively, affording One45 Lenox LLC the
opportunity to present to the board and the public, and affording opportunities to review said
applications and comment; and
WHEREAS,on December 27, 2021, the Land Use Committeeafter hearing all of the views,
including written submissions, for and against the project voted23Yes,0 No,0Abstention, and
3Recusalto disapprove the application; and
WHEREAS,on December 29, 2021, The Executive Committeevoted_12Yes,_0No,_0
Abstention,and_1Recusalto disapprove the application.
NOW THEREFORE, BE IT RESOLVED Manhattan CommunityBoard 10DISAPPROVED
C220134-ZMM, N220135-ZRM, C220136-ZSM, C220137-ZSM, C220142-ZSM,
N220138-ZCM, N220139-ZCM, and N220143-ZCM applications for zoning map and zoning text
amendments, special permits, and CPC certifications to facilitate the mixed-use development
known as One45/Museum of Civil Rights. During the January 5, 2022 General Board Meeting,
the board voted_35 Yes, 0 No, 0 Abstention,and 2 Recusal.
012022",0,13,3,regex_single_resolution
349700b7-72a9-4a4f-89f5-f208fb661511,45d110ce-87d2-5f8d-ba73-a47a8a32c5a7,MCB10,https://cbmanhattan.cityofnewyork.us/cb10/wp-content/uploads/sites/11/2022/01/RESOLUTION_UPGRADE-OF-LAWN-SPORTS-FACILITIES-IN-CENTRAL-PARK-1.pdf,2022-01-01,1,RESOLUTION_UPGRADE OF LAWN SPORTS FACILITIES IN CENTRAL PARK,"RESOLUTION_UPGRADE OF LAWN SPORTS FACILITIES IN CENTRAL PARK
WHEREAS The Bowling and Croquet Greens (Central Park Lawn Sports Center) consist of two
fenced-in fields, each 15,000 sq.ft, built specifically for lawn bowling and croquet, located just to
the north of Sheep Meadow in the Mineral Springs section. The fields are located at West 69th
Street; and
WHEREAS 2026 will be the 100th anniversary of the lawn sports facility in Central Park. The
New York Lawn Bowling Club (NYLBC) and the New York Croquet Club (NYCC) have initiated
efforts to restore the greens and Lawn Sports Center; and
WHEREAS Lawn sports are games of skill and accuracy; not strength and, as such, can be
played by persons of all ages and physical condition. For seniors, and other physically
challenged persons, lawn sports offer an invaluable outlet for improved balance, coordination,
and the enhanced well-being that comes from increased confidence and self-esteem,
community connectedness and support. Seniors of 60+ years comprise nearly 30% of all
residents in and around Central Park. The lawn sports facilities provide a rare haven where the
City’s elderly can engage outdoors in an active, socially-distanced setting; and
WHEREAS Lawn sports have a long history in NYC dating back to colonial times. In 1626 (the
same year that Peter Minuet purchased Manhattan Island), Bowling Green was laid out in lower
Manhattan. The green doubled as a marketplace and playground until 1733 when the City
Council formally adopted a resolution returning the area to a bowling green; and
WHEREAS Bowls arrived in Central Park in 1926 with the founding of NYLBC and the
construction of a new bowling green. A subsequent green was added in 1930; and
WHEREAS In 1987, the Parks Department effectuated an arrangement with the NYLBC and the
NYCC to share the Lawn Sports Center facility; and
WHEREAS NYLBC and NYCC are not aware of any material upgrade to the Lawn
Sports Center building since its construction and, despite attentive care from both clubs and the
Conservancy, the green conditions have deteriorated over time and unfortunately are, for much
of our season, not in suitable playing condition; and
WHEREAS NYLBC and NYCC have provided letters of support from the Achilles Foundation,
Special Olympics, and from respective sports' world governing bodies who wish to host a pair of
televised annual competitions in Central Park, to showcase the world's top players in a premier
setting to raise awareness of lawn bowling sports in the US. Corporate sponsorship and media
coverage of these events can provide a generous source of recurring funds for the Parks
Department and the Central Park Conservancy; and
WHEREAS NYLBC and NYCC have received the unanimous support of Community Boards 5 &
8; and
WHEREAS Projected estimated costs of a re-build in Central Park might range from $1M to
1.5M; and
WHEREAS the New York Lawn Bowling Club met with the Parks and Recreation Committee on
November 10th, 2021 to present the proposed need for the restoration of the Central Park
playing green facility and Mineral Springs surroundings; and
WHEREAS NYLBC and NYCC regularly offer free lessons and community events and will
provide information to CB 10 to promote interest for CB 10 residents; and
WHEREAS on December 8th, 2021 the Parks and Recreation Committee had quorum and
voted 7 yes, 0 no, 0 abstentions and 0 recusals; to support the project; and
WHEREAS on December 29th, 2021 the Executive Committee had quorum and voted 12 yes,
0 no, 0 abstentions and 0 recusals to support the project ; and
WHEREAS on January 5th, 2022 the General Board had quorum and voted 35 yes, 0 no, 0
abstentions and 0 recusals to support the project ; and
WHEREAS Central Park Conservancy and NYC Parks will determine the merit of the project
and respectively come before the Parks and Recreation Committee to present proposed design
plans for the restoration of the Central Park playing green facility and Mineral Springs
surroundings, which are not developed at this time; and
THEREFORE Now be it resolved that Manhattan Community Board 10 supports the NYLBC
and NYCC request of NYC Parks and Central Park Conservancy to upgrade the Central Park
lawn sports facilities and Mineral Springs surroundings through restoration.",0,16,1,regex_single_resolution
5605f209-08e9-496e-a6c6-b811aa8feb29,14efbe76-a784-5a59-abb2-753bd64a76a8,MCB10,https://cbmanhattan.cityofnewyork.us/cb10/wp-content/uploads/sites/11/2022/01/Resolution_Restoration-of-the-Kinderberg-and-Renovation-of-the-Chess-Checkers-House-FINAL-1.pdf,2022-01-01,1,RESOLUTION_RESTORATION OF THE KINDERBERG AND RENOVATION OF THE CHESS &,"RESOLUTION_RESTORATION OF THE KINDERBERG AND RENOVATION OF THE CHESS &
CHECKERS HOUSE IN CENTRAL PARK
WHEREAS Central Park was created, in anticipation of the City’s future growth around it, for the purpose of
providing for all New Yorkers a pastoral refuge from crowded urban conditions. Throughout its history, the Park has
experienced cycles of decline and restoration. The Central Park Conservancy was formed in 1980 in response to the
Park’s dramatic deterioration in the 1960s and 70s. Since then, the Conservancy has engaged in restoration projects
and capital improvements throughout the park, and has assumed responsibility for the day-to-day operation and
management of the Park; and
WHEREAS The Children's District is the historic name of an area near the southeast corner of the Park, north of the
59th Street Pond and south of the 65th Street Transverse, between the Center Drive and the East Drive Park.
Conveniently sited to welcome visitors immediately upon their arrival in the Park, it offered facilities catering to the
needs of small children and their caregivers, including the Dairy refreshment house and the Children’s Cottage (a
changing and restroom facility). Most significant of these was the Kinderberg, also referred to as the Children’s
Shelter or the Nursery. Completed in 1868, it was the largest and most elaborate of the Park’s many rustic structures.
Sited on a large outcropping of rock overlooking the Pond, the Kinderberg offered shade, seating, and tables for
mothers and children to rest, picnic, and play games; and
WHEREAS The Kinderberg was razed in the 1940s and in 1952, the existing Chess & Checkers House was
constructed on the site. The octagonal brick structure was originally open on four sides and functioned as an open-
air pavilion. By the 1980s, doors and windows were added to fully enclose the structure. The existing dimensional
lumber trellis on the plaza surrounding the building was added in 1985; and
WHEREAS The last significant project at the site was a restoration of the building exterior and addition of the
existing trellis in 1985. The trellis has reached the end of its useful life, and the pavement beneath shows signs of
significant settling and deterioration. The building roof has not been replaced since the original construction in 1952.
The stairs and steeply-sloped path leading up to the facility are not accessible. Finally, there are no longer public
restrooms in the Children’s District to support the public programs run out of the Chess & Checkers House or
activities at the Dairy, the Conservancy’s main Visitor Center and gift shop; and
WHEREAS The project is a continuation of the restoration of the Children’s District that began with the
Conservancy’s recently completed restoration of the Conservatory Garden and Dairy Access Path renovation project,
supported by a CB 10 resolution in 2020; and
WHEREAS Objectives include:
• Restoration of the Kinderberg site in keeping with the historic purpose and design of the Park and to
serve the needs of contemporary park users
• Address of the condition of the Chess & Checkers House
• Provision of restroom facilities for visitors to the Children’s District
• Address of the accessibility of the facility; and
WHEREAS the scope of Work includes:
• Recreation of a rustic shelter, based on the original Kinderberg structure, encompassing the existing Chess &
Checkers House
• Inkind replacement of the existing asphalt hexagonal pavers.• Restore the exterior of the Chess & Checkers
House
• Replacement of the roof, cupola, windows and doors in-kind
• Renovate the interior of the Chess & Checkers house to include public restrooms as well as space to support
public programs
• Upgrade of the existing mechanical and utility systems
• Construction of an ADA-accessible ramp to the facility in the slope on the east side of the Kinderberg,
adjacent to the existing stairs
• Restoration of the existing stairs and addition of handrails; and
WHEREAS Central Park Conservancy presented design plans for the Kinderberg restoration and the Chess &
Checkers House renovation project to the Parks and Recreation Committee, to garner community feedback on the
proposed plans, on December 8th 2021; and
WHEREAS The Kinderberg restoration and the Chess & Checkers House renovation project has a budget of $7
million and is fully funded; and
WHEREAS The Central Park Conservancy and New York City Parks anticipate that construction on the Kinderberg
and Chess & Checkers House project will begin in March 2022 and completed by December 2022 or January 2023;
and
WHEREAS Central Park Conservancy has met with surrounding Boards to Central Park; 5, 7 and 8 who are in
support of the project; and
WHEREAS on December 8th, 2021 the Parks and Recreation Committee had quorum and voted 7 yes, 0 no, 0
abstentions and 0 recusals; to support the project; and
WHEREAS on December 29th, 2021 the Executive Committee had quorum and voted 12 yes, 0 no, 0 abstentions
and 0 recusals; and
WHEREAS on January 5th, 2022 the General Board had quorum and voted 35 yes, 0 no, 0 abstentions and 0
recusals to support the project ; and
THEREFORE NOW be it resolved that Manhattan Community Board 10 supports the joint efforts of New York
City Parks and Central Park Conservancy to upgrade the Kinderberg site and Chess & Checkers House through new
designs and reconstruction.",0,14,1,regex_single_resolution
76fa12bf-6716-47d7-a5b0-40e9c87f6712,1d221422-897d-535e-a411-42a5921b4518,MCB10,https://cbmanhattan.cityofnewyork.us/cb10/wp-content/uploads/sites/11/2021/12/NYCHA-Harlem-River-Houses-Historic-Rehabilitation-Resolution-of-Support.pdf,2021-12-01,1,RESOLUTION,"RESOLUTION
Manhattan Community Board 10
NYCHA Harlem River Houses Historic Rehabilitation
RESOLUTION: To provide a resolution of support to the NYC Landmarks Preservation
Commission for Harlem River Preservation LLC to rehabilitate the historic NYCHA Harlem
River Houses.
WHEREAS, Harlem River Preservation LLC, consisting of Curtis and Ginsberg Architects;
Higgins Quaesbarth & Partners LLC; NV5 Civil and Landscape; Rand Engineering &
Architecture; and MEPF Inglese Architecture & Engineering (hereafter known as “HRP”) are
seeking a resolution of support for theirhistoric rehabilitationof theNYCHarlem RiverHouses;
and
WHEREAS, the comprehensive restoration of the NYC Harlem River Houses will include
landscape, pathway and stair modifications, playground updates, site-wide fencing
improvements, furniture, lighting and security camera, building entry and façade rehabilitation,
storefront replacement and signage; and
WHEREAS, the NYCHA Harlem River Housing complex between West 151st Street and West
153rd Street, Macombs Place to the Harlem River Drive, is a nine acre complex opened in
October 1937 as one of the first two NYC housing developments funded by the federal
government with the goal of providing affordable housing for African-Americans; and
WHEREAS, the complex was designated aNew York CityLandmarkin1975andwas listedon
the National Register of Historic Places in 1979, and in 2014 was designated a Special Planned
Community Preservation District which is a zoning category created in 1974 “to preserve and
protect… superior examples of town planning or large-scale development;” and
WHEREAS, the Harlem River Houses aresaid tobe themost successfulpublic housingin New
York City due to the modern, spacious design of the buildings which provide, according to
architecture critic Lewis Mumford, “the equipment for decent living that every modern
neighborhood needs: sunlight, air, safety, play space, meeting space, and living space. The
10062021
families in the Harlem Houses have higher standards of housing, measured in tangible benefits,
than most of those on Park Avenue:” and
WHEREAS, Archibald Manning Brown was the chief architect for the project, with other
contributing architects including Will Rice Amon,Richard W.Buckley,Frank J.Forster,Charles
F. Fuller, Horace Ginsbern, and John Louis Wilson Jr. . Mr. Wilson was one of the firstAfrican
American architects to be registered in New York State; and
WHEREAS, on September 20th, 2021 the Executive Board of the Harlem River Resident
Association submitted a letterof support ofthe HRP’splan torehabilitate andmodernize Harlem
River Houses and have regularly engaged with HRP since it was designated by NYCHA as the
Harlem River PACT Partner in early 2020; and
WHEREAS, the Executive Board of the Harlem River Resident Association has bothreviewed
HRP’s plans for redevelopment of the Harlem River Houses and have seen the Board’s insight
and feedback reflected in HRP’s design plans, including the rehabilitation of the Harlem River
Houses in accordance with the site’s original design, and the addition of contemporaryfeatures,
finishes, and amenities that will make the development a healthier, safer, and more comfortable
place to live, and look forward to continuing to work with the Harlem River Preservation team
and are excited for the renovation work to commence; and
WHEREAS Community Board 10 through its Transportation, Landmarks and Historic
Preservation Committee held a public meeting on September 14, 2021, affording HRP the
opportunity to present to the board and the public, and affording the community at large to
review the planned rehabilitation and to comment on same; and
WHEREAS, on September 22, 2021, the Executive Committee after hearing all of the views,
including written submissions, for and against the project voted 13Yes,0No, 1 Abstention,and
0 Recusal to approve the application; and
NOW THEREFORE, BE IT RESOLVED
Community Board 10 grants this resolution of support to the NYC Landmarks Preservation
Commission for Harlem River Preservation LLC to rehabilitate the NYCHA Harlem River
Houses. During the October 6, 2021 General Board Meeting, the board voted to approve by vote
of 30Yes,7No, 1Abstention, and1Recusal.
10062021",0,10,1,regex_single_resolution
055018f3-5290-4b09-8244-2bc9cebe5121,b778a77e-46c9-533c-bcf3-d0bc4e676488,MCB10,https://cbmanhattan.cityofnewyork.us/cb10/wp-content/uploads/sites/11/2022/04/Appraisal-Resolution-1.pdf,2022-04-01,1,Resolution- Increasing the Black Representation in New York State Real Estate Appraisal Industry,"CITY OF NEW YORK
MANHATTAN COMMUNITY BOARD 10
215 West 125th Street, 4th Floor—New York, NY 10027
T: 212-749-3105 F: 212-662-4215
CICELY HARRIS
Chairperson
SHATIC MITCHELL
District Manager
RESOLUTION
Increasing the Black Representation in New York State Real Estate Appraisal Industry
WHEREAS, real estate appraisals by law should not display individual bias of any kind
and;
WHEREAS, African Americans across the nation are experiencing unexplained inflated and
deflated property values often the result of biased appraisals, and
WHEREAS, the property values that are recorded in a sales transaction are used to
calculate assessment values which are then tax (ad valorem); and
WHEREAS, racial disparities in property values are the root of the property tax issue
and;
WHEREAS, addressing the property values appraisals provide, will also show results in
property tax;
WHEREAS, there are two vacant seats on the New York State Real Estate Appraisal
Board, appointments are by the New York State Speaker Carl E. Heastie and;
WHEREAS, real estate courses are not affordable and, there is no financial aid available to
take the course online and;
WHEREAS, New York City provided vouchers for such courses which is no longer in
place and;
WHEREAS, there is a lack of access to this education in urban communities and currently,
travel is always required if one would like to take appraisal courses;
WHEREAS, minorities are having a hard time finding appraisers to train under and
general appraisers are not comfortable training them and;
WHEREAS, minorities face a difficult time trying to locate an appraiser to train under due to
industry shrinkage and, many pass their skill and business to their heirs and;
WHEREAS, minorities may be certified but unable to complete training for more than 5 years
and, there is a yearly fee to maintain an assistant appraiser’s license while acquiring the training
needed to become a general appraiser and;
WHEREAS, minorities find themselves paying to renew a license that does not benefit them
because they are not chosen to be trained and, if they do not renew the license for 5 consecutive
years, they must start all over again;
WHEREAS, this call of action directly responds to include economic sustainability,
education, health, criminal justice, political action and youth engagement and;
WHEREAS, Manhattan Community Board 10 and the Manhattan Community Board 10
Housing Committee remain undeterred and vigilant in its crusade for justice and
equality;
THEREFORE IT BE RESOLVED, that Manhattan Community Board 10 supports Real Estate
Appraisal Reform.
THEREFORE, BE IT FINALLY RESOLVED that we implement a taskforce to collect the
research date, encourage New York State Assemblymember/ Speaker Carl E. Heastie and
Governor Andrew M. Cuomo to appoint members of the New York Real Estate Appraisal
Board, advocate for minorities to get certified and licensed in the real estate appraisal industry
and remove the two - year requirement of training, and remove the five year limit on how far
back in time certifications can be used, lobby elected officials to create policy that will bring
real estate appraisal education to urban communities and support Real Estate Appraisal Reform
in the state and nationally.
THEREFORE, BE IT RESOLVED, that on September 7, 2021, Manhattan Community
Board 10 passed this Resolution to support the increasing the Black Representation in New
York State Real Estate Appraisal by a unanimous vote of (39) Yes (0) No (0) Abstentions.
A09072021",0,15,3,regex_single_resolution
ac598177-3975-43bc-a6a8-d8632490fc26,26e3af20-7058-5e32-8eed-793cb2f06a80,MCB10,https://cbmanhattan.cityofnewyork.us/cb10/wp-content/uploads/sites/11/2021/09/final-resolution-boa-predev.pdf,2021-09-01,1,"June 17, 2021","June 17, 2021
To Whom It May Concern:
WHEREAS, HCCI Inc. is dedicated to the holistic revitalizationof Harlem and has been providing economic development
and empowerment opportunities to its residents torebuild and sustain their community. The BradhurstBOA Nomination
Plan that was completed in early 2020 was rooted incommunity and stakeholder engagement and clearlyspelled out
community priorities. Some of these include employmentand job training, youth recreational and educationalopportunities,
and preserving and creating new affordable housing.Additionally, the study also identified strategicsites for development
and physical connections to improve walkability andaccessibility to recreation and transportation networks.
WHEREAS, The Bradhurst BOA study area is located entirely within Community Board 10 (CB10) and the Combined
Funding Application (CFA) requires a resolution of support from the community board or boards for thedistrict or districts
in which the proposed BOA is located.
WHEREAS, since the Bradhurst BOA Nomination Plan was completed, HCCI Inc. has engaged public agenciesand elected
officials to present this community revitalizationplan and gather support for implementation. Theyhave also advanced
initial concepts with preliminary zoning, visuals,and back of the envelope financials to show how somestrategic sites can
be programmed with the uses determined by the community.These were introduced at the CB10 Land Use Committee
meeting on May 20, 2021, and subsequently presentedin detail at the CB10 Housing Committee meeting onMay 24, 2021.
WHEREAS, to further implementation plans for the projectsidentified in the Bradhurst BOA Nomination Plan, HCCI Inc.is
seeking additional funding to advance pre-developmentactivities on projects identified in the NominationPlan. These
include 155th Street [Davis Warshaw Site], 155th StreetViaduct Open Space Improvements, 83-93 Macombs Place[Post
Office Site], Harlem Vista Hotel and 2521 Adam Clayton Powell Boulevard. We request you to extend your supportand
funding so this important community work can be advanced.At a time when there are significant real estatemarket
pressures in the Bradhurst neighborhood, we supportevery effort to consider the needs of the existingcommunity.
The BOAPre-Development grants will further the community-centricrevitalization work that is underway.
THEREFORE, BE IT RESOLVED, that Manhattan CommunityBoard 10, provides this resolution ofsupport to
HCCI Inc. to conduct pre-development activities withinthe Bradhurst BOA and also support their CFA application
for additional funding.
Respectfully,
Cicely Harris,
Chairperson
Manhattan Community Board 10",0,4,1,regex_single_resolution
2bb39b6a-daaf-46c5-83df-7dc2511c2660,235b9c49-d783-574e-ab04-2e3206faad24,MCB10,https://cbmanhattan.cityofnewyork.us/cb10/wp-content/uploads/sites/11/2021/09/resolution-fresh-update-20210622.pdf,2021-09-01,1,RESOLUTION,"RESOLUTION
Manhattan Community Board 10
RESOLUTION: To approve the FRESH Update Text Amendment that provides
greater incentives for neighborhood grocery stores to locate in underserved
neighborhoods in the City
WHEREAS, New York City Department of City Planning (hereafter known as
""DCP"") is seeking approval of the Food Retail Expansion to Support Health
Update (hereafter known as “FRESH Update”) application, N210380ZRY, that
provides greater incentives for neighborhood grocery stores to locate in
underserved neighborhoods in the City; and
WHEREAS, there will be no expansion of the FRESH program in Manhattan
Community Board 10 as it will only occur in the Bronx, Brooklyn, Queens, and
Staten Island; and
WHEREAS, FRESH Update requires future applications to meet specific criteria
(within ½ mile radius, the sum of bonus residential floor does not exceed 40,000
square feet) to prevent saturation of FRESH supermarkets in certain areas; and
WHEREAS, waivers will be granted for window installations or glazing
requirements for conversions or renovations to an existing building in order to
construct a FRESH supermarket: and
WHEREAS, FRESH Update will reduce parking requirements in R3-R5 districts
to ensure that parking regulations do not stop a needed project; and
WHEREAS, on Thursday, May 20, 2021, the Land Use Committee of Manhattan
Community Board 10, after hearing all of the views, had additional concerns
regarding the number of existing FRESH stores and current applications in
Manhattan Community Board 10, as well as the availability of programs or
opportunities for entrepreneurs and local grocery stores to partner with developers
to qualify as a FRESH store; and
A06222021
WHEREAS, on May 25, 2021 DCP provided responses to the aforementioned
questions, by identifying three FRESH supermarkets located at 2395 Frederick
Douglass Boulevard, 2630 Frederick Douglass Boulevard, and 223 St. Nicholas
Avenue in the district, and also recommending NYC Economic Development
Corporation to assist entrepreneurs and local grocery stores seeking opportunities
for new stores and renovations; and
WHEREAS, on June 17, 2021, during the Land Use Committee meeting to review
and discuss the FRESH Update Text Amendment, the full board voted
unanimously to approve and support.
NOW THEREFORE, BE IT RESOLVED
Manhattan Community Board 10 APPROVES application N210380ZRY, the
FRESH Update Text Amendment. During the June 17, 2021 Land Use Committee
Meeting, the board voted 29 Yes 0 No 0 Abstention and 0 Recusal.
A06222021",0,8,1,regex_single_resolution
c82f0af1-3c06-4113-b5ca-4839572764b5,c9647957-754a-575b-bfcb-27e0f0cc2445,MCB10,https://cbmanhattan.cityofnewyork.us/cb10/wp-content/uploads/sites/11/2021/09/resolution-health-fitness-citywide-text-amendment-20210622.pdf,2021-09-01,1,RESOLUTION,"RESOLUTION
Manhattan Community Board 10
RESOLUTION: To approve the Health & Fitness Citywide Text Amendment to
reduce barriers for gyms, spas, and licensed massage therapists to open and operate
businesses.
WHEREAS, New York City Department of City Planning (hereafter known as
""DCP"") is seeking approval of the Health & Fitness Citywide Text Amendment
(hereafter known as “Health & Fitness Text Amendment”) application,
N210382ZRY, that will reduce barriers for gyms, spas, and licensed massage
therapists to open and operate businesses; and
WHEREAS, in the 1970s zoning regulations were created to address illicit,
commercial activity in health clubs and massage parlors, the special permit verified
the legitimacy of the operator using criminal background checks; and
WHEREAS, gyms, spas and massage therapy are now considered desirable
community amenities: and
WHEREAS, a BSA special permit is required to open and operate most exercise
and health-related businesses, restricts their location and can be costly and lengthy
for small establishments; and
WHEREAS, removing the special permit requirement will help smaller
independent businesses, assist with economic recovery from the pandemic in
general, and add health amenities to neighborhoods throughout the city; and
WHEREAS, on June 17, 2021, during the Land Use Committee meeting to review
and discuss the Health & Fitness Text Amendment, the full board voted
unanimously to approve and support.
A06222021
NOW THEREFORE, BE IT RESOLVED
Manhattan Community Board 10 APPROVES application N210406ZRY, the
Citywide Hotel Special Permit Text Amendment. During the June 17, 2021
General Board Meeting, the board voted 29 Yes 0 No 0 Abstention and 0
Recusal.
A06222021",0,6,1,regex_single_resolution
5a7202d4-5a90-4faf-88b5-687aba215724,f40df670-8bc3-5d7e-b67b-33d272e9ce04,MCB10,https://cbmanhattan.cityofnewyork.us/cb10/wp-content/uploads/sites/11/2021/09/resolution-citywide-hotel-special-permit-text-amendment-202106.pdf,2021-09-01,1,RESOLUTION,"RESOLUTION
Manhattan Community Board 10
RESOLUTION: To approve the Citywide Hotel Special Permit Text Amendment that
creates a consistent framework for hotel development and ensures that hotels do not
negatively affect the surrounding area.
WHEREAS, New York City Department of City Planning (hereafter known as ""DCP"") is
seeking approval of the Citywide Hotel Special Permit Text Amendment (hereafter known
as “Hotel Special Permit”) application, N210406ZRY, that creates a consistent framework
for commercial hotel development and ensures that hotels do not negatively affect the
surrounding area in the community; and
WHEREAS, DCP acknowledged that the rapid growth of new hotels throughout the city
led to a variety of special permits, including the adoption of a special permit in M1
districts in 2018. Consequently, different criteria in varying locations and zoning districts
was used to review hotel developments; and
WHEREAS, there are no special hotel permits located in Manhattan Community Board
10, the proposed Hotel Special Permit text amendment will support a more predictable
development throughout the city by replacing existing special district special permits with
the exception of the current M1 Hotel special permit; and
WHEREAS, on Thursday, May 20, 2021, the Land Use Committee of Manhattan
Community Board 10, after hearing all of the views, had the
additional concerns regarding DCP/CPC capacity to prevent hotels from converting to
luxury apartments, questioned whether the special permit limited the property to hotel use
only, and would there be an impact to existing hotels in CB 10, including the one currently
under construction; and
A0622021
WHEREAS, on May 25, 2021 DCP provided responses to the aforementioned questions
emphasizing that the text amendment is specific to hotels, but added that any property can
convert to any other as-of-right use as long as they go through the Department of
Buildings. Additionally, as of December 31, 2020, there are no hotels in the pipeline for
Manhattan CB 10 nor will the existing construction be impacted by the Hotel Special
Permit text amendment; and
WHEREAS, on June 17, 2021, during the Land Use Committee meeting to review and
discuss the Citywide Hotel Special Permit Text Amendment, the full board voted
unanimously to approve and support.
NOW THEREFORE, BE IT RESOLVED
Manhattan Community Board 10 APPROVES application N210406ZRY, the Citywide
Hotel Special Permit Text Amendment. During the June 17, 2021 General Board Meeting,
the board voted _29 Yes, _0_ No, _0 Abstention, and _0_ Recusal.
A0622021",0,6,1,regex_single_resolution
19d81a64-c65f-4594-96d0-d549183606f2,6cfc2167-08d4-50b7-8bda-1af29d647fa9,MCB10,https://cbmanhattan.cityofnewyork.us/cb10/wp-content/uploads/sites/11/2021/09/resolution-for-refurbishment-of-the-greg-marius-court-in-holcombe-rucker-park-final.pdf,2021-09-01,1,Resolution for Refurbishment of the Greg Marius Court in Holcombe Rucker Park – NYC,"Resolution for Refurbishment of the Greg Marius Court in Holcombe Rucker Park – NYC
Parks and the National Basketball Players Association
WHEREAS Holcombe Rucker Park (Park ID M216) is a 3.05 acre located on West 155th Street and
Frederick Douglass Boulevard in the Borough of Manhattan in Community Board 10; and
WHEREAS Many who played at the park in the Rucker Tournament achieved a level of fame for
their abilities, and several have gone on to play in the National Basketball Association (NBA); and
WHEREAS The park is named after Holcombe Rucker, a local teacher and a playground director
for the New York City Department of Parks and Recreation. Rucker started a basketball tournament
in 1950 in order to help less fortunate kids stay off the streets and aim for college careers; and
WHEREAS Ruckers gave black players an opportunity to play at a time when the NBA, founded in
1949, first started, there were only about 1 or 2 Blacks per team. There were few opportunities like
the Harlem Globe Trotters where teams of Blacks played together. And also players who didn't
have the opportunity to go to college had the opportunity to go to the Rucker to play; and
WHEREAS Although many professional basketball players have played at the court after gaining
prominence, many others developed their basketball skills at Rucker prior to becoming notable in
the sport, including: Kareem Abdul-Jabbar, Rafer Alston, Kenny Anderson, Nate Archibald, Metta
Sandiford-Artest, Sylvester Blye, Conney Hawkins, Roger Brown, Julius Erving, Bill Bradley, Joe
Hammond, Earl Manigault, Jackie Jackson, Richard “Pee Wee” Kirkland, Larry “Bone Collector”
Williams, Rafer “Skip to My Lou” Alston, Herman “Helicopter” Knowlings, Conrad “McNasty”
Macrae, Charlie Scott and Wilt Chamberlain; and
WHEREAS NYC Mayor Bill de Blasio joined former NBA players and celebrities on June 26th, 2017
for a ceremony to rename the court ""Greg Marius Court.""is named in honor of Gregory Marius
(1958-2017), founder and CEO of the popular Entertainers Basketball Classic at Rucker Park. Born
in Harlem on March 18, 1958, Gregory Alexander Marius was a lifelong Harlem resident; and
WHEREAS Greg Marius founded the Entertainers Basketball Classic in 1982, when he was a young
rapper in with the Disco Four. Initially organized as a tournament between rival hip-hop crews,
Marius’s basketball showcase ingeniously connected the worlds of basketball and hip-hop.
Expanding on Rucker Park’s existing history as a place where neighborhood talent could play
A060221
sports celebrities, Marius invited basketball stars to the weeks-long tournament. The growing
number of players from the National Basketball Association (NBA) drew enormous crowds, and in
1984 the tournament moved from Fred Samuel Playground (formerly Readers Digest Park) to
Holcombe Rucker Park. Since its founding, NBA superstars like Kobe Bryant, Allen Iverson,
Stephon Marbury, Lebron James, and Shaquille O'Neal have held court at the Classic. In the
1990s, Marius expanded his vision integrated entertainers like Michael Bivins, Fat Joe, Jay Z, P.
Diddy, Alicia Keys, Beyoncé, Rihanna, and Mary J. Blige in the program. Political and business
leaders such as United States President Bill Clinton and NBA Commissioner David Stern have also
joined the jubilant crowds at the Entertainers Basketball Classic; and
WHEREAS on Thursday, December 24th, 2020 wind gusts of 65 miles per hour [National Weather
Service] whipped through New York City along with heavy rains, which knocked over trees and
power lines. The wind gusts and rain impacted Holcombe Rucker Park; completely uprooting trees,
and damaging the Frederick Douglass side benches, basketball stand/rim and; and
WHEREAS New York City Parks has secured the Holcombe Rucker Park from further damage and
has provided protective barriers for the community; and
WHEREAS The National Association of Each One Teach One Rucker Pro Legends presented at the
Wednesday, April 14th Manhattan Community Board 10 Parks and Recreation Committee meeting
to introduce the project; and
WHEREAS The main features of the plan to refurbish the .26 acre court include: (1) custom-made
basketball goals, styled after the backboards and hoops in the 30 NBA arenas and practice
facilities; this will be the only outdoor court in the world with these high-quality goals, (2) a new
surface for the court, eliminating the cracks and other defects in the current pavement, (3) new
bleachers and team benches, (4) new scoreboard, (5) new gates and (6) repairs to the fence; and
WHEREAS The court will have the potential for events outside of basketball tournaments such as
concerts; and
WHEREAS The National Basketball Players Association and New York City Parks held a
Community Preview meeting on May 4th, 2021 to present design plans for refurbishment and
upgrade to the Greg Marius Basketball Court and to garner community feedback; and
WHEREAS The National Basketball Players Association and New York City Parks met with the CB
10 Parks and Recreation Committee on May 12th, 2021 to present design plans for refurbishment
and upgrade to the Greg Marius Basketball Court and to garner community feedback; and
WHEREAS The project has a budget of approximately $360,000, funded by the National Basketball
Players Association; and
WHEREAS New York City Parks and the National Basketball Players Association will oversee the
project design and construction; and
A060221
WHEREAS New York City Parks and the National Basketball Players Association will provide
maintenance and repairs to ensure that the new facility continues to serve the public at the highest
standard; and
WHEREAS The National Basketball Players Association will provide free and youth-focused staffed
programming which will be reassessed at the end of three years; and
WHEREAS Manhattan Community Board 10 also recommends the upgrade of the Holcombe
Rucker Park Playground and landscape to entail a Pro-Rucker Legend theme; and
WHEREAS The National Basketball Players Association and New York City Parks anticipate that
the project groundbreaking will take place on August 16th, 2021. Construction is expected to be
completed in October, 2021; and
WHEREAS The National Basketball Players Association is working with New York City Parks to
develop a plan to minimize inconvenience and to identify interim locations for all existing programs
including the National Association of Each One Teach One Rucker Pro Legends Summer Program
during the construction period; and
THEREFORE NOW be it resolved that on June 3, 2021, Manhattan Community Board 10 voted to
support the joint efforts of The National Basketball Players Association and New York City Parks to
upgrade the Greg Marius Basketball Court at Holcombe Rucker Park while preserving its renowned
character through these renovations with a vote of 40 in favor, 0 opposed and 0 abstentions 1
recusal.
A060221",0,21,1,regex_single_resolution
69d8fe5f-662d-4e0b-98f7-1a5a96b3e9a5,72a5322f-7a21-546c-a476-e0f4df2b4293,MCB10,https://cbmanhattan.cityofnewyork.us/cb10/wp-content/uploads/sites/11/2021/09/FINAL-Zoning-for-Accessibility-Final-Resolution-050621.pdf,2021-09-01,1,Resolution,"Resolution
Manhattan Community Board 10
RESOLUTION: To approve the Zoning for Accessibility Text Amendment that
will make the transit system more accessible to New York City residents.
WHEREAS, New York City Department of City Planning (hereafter known as
""DCP"") and Metropolitan Transportation Authority (hereafter known as “MTA”) is
seeking approval of the Zoning for Accessibility Text Amendment (hereafter
known as “ZFA”) application, N210270ZRY, that will allow the MTA to work
more efficiently with private developers to help achieve system-wide accessibility
more quickly; and
WHEREAS, most stations in the system were built before 1950, there are only
136 out of 492 subway stations, and 25 out of 39 Long Island Rail Road (hereafter
known as “LIRR”) and Metro-North Rail Road (hereafter known as “MNR”) that
are ADA accessible; and
WHEREAS, ZFA includes a system-wide transit easement requirement in
applicable zoning districts at or above R5 (with commercial overlay) and R5D
districts, C7 and C8, and all manufacturing districts, and an expanded transit
improvement bonus in high density areas for stations in R9 and R10 districts; and
WHEREAS, ZFA incentivizes station improvement through a new transit bonus
that would provide a floor area ratio (hereafter known as “FAR”) increase of up to
20% for significant improvements such as the installation of elevators and new
entrances, and would be subjected to a more simplified discretionary review and
approval process; and
WHEREAS, Manhattan Community Board 10 has 11 subway stations, of which 8
are eligible for the proposed easement (110th St, 116th, 135th, and 145th & Malcom
X. Blvd, 116th & 125th Street & St. Nicholas Ave., 148th Street & Adam Clayton
Powell, Jr. Blvd., and 155th Street & Frederick Douglass Blvd.), and 4 stations are
eligible for the expanded transit improvement bonus (110th Street & Cathedral
A050621
Pkwy, 125thand 135th Street & St. Nicholas Ave., and 125th Street & Malcolm X.
Blvd.); and
WHEREAS, currently there are only two stations (125th Street & St. Nicholas Ave.
and 135th Street & Malcolm X. Blvd.) in Manhattan Community Board 10 that are
fully ADA accessible, and the current MTA 2020-2024 Capital Program will only
provide full accessibility for one additional station located at 148th Street and
Adam Clayton Powell, Jr. Blvd.; and
WHEREAS, Manhattan Community Board 10 has recently completed and/or
current construction projects (i.e. the Circa Building, the Victoria Theater
Redevelopment that includes hotel and residential building, the Urban League
Empowerment Center, and 56 West 125th Street Apartments) near the 110th St.
Cathedral Pkwy and 125th St. Malcom X. Blvd. subway stations that will add
significant density and increase utilization, but will not benefit from ZFA; and
WHEREAS, on Thursday, April 22, 2021, the Land Use Committee of Manhattan
Community Board 10, after hearing all of the views, including written submissions
on the project voted 5 Yes, 0 No, 1 Abstention, and 0 Recusal to approve the
application with the following recommendations;
1. DCP and MTA should explore transforming all subway stations in
Manhattan Community Board 10 to full ADA accessibility.
2. For new residential developments within 500 ft. of stations eligible for the
FAR bonus, all apartment units within the bonus area should be 100%
affordable in addition to the number of apartment units designated under
mandatory inclusionary housing prior to receiving the bonus FAR.
3. Manhattan Community Board 10 should be consulted on all actions related
to ZFA and the subway stations located within the district.
WHEREAS, on April 28, 2021, The Executive Committee voted 10 Yes, 0 No, _0
Abstention, and 0 Recusal to approve the application with the aforementioned
recommendations.
A050621
NOW THEREFORE, BE IT RESOLVED
Manhattan Community Board 10 APPROVES application N210270ZRY, Zoning
for Accessibility Text Amendment with the recommendations listed below. During
the May 5, 2021 General Board Meeting, the board voted 30 Yes, 0 No,
0 Abstentions and 1 Recusal.
1. DCP and MTA should explore transforming all subway stations in
Manhattan Community Board 10 to full ADA accessibility.
2. For new residential developments within 500 ft. of stations eligible for the
FAR bonus, all apartment units within the bonus area s
3. hould be 100% affordable in addition to the number of apartment units
designated under mandatory inclusionary housing prior to receiving the
bonus FAR.
4. Manhattan Community Board 10 should be consulted on all actions related
to ZFA and the subway stations located within the district.
A050621",0,9,1,regex_single_resolution
7ffa2f9a-37ea-4f41-8fb0-4d56cdcefe5b,31fde916-ae72-5da9-8501-6a4d7b13700e,MCB10,https://cbmanhattan.cityofnewyork.us/cb10/wp-content/uploads/sites/11/2021/09/Judge-Sheila-Abdus-Salam-Street-Co-Naming.pdf,2021-09-01,1,Judge Sheila Abdus Salaam Street Co-Naming,"CITY OF NEW YORK
MANHATTAN COMMUNITY BOARD 10
215 West 125th Street, 4th Floor—New York, NY 10027
T: 212-749-3105 F: 212-662-4215
CICELY HARRIS
Chairperson
SHATIC MITCHELL
District Manager
MANHATTAN COMMUNITY BOARD 10
RESOLUTION
Judge Sheila Abdus Salaam Street Co-Naming
RESOLUTION: To support the street co-naming of West 131st Street between Adam Clayton Powell
Boulevard and Malcolm X Boulevard as “Judge Sheila Abdus Salaam Way”.
WHEREAS: During her 40-year legal career, Judge Sheila Abdus Salaam served tirelessly and
compassionately as a public servant, mentor, distinguished jurist and community leader. She was the
first African American woman appointed to New York’s Court of Appeals, the State’s highest court. She
was known for her support of aspiring lawyers, encouragement of new judges and her drive for
excellence.
WHEREAS: As a native of Washington, DC., Judge Abdus Salaam was one of seven children born to
Willena Turner and Alfred Brown. She attended the District of Columbia public schools, graduating from
Eastern Senior High School in 1970 as Salutatorian. She attended Barnard College on scholarship,
graduating in 1974. She was awarded her Juris Doctorate from Columbia Law School, in 1977, where
she was a Charles Evan Hughes Fellow.
WHEREAS: Judge Abdus Salaam started her legal career as a public defender at Brooklyn Legal
Services and then as Assistant Attorney General in the Civil Rights and Real Estate Financing
Bureaus of the New York State Attorney General’s office from 1980to 1988. Subsequently, she
became General Counsel of the New York City Division of Labor Services, serving until 1991.
WHEREAS: She was first elected a judge of the Civil Court of the City of New York in December 1991,
and then in 1993 and 2007, was elected a justice of the Supreme Court, First Department of the State
of New York. In March of 2009, she was appointed to the Supreme Court’s Appellate Division by
Governor David A. Patterson. In 2013, Governor Andrew M. Cuomo appointed her to the Court of
Appeals of New York State.
WHEREAS: Among her many notable legal opinions was her 2016 Court of Appeals decision in Matter of
Brooke S.B. vs. Elizabeth A.C. which expanded the legal definition of what it means to be a parent
effectively overturning a previous ruling in which the court had held that the non-biological parent in
same sex couple relationship had no standing to seek custody or visitation rights following a breakup.
She was known and respected as a jurist who with thoughtfulness, compassing and sensitivity, protected
the rights of the most vulnerable in society.
WHEREAS: Judge Sheila Abdus Salaam gave her time generously to the legal community, and formerly
served as president of the New York City Chapter of the National Conference of Black Lawyers Guild,
New York City Chapter.
WHEREAS: In the courtroom and in the community, Judge Abdus Salaam was a champion for justice.
Serving on the boards of Contemporary Guidance Services and Project Brownstone, as well as chair
emerita of the board of Harlem Legal Services and Women’s Housing and Economic Development
Corporation are a few examples of her commitment to community.
WHEREAS: The residents of the 100 block of West 131st Street remember her as a warm, friendly,
involved neighbor. She always found time for a friendly chat on her way home from her busty work
schedule. She participated in the block association meetings and activities. If she could not attend,
she would send a note and/or make a donation to the activity. Most enduring and missed is her
warm engaging spirit, coupled with a non-discriminating love for persons from all walks of life.
THEREFORE BE IT RESOLVED that Manhattan Community Board 10 wishes to remember Judge Sheila
Abdus Salaam by formally requesting that the New York City Council and the Mayor of New York City
enact legislation to support the co-naming of West 131st Street between Adam Clayton Powell Boulevard
and Malcolm X Boulevard to “Judge Sheila Abdus Salaam Way” on February 3, 2021 by a vote of 37 YES;
0 NO; 0 ABSTENTION; and 0 recusals.",0,8,1,regex_single_resolution
74912871-3423-4bdf-a746-b702a51bed06,8f4f5ec1-671e-5bd8-a8b5-e9b4481a7a2b,MCB10,https://cbmanhattan.cityofnewyork.us/cb10/wp-content/uploads/sites/11/2021/03/central_harlem_open_door_and_ncp_cluster_resolution_final.pdf,2021-03-01,1,Central Harlem Open Door & NCP Cluster Resolution,"CITY OF NEW YORK
MANHATTAN COMMUNITY BOARD 10
215 West 125th Street, 4th Floor—New York, NY 10027
T: 212-749-3105 F: 212-662-4215
CICELY HARRIS
Chairperson
SHATI C MITCHELL
District Manager
Central Harlem Open Door/Neighborhood Construction Program
(NCP) Resolution
Manhattan Community Board 10
RESOLUTION: To approve the Central Harlem Open Door/Neighborhood Construction
Program (NCP) Cluster Certification seeking the designation of an Urban Development Action
Area (UDAA), approval of an Urban Development Action Area Project (UDAAP), and the
disposition of City-owned property.
Whereas, New York City Housing Preservation & Development (hereafter known as ""HPD"")
Division of Planning and Predevelopment, Iris Development, and Lemor Development Group
are seeking approval of a Uniform Land Use Review Procedure (hereafter known as
""ULURP"") application, C200277-HAM, C200278-HAM, and C200279-HAM for the Central
Harlem Open Door/NCP Cluster Certification. The application is to approve the designation
of an Urban Development Action Area (UDAA), an Urban Development Action Area Project
(UDAAP), and the disposition of City-owned property; and
Whereas, Iris Development and Lemor Development Group are Minority Business Enterprises
(MBE) that develop affordable housing, worked with Curtis Ginsberg Architects, a Women
Business Enterprise (WBE) to develop three 4-story buildings, seven 6-story buildings, and one
10-story building that will be HPD and Enterprise Green Communities Standard compliant; and
Whereas, there are eleven sites located in Manhattan Community Board 10 and one in
Manhattan Community Board 11 mainly clustered around 135th Street and 145th Street
stations, that are currently empty, narrow lots between 16'8"" to 33'3"" wide; and
Whereas, Lemor Development Group stated that the project is financed with the Neighborhood
Construction Program for rentals, and the Open Door Program for home ownership, based on
2020 rates that are developed annually and subject to change; and
Whereas, the NCP Program will provide 78 affordable housing rental units with AMIs between
27% and 77%, for family sizes of 1-4 individuals with income ranges from $23,880 to $90,960,
with monthly rents from $433 - $751 at the 27% AMI level to $1286 - $2229 at the 80% AMI
level for studio to 3-bedroom apartments respectively, with 10% of the apartments set aside for
the homeless; and
Whereas, the Central Harlem Open Door Program will provide 48 affordable home
ownership units with AMIs between 80% and 130%, for family sizes of 1-4 individuals
with income ranges from $90,960 (80% AMI) to $147,810 (130% AMI), with a monthly
maintenance of $365 - $978 for studio to 3-bedroom units respectively; and
Whereas, the buildings located on the wide lots will have elevator access and ADA accessibility
on all floors, an onsite laundry room, and a bicycle storage room, while the buildings located
on the narrow lots will have all of the aforementioned features but will only have ADA
accessibility on the ground floor with other ADA amenities in the kitchens and bathrooms of
the apartments on the upper floors; and
Whereas, the buildings will be contextually similar to other buildings in the neighborhood, the
apartments will have individualized heating and cooling units, as well as ample natural daylight
in the living rooms and bedrooms; and
Whereas, Manhattan Community Board 10 has 60 days to review the Central Harlem Open
Door/NCP Cluster Certification application and render an opinion on same, which such time to
review began on October 14, 2020; and
Whereas, Community Board 10 through its Land Use Committee held two public meetings on
October 15, 2020 and November 19, 2020, respectively, affording HPD, Lemor Development
Group, and Iris Development the opportunity to present to the board and the public, and
affording the community at large to review said applications and comment; and
Whereas, on November 19, 2020, the Land Use Committee after hearing all of the views, including
written submissions, for and against the project voted 11 Yes, 0 No, 0 Abstention, and 0 Recusal
to approve the application; and
Whereas, on December 1, 2020, The Executive Committee voted 7 Yes, 0 No, 1 Abstention,
and 1 Recusal to approve the application.
NOW THEREFORE, BE IT RESOLVED
Community Board 10 APPROVES C200277-HAM, C200278-HAM, and C200279-HAM
applications for designation of an Urban Development Action Area (UDAA), approval of an
Urban Development Action Area Project (UDAAP), and the disposition of City-owned property
for the Central Harlem Open Door/NCP Cluster Certification. During the December 2, 2020
General Board Meeting, the board voted 19 Yes, 6 No, 2 Abstention, and 1 Recusal.",0,12,1,regex_single_resolution
a3255f3b-2448-485d-9841-f6a921365e86,43320a9c-cf69-5e7f-8458-304fe2cece3b,MCB10,https://cbmanhattan.cityofnewyork.us/cb10/wp-content/uploads/sites/11/2021/03/resolution_to_support_exhibit_in_central_park_to_commemorate_the_exonerated_five_and_social_justice_.pdf,2021-03-01,1,Resolution to Support Exhibit in Central Park to Commemorate the Exonerated Five and Social Justice,"CITY OF NEW YORK
MANHATTAN COMMUNITY BOARD 10
215 West 125th Street, 4th Floor—New York, NY 10027
T: 212-749-3105 F: 212-662-4215
Resolution to Support Exhibit in Central Park to Commemorate the Exonerated Five and Social
Justice
WHEREAS The Exonerated Five, formerly known as The Central Park Five, are five black and Latino
teenagers from Harlem who were wrongfully convicted and prosecuted for the brutal and vicious
raping of a white woman in Central Park in 1989. The five teenagers; Antron McCray (15), Kevin
Richardson (15), Raymond Santana (14), Korey Wise (16), and Yusef Salaam (15) were subjected
to life devastating consequences as a result of this miscarriage of justice. The minors were de-
tained for hours before their parents were called. They were coerced into making confessions to
the rape and beating of the female jogger Trisha Meili, after many hours of aggressive interroga-
tion at the hands of seasoned homicide detectives. The youth later recanted, plead not guilty
and insisted on their innocence. The four were then tried as youth, while the eldest as an adult
under New York laws of the day and convicted, despite inconsistent and inaccurate confessions,
DNA evidence that excluded them, and no eyewitness accounts that connected them to the vic-
tim. The five youth served their complete sentences; between 6 and 13 years, before another
man, serial rapist Matias Reyes, admitted to the crime. DNA testing substantiated Reyes’ con-
fession. The experience not only impacted the lives of the youth and their families but had re-
sounding ramifications throughout the Harlem community which are still being felt today; and
WHEREAS In May 1989, real estate developer (who was sworn in as U.S. President in January
2017), Donald Trump took out full-page ads in The New York Times, the New York Daily News,
the New York Post and New York Newsday with the headline, ""Bring Back The Death Penalty.
Bring Back Our Police!""; calling for the execution of the innocent youth; and
WHEREAS The brutal beating and rape of a white woman in New York City's Central Park pro-
voked public outrage and sensational headlines during the prosecution and conviction of the five
youth defendants, promoting a proliferation of racial stereotyping and stigma to the youth of the
Harlem community as well as nation-wide; and
WHEREAS On December 19th, 2002, New York State Supreme Court Justice Charles J. Tejada
vacated the convictions of the five previously accused youth. He did so based on new evidence:
a shocking confession from a serial rapist, Matias Reyes, and a positive DNA substantiating match
to evidence found at the crime scene. The young men, who had survived a horrific injustice and
violation of their young lives, were exonerated. A year later, the men filed civil lawsuits against
the City of New York, and the police officers and prosecutors who had worked toward their con-
viction. On June 19th, 2014, NYC agreed to a settlement; and
WHEREAS When the five former teens convicted in the case were finally exonerated, many com-
munity leaders decried the miscarriage of justice that sent the Central Park Five to prison. The
case became a flashpoint for illustrating racial disparities in sentencing and the inequities at the
heart of the criminal justice system; and
WHEREAS The experience of the Exonerated Five and their families was not exceptional. It fits an
historical pattern of unjust arrests and wrongful convictions of black and Latino young men in the
United States. We must understand this pattern to be able to channel the recently newfound
interest in the case into the necessary systemic reforms; and
WHEREAS The Manhattan Community Board 10 Parks and Recreation Committee has been ad-
dressing a community-based advocacy, first voiced by the community on October 2nd, 2019, for
the installation of an educational exhibit based on social justice and a commemoration to the
resiliency of the Exonerated Five to be located in Central Park; and
WHEREAS The Manhattan Community Board 10 Executive Committee authorized the formation
of a Parks and Recreation subcommittee on March 25th, 2020 to facilitate the process to install
an educational and permanent exhibit, based on social justice and commemorating the resiliency
of the Exonerated Five to be located in Central Park; and
WHEREAS the Manhattan Community Board 10 Parks and Recreation subcommittee will facilitate
a process designed to discern through a diverse dialogue information that will inform the format
and content of a permanent exhibit to be located in NYC Central Park. The subcommittee will
flesh out objectives, goals and corresponding stakeholders and community partners to bring the
project to fruition; and
WHEREAS The Manhattan Community Board 10 Parks and Recreation Committee has facilitated
discussions with community stakeholders, elected officials, city and state agencies and not-for-
profits to solidify a broad-based and diverse subcommittee to bring to fruition a permanent ex-
hibit to be located in Central Park on March 11th, 2020, April 8th, 2020 and May 26th, 2020; and
THEREFORE BE IT RESOLVED that Manhattan Community Board 10 supports the installation of a
permanent exhibit to commemorate the Exonerated Five to be located in NYC Central Park.",0,10,1,regex_single_resolution
f835ff3c-b33e-4803-a798-30eddddd48af,ef10faf4-ef41-56f1-a0c6-44e135501764,MCB10,https://cbmanhattan.cityofnewyork.us/cb10/wp-content/uploads/sites/11/2021/03/hehurp_resolution-.pdf,2021-03-01,1,HEHURP ULURP Resolution,"CITY OF NEW YORK
MANHATTAN COMMUNITY BOARD 10
215 West 125th Street, 4th Floor—New York, NY 10027
T: 212-749-3105 F: 212-662-4215
CICELY HARRIS
Chairperson
SHATIC MITCHELL
District Manager
Resolution to Approve the 16th Amendment of the Harlem East Harlem Urban
Renewal Plan
Whereas, New York City Housing Preservation & Development (hereafter known as “HPD”)
Division of Planning and Predevelopment is seeking approval of a Uniform Land Use Review
Procedure (hereafter known as “ULURP”) application, C210067-HUM, for the 16th Amendment
of the Harlem East Harlem Urban Renewal Plan. The application is to amend the Harlem East
Harlem Urban Renewal Plan to extend it for 40 years; and
Whereas, the Urban Renewal Law gives the City the ability to acquire and convey sites for
redevelopment in accordance with an Urban Renewal Plan wherein the plan assigns sites for
certain land uses and depending on the plan, may establish additional design controls; and
Whereas, the Harlem East Harlem Urban Renewal Plan was established in 1968 and expires
December 2020 includes the Urban Renewal Area that is bounded by East 106th Street to the
south, FDR Drive to the east, Madison, Park, Lexington, and Fifth Avenues to the west, and the
Harlem River Drive at East 132nd Street to the north; and
Whereas, the Harlem East Harlem Urban Renewal Plan has been amended fifteen times, most
recently in 2008 to include several site-specific design controls that affect certain parcels still
under City ownership, and are listed in the HPD HEHURP application and presentation; and
Whereas, all other sites are located in Manhattan Community Board 11 (hereafter known as
“CB11”) with the exception of one site that is located in Community Board 10 listed in Exhibit
A of the HEHURP application, Site 108 that is located at 338 Lenox Avenue (at West 127th
Street), Block 1724 Lot 69, which was acquired and conveyed by the City in 1981, and is the
present home of Harlem Church of Christ; and
Whereas, as part of our due diligence, members of Community Board 10 also attended CB 11
Land Use Meeting on October 14, 2020, and their Public Hearing on October 27, 2020 to further
understand the potential impact of the proposed amendment; and
Whereas, CB 11 engaged George M. Janes & Associates (hereafter known at GMJ&A), a
specialty planning firm with expertise in zoning, simulation and visualization, and statistics and
quantitative modeling, to review and analyze the HEHURP application; and
Whereas, during the October 14, 2020 CB 11 Land Use Committee Meeting, GMJ&A
facilitated a presentation that outlined the pros and cons of Urban Renewal Plans that included
potential examples of as-of-right developments with building heights of up to 1300’, 10 FAR
utilization, building bases that were not bulky, and/or open space on green roofs that were not
publicly accessible; and
Whereas, Community Board 10 has 60 days to review the HEHURP application and render an
opinion on same, which such time to review began on September 23, 2020; and
Whereas, Community Board 10 through its Land Use Committee held two public hearings on
October 15, 2020 and November 4, 2020, respectively, affording HPD the opportunity to present
its renewal plans to the board and the public, and affording the community at large to review said
applications and comment; and
Whereas, on October 15, 2020, the Land Use Committee after hearing all of the views,
including written submissions, for and against the project voted 6 Yes, 4 No to approve the
application with conditions to be developed after committee members attended the CB 11 Public
Hearing on October 27, 2020; and
Whereas, on October 28, 2020, The Executive Committee voted 14 Yes, 0 No, 0 Abstention,
and 0 Recusal to approve the application.
NOW THEREFORE, BE IT RESOLVED
Community Board 10 APPROVES the C210067-HUM application for the 16th Amendment of
the Harlem East Harlem Urban Renewal Plan. During the November 4, 2020 General Board
Meeting, the board voted 31 Yes, 1 No, and 1 Recusal.",0,12,1,regex_single_resolution
7911230a-57f2-4edf-b0ad-7e9604c9027d,82081eb3-09b9-5efe-9a25-9604b1bc60a8,MCB10,https://cbmanhattan.cityofnewyork.us/cb10/wp-content/uploads/sites/11/2021/03/resolution_to_support_exhibit_in_central_park_to_commemorate_the_exonerated_five_and_social_justice.pdf,2021-03-01,1,Resolution to Support Exhibit in Central Park to Commemorate the Exonerated Five and Social Justice,"CITY OF NEW YORK
MANHATTAN COMMUNITY BOARD 10
215 West 125th Street, 4th Floor—New York, NY 10027
T: 212-749-3105 F: 212-662-4215
CICELY HARRIS
Chairperson
SHATIC MITCHELL
District Manager
Resolution to Support Exhibit in Central Park to Commemorate the Exonerated
Five and Social Justice
WHEREAS The Exonerated Five, formerly known as The Central Park Five, are five
black and La-tino teenagers from Harlem who were wrongfully convicted and
prosecuted for the brutal and vicious raping of a white woman in Central Park in
1989. The five teenagers; Antron McCray (15), Kevin Richardson (15), Raymond
Santana (14), Korey Wise (16), and Yusef Salaam (15) were subjected to life
devastating consequences as a result of this miscarriage of justice. The minors were
detained for hours before their parents were called. They were coerced into mak-ing
confessions to the rape and beating of the female jogger Trisha Meili, after many
hours of aggressive interrogation at the hands of seasoned homicide detectives. The
youth later re-canted, plead not guilty and insisted on their innocence. The youth were
tried as adults under New York laws of the day and convicted, despite inconsistent
and inaccurate confessions, DNA evidence that excluded them, and no eyewitness
accounts that connected them to the victim. The five youth served their complete
sentences; between 6 and 13 years, before another man, serial rapist Matias Reyes,
admitted to the crime. DNA testing substantiated Reyes’ confession. The experience
not only impacted the lives of the youth and their families but had resounding
ramifications throughout the Harlem community which are still being felt today; and
WHEREAS In May 1989, real estate developer (who was sworn in as U.S. President
in January 2017), Donald Trump took out full-page ads in The New York Times, the
New York Daily News, the New York Post and New York Newsday with the
headline, ""Bring Back The Death Penalty. Bring Back Our Police!""; calling for the
execution of the innocent youth; and
WHEREAS The brutal beating and rape of a white woman in New York City's
Central Park pro-voked public outrage and sensational headlines during the
prosecution and conviction of the five youth defendants, promoting a proliferation of
racial stereotyping and stigma to the youth of the Harlem community as well as
nation-wide; and
WHEREAS On December 19th, 2002, New York State Supreme Court Justice
Charles J. Tejada vacated the convictions of the five previously accused youth. He did
so based on new evidence: a shocking confession from a serial rapist, Matias Reyes,
and a positive DNA substantiating match to evidence found at the crime scene. The
young men, who had survived a horrific injus-tice and violation of their young lives,
were exonerated. A year later, the men filed civil law-suits against the City of New
York, and the police officers and prosecutors who had worked to-ward their
conviction. On June 19th, 2014, NYC agreed to a settlement; and
WHEREAS When the five former teens convicted in the case were finally
exonerated, many community leaders decried the miscarriage of justice that sent the
Central Park Five to prison. The case became a flashpoint for illustrating racial
disparities in sentencing and the inequities at the heart of the criminal justice system;
and
WHEREAS The experience of the Exonerated Five and their families was not
exceptional. It fits an historical pattern of unjust arrests and wrongful convictions of
black and Latino young men in the United States. We must understand this pattern to
be able to channel the recently new-found interest in the case into the necessary
systemic reforms; and
WHEREAS The Manhattan Community Board 10 Parks and Recreation Committee
has been ad-dressing a community-based advocacy, first voiced by the community on
October 2nd, 2019, for the installation of an educational exhibit based on social
justice and a commemoration to the resiliency of the Exonerated Five to be located in
Central Park; and
WHEREAS The Manhattan Community Board 10 Executive Committee authorized
the formation of a Parks and Recreation subcommittee on March 25th, 2020 to
facilitate the process to install an educational and permanent exhibit, based on social
justice and commemorating the resiliency of the Exonerated Five to be located in
Central Park; and
WHEREAS the Manhattan Community Board 10 Parks and Recreation
subcommittee will facilitate a process designed to discern through a diverse dialogue
information that will inform the format and content of a permanent exhibit to be
located in NYC Central Park. The subcommittee-tee will flesh out objectives, goals
and corresponding stakeholders and community partners to bring the project to
fruition; and
WHEREAS The Manhattan Community Board 10 Parks and Recreation Committee
has facilitated discussions with community stakeholders, elected officials, city and
state agencies and not-for-profits to solidify a broad-based and diverse subcommittee
to bring to fruition a permanent exhibit to be located in Central Park on March 11th,
2020, April 8th, 2020 and May 26th, 2020; and
THEREFORE BE IT RESOLVED that on June 3, 2020 Manhattan Community
Board 10 supports the installation of a permanent exhibit to commemorate the
Exonerated Five to be located in NYC Central Park with a vote in favor of 48 yes 0 no
0 abstentions.",0,10,1,regex_single_resolution
fa8f1388-11e9-4b11-819a-a629c2154b62,4137ae93-1e11-5b3f-9d5f-fcd9fe472129,MCB10,https://cbmanhattan.cityofnewyork.us/cb10/wp-content/uploads/sites/11/2021/03/resolution_conservatory_garden_and_dairy_access_path.pdf,2021-03-01,1,Conservatory Garden and  Dairy Access Path Resolution,"CITY OF NEW YORK
MANHATTAN COMMUNITY BOARD 10
215 West 125th Street, 4th Floor—New York, NY 10027
T: 212-749-3105 F: 212-662-4215
CICELY HARRIS
Ch airperson
SHATIC MITCHELL
District Manager
Resolution for NYC Parks - Central Park Conservancy/ Conservatory Garden and
Dairy Access Path Renovation Projects
WHEREAS the Conservatory Garden is a 6-acre formal garden in the northeastern corner
of Central Park. It is located between 104th and 106th Streets west of Fifth Avenue. The
Conservatory Garden takes its name from a conservatory that stood on the site from 1898
to 1935 The wrought-iron Vanderbilt Gate was made in Paris in 1894 and originally
stood at Fifth Avenue’s Vanderbilt Mansion; and
WHEREAS The proposed reconstruction of the Conservatory Garden would include the
in-kind restoration of pavement, curbs and drainage, retaining walls, stairs and pergola.
Modifications would consist of replacement of concrete pavement and accessibility
improvements; and
WHEREAS The interior bluestone of the Conservatory Garden would be replaced in-
kind; and
WHEREAS The original bluestone on the perimeter path was replaced with concrete in
1969; and
WHEREAS The existing concrete pavement along the perimeter of the Conservatory
Garden would be replaced with original bluestone pavement; and
WHEREAS To the north, the French-style Garden offers spectacular seasonal displays of
tulips each spring and Korean chrysanthemums in autumn, all within an ellipse of
Japanese holly. At the Garden's center stands the Untermyer Fountain, featuring the
Three Dancing Maidens by German sculptor Walter Schott; and
WHEREAS The proposed reconstruction would make the French Garden universally
accessible; and
WHEREAS The accessible ramp section would: (1) install accessible ADA ramp and
handrail, and (2) extend the existing cheek-wall while lowering the path up to three
inches to create the ramp; and
WHEREAS The Untermyer Fountain basin depth will be reduced to 18 inches; and
WHEREAS The project proposes drainage at the garden’s perimeter fence and will
include modification of the grade to collect surface runoff from the mount; and
WHEREAS The Conservatory Garden will be reconstructed to ensure its longevity and
increase accessibility and access for communities around the north eastern segment of
Central Park; and
WHEREAS The Dairy, located mid-park at 65th Street serves as a general visitor center
and provides the public with information on the design of Central Park, current park
events and programs; and
WHEREAS The Dairy, designed by Vaux and erected in 1870, is a combination of
architectural styles that have been characterized as Victorian Gothic. The Dairy consists
of a roofed open gallery, or loggia, made of wood with geometric gingerbread borders.
When it was built the Dairy was designed to provide a view of the Pond, but now it
serves to provide a view of Wollman Rink; and
WHEREAS the project proposes the replacement of the bluestone paving bands in-kind
in the loggia; and
WHEREAS the project proposes the installation of brick pavers in herringbone pattern;
and
WHEREAS Central Park Conservancy has met with other surrounding Community
Boards 8, 9 and 11 who are pending supportive resolutions; and
WHEREAS The Conservatory Garden restoration project has a budget of $10 million and
is completely funded; and
WHEREAS The Dairy Access Path renovation project has a budget of $1 million and is
completely funded; and
WHEREAS The Central Park Conservancy and New York City Parks anticipate that the
Conservatory Garden restoration project will be implemented in segments with temporary
closures of the reconstruction site while unaffected Conservatory Garden areas will
remain open. The construction is expected to begin in the Fall around October and
completed in 2022. The Conservancy is working with NYC Parks to develop a plan to
minimize inconvenience and to identify interim locations for existing programs during
the construction period; and
WHEREAS The Dairy Access Path will be rebuilt to better integrate into the landscape
and increase accessibility and access for communities around Central Park; and
WHEREAS The Dairy Access Path renovation project is anticipated to begin in May
2020 and completed by Spring 2021. Park goers will be directed to an alternate site for
visitor information; and
WHEREAS Central Park Conservancy met with the Parks and Recreation Committee on
April 8th, 2020 to present proposed design plans for the Conservatory Garden and Dairy
Access Path to garner community feedback; and
WHEREAS the Parks and Recreation Committee voted unanimously to support the
Resolution; and
THEREFORE NOW BE IT RESOLVED that on May 6, 2020 Manhattan Community
Board 10 supports the joint efforts of New York City Parks and Central Park
Conservancy to upgrade the Conservatory Garden and Dairy Access Path through new
designs and reconstruction, with a vote of 37 in favor, 0 opposed and 0 abstentions.",0,23,1,regex_single_resolution
bd8d9cd3-b9c4-4781-8b79-0bf8c3e057a2,f6c115f3-8ace-5fe2-b36d-30bd4e1a368b,MCB10,https://cbmanhattan.cityofnewyork.us/cb10/wp-content/uploads/sites/11/2021/03/althea_gibson_street_co_naming.pdf,2021-03-01,1,Althea Gibson Street Co-Naming Resolution,"CITY OF NEW YORK
MANHATTAN COMMUNITY BOARD 10
215 West 125th Street, 4th Floor—New York, NY 10027
T: 212-749-3105 F: 212-662-4215
CICELY HARRIS
Chairperson
SHATIC MITCHELL
District Manager
MANHATTAN COMMUNITY BOARD 10
RESOLUTION
Althea Gibson Street Co-Naming
RESOLUTION: To support the street co-naming of West 143rd Street between Adam Clayton Powell
Boulevard and Malcolm X Boulevard as “Althea Gibson Way”.
WHEREAS: Althea Neale Gibson was born on August 25, 1927, in Silver, South Carolina. Gibson blazed a
new trail in the sport of tennis, winning some of the sport's biggest titles in the 1950s, and broke racial
barriers in professional golf as well.
WHEREAS: At a young age, Gibson moved with her family to Harlem, and lived at 135 W. 143rd Street.
Gibson's life at this time had its hardships. Her family struggled to make ends meet, living on public
assistance for a time, and Gibson struggled in the classroom, often skipping school altogether.
However, Gibson loved to play sports — especially table tennis — and she soon made a name for
herself as a local table tennis champion. Her skills were eventually noticed by musician Buddy Walker,
who invited her to play tennis on local courts.
WHEREAS: After winning several tournaments hosted by the local recreation department, Gibson
was introduced to the Harlem River Tennis Courts in 1941. Incredibly, just a year after picking up
a racket for the first time, she won a local tournament sponsored by the American Tennis
Association, an African American organization established to promote and sponsor tournaments
for black players. She picked up two more ATA titles in 1944 and 1945. Then, after losing one
title in 1946, Gibson won 10 straight championships from 1947 to 1956. Amidst this winning
streak, she made history as the first African American tennis player to compete at both the U.S.
National Championships (1950) and Wimbledon (1951).
WHEREAS: Gibson's success at those ATA tournaments paved the way for her to attend Florida A&M
University on a sports scholarship. She graduated from the school in 1953, but it was a struggle for
her to get by. At one point, she even thought of leaving sports altogether to join the U.S. Army. A
good deal of her frustration had to do with the fact that so much of the tennis world was closed off to
her. The white-dominated, white-managed sport was segregated in the United States, as was the
world around it.
WHEREAS: The breaking point came in 1950, when Alice Marble, a former tennis No. 1 herself, wrote a
piece in American Lawn Tennis magazine lambasting her sport for denying a player of Gibson's caliber
to compete in the world's best tournaments. Marble's article caught notice, and by 1952 — just one
year after becoming the first black player to compete at Wimbledon — Gibson was a Top 10 player in
the United States. She went on to climb even higher, to No. 7 by 1953.
WHEREAS: In 1955, Gibson and her game were sponsored by the United States Lawn Tennis
Association, which sent her around the world on a State Department tour that saw her compete in
places like India, Pakistan and Burma. Measuring 5 feet, 11 inches, and possessing superb power and
athletic skill, Gibson seemed destined for bigger victories.
WHEREAS: In 1956, it all came together when she won the French Open. Wimbledon and U.S. Open
titles followed in both 1957 and 1958. (She won both the women's singles and doubles at Wimbledon
in 1957, which was celebrated by a ticker-tape parade when she returned home to New York City.) In
all, Gibson powered her way to 56 singles and doubles championships before turning pro in 1959.
For her part, however, Gibson downplayed her pioneering role. ""I have never regarded myself as a
crusader,"" she states in her 1958 autobiography, I Always Wanted to Be Somebody. ""I don't consciously
beat the drums for any cause, not even the negro in the United States.""
WHEREAS: As a professional, Gibson continued to win — she landed the singles title in 1960 — but
just as importantly, she started to make money. She was reportedly paid $100,000 for playing a
series of matches before Harlem Globetrotter games. For a short time, too, the athletically gifted
Gibson turned to golf, making history again as the first black woman ever to compete on the pro
tour.
WHEREAS: Following her retirement, in 1971, Gibson was inducted into the International Tennis Hall
of Fame. She stayed connected to sports, however, through several service positions. Beginning in
1975, she served 10 years as commissioner of athletics for New Jersey State. She was also a member
of the Governor's Council on physical fitness.
WHEREAS: Once given the chance, she became a champion, a role model – and an icon. She became
somebody. Somebody special. Through her talents and tenacity, Althea Gibson opened doors and
opened minds.
THEREFORE BE IT RESOLVED that Manhattan Community Board 10 wishes to remember Althea Gibson
by formally requesting that the New York City Council and the Mayor of New York City enact legislation
to support the co-naming of West 143rd Street between Adam Clayton Powell Boulevard and Malcolm X
Boulevard to “Althea Gibson Way” on April 1, 2020 by a vote of 29 YES; 0 NO; 0 ABSTENTION; and 0
recusals.",0,10,1,regex_single_resolution
8aea5e72-4f49-4619-9142-91695bd5a039,74842088-e7fb-508f-af6b-2e98b7bf27cb,MCB10,https://cbmanhattan.cityofnewyork.us/cb10/wp-content/uploads/sites/11/2021/03/lamont_big_l_coleman_way_co_naming.pdf,2021-03-01,1,Lamont “Big L” Coleman Way Street Co-Naming,"CITY OF NEW YORK
MANHATTAN COMMUNITY BOARD 10
215 West 125th Street, 4th Floor—New York, NY 10027
T: 212-749-3105 F: 212-662-4215
CICELY HARRIS
Chairperson
SHATIC MITCHELL
District Manager
MANHATTAN COMMUNITY BOARD 10
RESOLUTION
“Lamont “Big L” Coleman Way”
RESOLUTION: To support the co-naming at the Northwest corner of West 140th Street and Malcolm X
Boulevard to “Lamont “Big L” Coleman Way.”
WHEREAS: Lamont Coleman Phinazee, known professionally as “Big L”, was an American rapper. He is
widely regarded as one of the greatest and most lyrical rappers of all time.
WHEREAS: Lamont Coleman was born in Harlem, New York City, on May 30, 1974, the third and
youngest child of Gilda Terry and Charles Davis. He also had a Step-Father, Mr. Phinazee and two older
siblings, Donald Phinazee and Leroy Phinazee. As a child, Coleman was affectionately referred to as
""Mont Mont"".
WHEREAS: Coleman attended Julia Richman High School. While in high school, Coleman freestyle
battled in his hometown of Harlem; in his last interview, he stated, ""in the beginning, all I ever
saw me doing was battling everybody on the street comers, rhyming in the hallways, beating on
the wall, rhyming to my friends. Every now and then, a house party, grab the mic, a block party,
grab the mic."" He graduated in from high school in 1992.
WHEREAS: Emerging from Harlem, New York in the early to mid-1990s, Coleman became well known
amongst underground hip-hop fans for his freestyling ability, and was eventually signed to Columbia
Records, where he released his debut album, “Lifestylez of Da Poor & Dangerous” in 1995, which is
now considered by many fans as a classic album. He was notable for using a rap style called
""compounding"".
WHEREAS: On February 15, 1999, Coleman was a victim of violence and was killed by an unknown
assailant in his hometown of Harlem. This loss of life was something that has been felt by many in his
Harlem neighborhood, as well as, felt around the entire world of music. Many luminaries of the music
business along with fans came to Coleman’s funeral to pay their respects.
WHEREAS: Many tributes have been given to Coleman. The first was by Lord Finesse and the other
members of DITC on March 6, 1999 at the Tramps. The Source has done multiple tributes to him: first in
July 2000 followed by March 2002. XXL Magazine did a tribute to Lamont in March 2003. In 2004, Eminem
made a tribute to him in his music video for his single, “Like Toy Soldiers”. Jay Z had stated in an interview
with MTV, ""We were about to sign him right before he passed away. We were about to sign him to Roc-
a-Fella. It was a done deal...I think he was very talented...! think he had the ability to write big, and big
choruses.
WHEREAS: Noted for his use of wordplay, multiple publications AllMusic, HipHopDX and The Source
have praised Coleman for his lyrical ability. He has also been described by Henry Adaso, a music
journalist for “About.com”, as ""one of the most auspicious storytellers in hip hop history."" Regarding
Coleman's legacy, Nas said on MTV, ""Yo, it's no way I can compete if this is what I gotta compete
with."" HipHop DX called Coleman ""the most underrated lyricist ever"".
WHEREAS: Some of his lyrics seemed to glorify and promote violence and the objectification of women
however it is noted that Big L spoke to the reality that he lived. He also recorded messages of hope and
positively facing the challenges of urban life for a young black man in America.
WHEREAS: A mural has been constructed on 140th Street and Malcolm X Boulevard, this mural has
become a well-recognized tourist attraction in Harlem. This mural receives visits from people as far
away as Japan and many other foreign countries. Upwards of 4,000 international tourists visit the mural
annually, which is evident that Big L's impact reached far beyond the corridors of Harlem.
THEREFORE BE IT RESOLVED that Manhattan Community Board 10 wishes to remember Lamont “Big L”
Coleman by formally requesting that the New York City Council and the Mayor of New York City enact
legislation to support the co-Naming of the Northwest Corner of West 140th Street and Malcolm X
Boulevard to “Lamont “Big L” Coleman Street” on February 5, 2020 by a vote of 31 YES; 1 NO; 0
ABSTENTION; and 0 recusals.",0,9,1,regex_single_resolution
85fa8cd0-4d0c-4c4c-8327-83f1c460dc5c,45fe05be-26fd-581d-a642-11d6b13a0bca,MCB10,https://cbmanhattan.cityofnewyork.us/cb10/wp-content/uploads/sites/11/2021/03/green_thumb_community_gardens_license_resolution.pdf,2021-03-01,1,NYC Parks Green Thumb Community Gardens License,"CITY OF NEW YORK
MANHATTAN COMMUNITY BOARD 10
215 West 125th Street, 4th Floor—New York, NY 10027
T: 212-749-3105 F: 212-662-4215
CICELY HARRIS
Chairperson
SHATIC MITCHELL
District Manager
Resolution - NYC Parks Green Thumb Community Gardens License
WHEREAS NYC Parks GreenThumb was initiated in response to the city’s financial crisis of the
1970s, which resulted in the abandonment of public and private land. The majority of
GreenThumb gardens were derelict vacant lots renovated by volunteers. These community
gardens, now managed by neighborhood residents, provide important green space, thus
improving air quality, bio–diversity, and the well–being of residents; and
WHEREAS The GreenThumb License, which must be renewed every four years was recently
revised. Many of the newly added clauses are most concerning and unacceptable to the
community gardeners, and it is alleged by the gardeners that the City is actively attempting to
force community gardeners to sign via perceived threats and harassment to lock them out of
the gardens if they do not sign - the vast majority of whom are from low-income communities
and historically marginalized communities of color. The gardeners see this as a potential for
accelerating community garden appropriation. Two of the six new clauses which the gardeners
find most egregious, according to NYC Community Garden Coalition, (NYCGC) are clauses 7D
and 15; and
WHEREAS Clause 7D reads as follows: “Notwithstanding the above, this License is terminable at
will by the Commissioner in his or her discretion at any time, upon sixty (60) days written
notice, and Licensee shall have no recourse of any nature whatsoever by reason of such
termination”; and
WHEREAS Gardeners Responded: “The Termination At Will: Notwithstanding the fact that a
given community garden is in full compliance with all the GreenThumb rules and regulations as
stipulated in the Handbook and in the License, the License with the community garden can be
terminated at will, i.e., terminated without explanation of reasons for doing so. The Gardeners
are maintaining that there is no middle ground here on this issue, and they are proposing its
elimination”; and
WHEREAS Clause 15 reads as follows: “Waiver of Trial by Jury. Licensee expressly waives all
rights to trial by jury in any summary proceeding hereafter instituted by City against Licensee or
any counterclaim or cause of action directly or indirectly arising out of the terms, covenants or
conditions of this License or the use and occupation of the Site or any matter whatsoever in any
way connected with this License, including but not limited to, the relationship between the City
or Licensee. The provision relating to waiver of jury trial shall survive the expiration or
termination of this License or any renewals thereof”; and
WHEREAS Gardeners Responded: “The Waiver of Community Gardener’s i.e., the Licensee’s
Right to A Trial by Jury: To be sure, the right to a trial by jury of one’s peers is a Constitutional
Right. A waiver - by definition and by practice - is contingency based. Here the city is requiring
the community gardener to sign-off on a blanket pre-dispute waiver of their Constitutional
Right to a trial by jury. This is like signing a blank check - again, there is no middle ground here
on this issue and so we propose the elimination of this clause”; and
WHEREAS The Gardeners presented before the Parks and Recreation Committee on October
9th, 2019; and
WHEREAS The Gardeners have been engaged in extensive talks since 2018 with NYC Parks
regarding the revised license wherein they have strongly expressed their opposition to clauses
which they determined to be controversial, and in some instances, a violation of constitutional
rights; and
WHEREAS Gardeners have expressed concern as to how the current licensing might be
interpreted and enforced under the span of a new and incoming mayoral administration; and
WHEREAS NYC Parks GreenThumb held community outreach events on June 6th and July 18th
of 2019 at the Jackie Robinson Recreation Center to garner community feedback; and
WHEREAS NYC Parks GreenThumb remains open to continued discourse pertaining to the
license concerns past the September 30th signing deadline; and
WHEREAS NYC Parks GreenThumb presented before the Parks and Recreation Committee on
October 9th, 2019; and
WHEREAS Currently, CB 10 has a total of 32 gardens; 29 of which are active, 1 inactive, and 2
closed due to safety per current construction work permits on buildings adjacent to the
gardens. One of the 32 gardens is pending submission of a signed license agreement; and
THEREFORE BE IT RESOLVED, that on January 8, 2020 Manhattan Community Board 10
supports the community gardeners’ advocacy for the removal of NYC Parks Community Garden
License clauses 7D and 15, with a vote of 24 in favor, 0 opposed and 1 abstentions",0,13,1,regex_single_resolution
d1b6e95d-af73-4417-9640-707ca15b671a,bb611eb9-353a-51e3-bed0-7bb3568f264f,MCB10,https://cbmanhattan.cityofnewyork.us/cb10/wp-content/uploads/sites/11/2021/03/indian_summer_resolution.pdf,2021-03-01,1,"Indian Summer, Inc., 239 Lenox Avenue., New York, NY 10027 (Southwest corner of 122nd Street) – Wine, Beer, & Cider License","CITY OF NEW YORK
MANHATTAN COMMUNITY BOARD 10
215 West 125th Street, 4th Floor—New York, NY 10027
T: 212-749-3105 F: 212-662-4215
CICELY HARRIS
Chairperson
SHATIC MITCHELL
District Manager
Resoluti on: Support of the Wine, Beer, and Cider Application of Indian Summer Inc.,
d/b/a Indian Summer for a new establishment to be located at 239 Malcolm X Boulevard,
New York, NY 10027, on the south west corner of 122nd Street.
WHEREAS, the New York State Liquor Authority (SLA) has jurisdiction to issue on-premises
licenses according to the Alcoholic Beverage Control Laws; and
WHEREAS, Manhattan Community Board 10 reviews all new SLA applications for
establishments within our District and offers guidance to the SLA about the potential impact of a
license on public safety and quality of life; and
WHEREAS, Community Boards, as part of their due diligence process, review an applicant’s
ownership and funding; floor plans of the proposed location, food and beverage to be served,
operational aspects of the restaurant/bar or lounge, price points, employee hiring processes,
employee wages and benefits, accessibility and community involvement; and
WHEREAS, Indian Summer Inc. is applying for a Liquor License for a new establishment to be
located at 239 Malcolm X Boulevard, New York, NY 10027 (S/W Corner of 122nd Street); and
WHEREAS, the Applicant’s principals, Rajiv Arora, appeared before Community Board 10’s
Economic Development Committee on November 14, 2019 and presented the following
information:
1. Rajiv Arora are each residents of Harlem and live within a few blocks of the proposed
establishment.
2. Rajiv Arora does not have any prior liquor, cabaret, or sidewalk licenses.
3. The restaurant will accommodate 35 seated patrons. Indian Summer has on-premise
outdoor space and will not require a sidewalk café license
4. Indian Summer will be open from 11:00 am to 11:00 pm Monday to Sunday.
5. Indian Summer will serve modern, eastern Indian cuisine. Price points for food will
range from $4.00 to $17.00.
6. The restaurant will provide recorded background music only.
7. The Applicant plans to employ six employees for roles including cooks/kitchen
preparation workers, dish washer, servers, and delivery. Wages will be comply with
all labor laws.
8. The Applicant intends to hire employees from the District.
9. The establishment’s entry and interior and bathrooms are ADA compliant. There are
two steps from the sidewalk entrance to the patio and the establishment has a ramp;
and
WHEREAS, the Applicant has provided petitions of support signed by building residents and
neighbors; and
WHEREAS, the Economic Development Committee voted to support this application by a vote
of 5 yes, 1 no and 1 abstain.
THEREFORE, BE IT RESOLVED, that on January 8, 2019, Manhattan Community Board 10
voted to support the Wine, Beer, and Cider application of Indian Summer Inc. with a vote of 16
in favor, 10 opposed and 0 abstentions.",0,7,1,regex_single_resolution
2c096ff5-e52d-4669-8ee2-a9055017116a,d0668854-b4cf-54fb-82bc-7b015a09a3ce,MCB10,https://cbmanhattan.cityofnewyork.us/cb10/wp-content/uploads/sites/11/2021/03/sweet_catch_resolution.pdf,2021-03-01,1,"Resolution: Support of the Liquor License Application of Sweet Bedstuy LLC, d/b/a Sweet Catch., 61 Malcolm X Boulevard, New York, NY 10026","CITY OF NEW YORK
MANHATTAN COMMUNITY BOARD 10
215 West 125th Street, 4th Floor—New York, NY 10027
T: 212-749-3105 F: 212-662-4215
CICELY HARRIS
Chairperson
SHATIC MITCHELL
District Manager
Resoluti on: Support of the Liquor License Application of Sweet Bedstuy LLC, d/b/a
“Sweet Catch” for a new establishment to be located at Sweet Catch 61 Malcolm X
Boulevard, New York, NY 10026.
WHEREAS, the New York State Liquor Authority (SLA) has jurisdiction to issue on-premises
licenses according to the Alcoholic Beverage Control Laws; and
WHEREAS, Manhattan Community Board 10 reviews all new SLA applications for
establishments within our District and offers guidance to the SLA about the potential impact of a
license on public safety and quality of life; and
WHEREAS, Community Boards, as part of their due diligence process, review an applicant’s
ownership and funding; floor plans of the proposed location, food and beverage to be served,
operational aspects of the restaurant/bar or lounge, price points, employee hiring processes,
employee wages and benefits, accessibility and community involvement; and
WHEREAS, Sweet Bedstuy LLC is applying for a Liquor License for a new establishment to be
located at 61 Malcolm X Boulevard, New York, NY 10026 (N/W Corner of 113th Street); and
WHEREAS, the Applicant’s principals, Kawana Jefferson, appeared before Community Board
10’s Economic Development Committee on December 12, 2019 and presented the following
information:
1. Kawana Jefferson has previously worked in the restaurant industry in Harlem and as a
school psychologist. Kawana Jefferson currently owns Sweet Bedstuy Bar and Grill
in Crown Heights, Brooklyn.
2. Sweet Catch will be a seafood boil restaurant that will accommodate 74 seated
patrons, including 13 patrons at the bar, 33 seated in the dining area and a proposed
28 seated outdoors.
3. Sweet Catch will be open from 11:00 am to 12:00 am Sunday to Thursday, from
11:00 am to 2:00 am on Friday and Saturday.
4. The establishment will serve seafood. Price points for food will range from $4.00 to
$52.00.
5. The establishment will serve cocktails priced from $8.00 to $12.00.
6. The restaurant will provide recorded background music and will have a DJ booth
offering DJ’d background music occasionally.
7. The Applicant plans to employ 10 - 12 employees for roles including front of the
house, bar backs, dishwashers, cooks, and bartenders, doorman, wait staff, and
runners. Kawana Jefferson will initially serve in the operating manager role during
the restaurants opening months.
8. The Applicant intends to hire employees from the District, using methods similar to
their current bar and grill. They intend to use Craigslist, hiring agencies, social
media, and are open to using Workforce 1.
9. The establishment’s entry and interior are ADA compliant and are fully accessible;
and
WHEREAS, the Applicant has provided several letters of support from area residents,
community leaders, and a petition of support signed by community residents and neighbors; and
WHEREAS, the Applicant will attend a future board condo meeting to address resident
concerns, and perform a decibel test to insure appropriate sound levels for building residents; and
THEREFORE, BE IT RESOLVED, that on January 8, 2020, Manhattan Community Board 10
voted to support the Liquor License application of Sweet Bedstuy LLC with a vote of 23 in
favor, 3 opposed and 0 abstentions.",0,7,1,regex_single_resolution
1bafbe0f-1555-4e3c-aeb0-4b2e7b256b0f,5d5f647c-79e1-583f-b6bc-8a10e3ee4d49,MCB10,https://cbmanhattan.cityofnewyork.us/cb10/wp-content/uploads/sites/11/2021/09/lenox_terrace_resolution.pdf,2021-09-01,1,Lenox Terrace Resolution,"CITY OF NEW YORK
MANHATTAN COMMUNITY BOARD 10
215 West 125th Street, 4th Floor—New York, NY 10027
T: 212-749-3105 F: 212-662-4215
CICE LY HARRIS
Chairperson
Resolution
SHATIC MITCHELL
Manhattan Community Board 10
District Manager
Disapproving Rezoning Application of Lenox Terrace with Conditions
WHEREAS, the owners of Lenox Terrace (hereafter known as Olnick) has made several land-
use action applications to the New York City Department of City Planning seeking to rezone the
Lenox Terrace block to accommodate five 28 story mixed use buildings– in particular, a zoning
map amendment from R7-2 and C1-4 zoning districts to a C6-2 zoning district; two special
permits to waive bulk and parking requirements; and a zoning text amendment - (hereafter
known as the “project”); and
WHEREAS, the Lenox Terrace Rezoning proposal brought forth by the Olnick is massive,
calling for the development of five State Office Building sized towers, covering most of a large
rectangular zoning block that encompasses the equivalent of four streets (North and South) and
two well distanced avenues (East and West) and will be situated on the block’s outer perimeters;
and
WHEREAS, the project as now proposed by Olnick, would consist of approximately 1600 units,
which 1200 of those would be market rate, and
WHEREAS, the public reviewing process known as ULURP to review Olnick’s application has
begun and Community Board 10 is the first step of review in such process; and
WHEREAS, Community Board 10 has approximately 60 days to review the Olnick application
and render an opinion on same, which such time began on August 26, 2019; and
WHEREAS, Community Board 10, through its Land Use Committee, held two public hearings
on September 19, 2019 and October 17, 2019, respectively, affording Olnick the opportunity to
present its rezoning plans to the board and the public, and affording the community at large the
opportunity to review said applications and comment; and
WHEREAS, the Lenox Terrace Tenants Association known as LT-ACT, concerned residents
and other community residents and organizations presented their positions and opinions in
opposition to the Olnick applications; and
WHEREAS, other residents and union members, namely members of 32B-J, presented reasons
in support of the Olnick application; and
WHEREAS, the Land Use Committee after hearing all of the views, including written
submissions, for and against the project have deduced from such hearings the following concerns
Concerns
Threat of Losing an African American Plurality in CB 10
WHEREAS, Community Board 10 makes up a large part of City Council District 9 and its
plurality is African American, giving Council District 9 also an African American Plurality; andi
WHEREAS, Lenox Terrace is a huge housing development (approx. 1,700 units) within
Community Board 10 with a tremendous cultural and political history, including home to several
world renown people; and
WHEREAS, Community Board 10’s citizen voting age plurality is also African American; and
WHEREAS, the African American population in the United States is a protected group under the
Voting Rights Act of 1965; and
WHEREAS, Community Board 10 (Central Harlem) and Council District 9 have enjoyed an
African American plurality for over one hundred years and political power for the last four score
years; and
WHEREAS, the community at large, expert opinions and other evidence have alleged or
demonstrated that the rezoning as proposed by the Olnick plans could affect the African
American plurality in such a way that within 10 years, Harlem will not be an African American
plurality; and, in that
WHEREAS, it is further attested that this scale of redevelopment threatens a community that has
also enjoyed an African American plurality by potentially terminating such plurality and its
history, as the overwhelming majority of units will be market rate and, in that
WHEREAS, the Metropolitan African Methodist Church, located at 58 W. 135th St. – the second
oldest African Methodist Episcopal congregation in Manhattan – which is in the footprint of the
rezoning proposal – has sold its property to Empire Development Fund 4, LLC, and there is a
strong likelihood that another massive residential tower will be built in the former church space.
Even further, the possibility that the privately owned Joseph P. Kennedy, Jr. Center could be sold
to a private developer and that space too could see one or two 28 story towers—culminating in
potentially eight towers! –thereby, development on this block in totality could set a dangerous
precedent for multifamily buildings in Harlem built in this era and accelerate the termination of
the African America Plurality in the neighborhood forever; and
WHEREAS, such concerns are realistic because historically market rate apartments in Harlem
are occupied mostly by non-African Americans, as historically African Americans have a higher
unemployment rate due to discriminatory systems that have long been in place and African
Americans historically have faced and still do, unequal employment practices precluding them
from securing market rate apartments; and, in that
WHEREAS, there is no guarantee that the legacy of Lenox Terrace will be protected under the
plurality of a non-African American group in the event that African Americans are no longer the
majority thereby threatening our legacy in said place; and
CB 10’s and City Council District 9’s Prior History Regarding a Threat to its African
American Plurality and Outcome
WHEREAS, in 2007 Community Board 10 responded to New York City’s 125th Street
Rezoning plan in its Resolution Disapproving of the 125th Street Rezoning which included the
ground that its plurality and political power would be threatened by such rezoning, thereby
making such zoning in part a violation of the Voting Rights Act (infra); and
WHEREAS, the New York City Council paid close attention to Community Board 10’s concern
in that regard and within the 125th Street Special District’s zoning’s area for the highest
residential density, such development is discouraged by certain mechanisms that have been put
in place under local law; and
WHEREAS, City Council District 9 residents successfully fought to strengthen the African
American plurality in District 9 (as well as Community Board 10) when the City brought forth its
City Council Redistricting plan in 2012-2013, making such plurality (59%) greater by 8%; and
WHEREAS, Community Board 10 and District 9 residents relied on the Voting Rights Act of
1965, as amended in 2006 known as the Fannie Lou Hamer, Rosa Parks and Coretta Scott
King Voting Rights Act Reauthorization and Amendments Act of 2006; and
WHEREAS, such Act’s purpose in part is to guarantee the right of protected groups (i.e., African
American) to be able to cast meaningful votes [Section 2]; and
WHEREAS, Congress has found that the reasons for such concerns by the African American
group (supra) are justified; and
WHEREAS, Congress has declared in part through such Act that any practice or procedure that
affects voting that has the purpose of or will have the effect of diminishing or diluting the ability
of any citizens in a protected class (i.e., African American) to elect their preferred candidates of
choice denies or abridges the right to vote [Section 5]; and
WHEREAS, the African American population in CB 10 and Council District 9 is sufficiently
large and geographically compact to constitute a majority in a single – member district; such
group is politically cohesive; and the majority votes sufficiently as a bloc; and
WHEREAS, because of the above, African Americans living in CB 10, Council District 9,
Senate District 30, Assembly District 70, enjoy African American representation in government,
which is by their choice and they have demonstrated that they want to continue voting for people
in their group; and
WHEREAS, the United States Supreme Court in 2013 in a matter known as Shelby County v
Eric Holder upheld Section 5, which means a district’s plurality could sustain its political power
and reject any rezoning or redistricting that threatens such political power; and
Tenants’ Rights: Overall Maintenance, Repairs and Capital Improvements
WHEREAS, according to LT-ACT, Olnick has a poor record of stewardship to Lenox Terrace
residents ranging from poor service, negligent maintenance and repair, and insufficient staffing
on the premises which compromises resident’s safety. Further evidence provided by the
Committee is that the Olnick organization has failed to maintain the apartments and common
areas of the complex. This negligence has created conditions which have resulted in significant
health hazards. Tenants have identified mold, lead contamination in the water pipesii, and friable
asbestos from cracked asbestos in the vinyl tile flooring. It is reported that many residents are
living in “deplorable conditions” or as the testimony suggests, at the least conditions that are not
bargained for. In this recent turn of events, no legal plan and/or agreement has been put in place
to rectify the outstanding maintenance repairs or the desperately needed capital improvements
required as a “Tenant Right.” or one that outlines tenant’s obligations for personal and collective
upkeep. Tenants have reached out to CB10 to vote “No” to the proposed resolution without
conditions to “put an end to the “crippling” landlord-tenant relationship where residents feel
like hostages”; and
Pending Litigation, Affordable Housing, Impact of Market Rate Units
WHEREAS, according to LT ACT, there are claims currently pending or litigated against the
applicant. Claims filed and damages sought and recovered need to be better understood. The
Land Use committee heard testimony which was later supported by written submission, and
Olnick has not disputed such testimony or written submission, that it receives J51 tax credits and
has unlawfully (attempted to) deregulate apartments at the Lenox Terrace properties while still
receiving such tax credits and that it is involved in a civil dispute regarding the matteriii ; and, in
that
WHEREAS, this pending lawsuit, the outstanding maintenance concerns and alleged
displacement of 700 residents has resulted in high levels of mistrust of Olnick among residents
and the community at large questioning Olnick’s overall integrity for any project moving
forward; and
WHEREAS, the Olnick organization has not presented an income targeted housing plan that is
more attractive than 60% of the AMI (see MIH Attachment), supra; and
WHEREAS, to date, the Olnick Organization has not presented an income targeted housing plan
that is satisfactory to CB 10 or the Community-at-large. Community Board 10 has submitted
their Mandatory Inclusionary Housing resolution to the owner (Appendix A); the Olnick plan
does not meet our Resolution standards and expectations; and
WHEREAS, it has been historically demonstrated that major developments that consist of
mainly market rate units increase rents, property values and taxes in the catchment areas where
such developments are located. The Lenox Terrace block is surrounded by many properties
owned by senior African Americans with limited income, thereby putting such property owners
at risk of higher property taxes and precluding African Americans the option of living in a
neighborhood that we historically enjoy; and
Physical Context/Neighborhood Character
WHEREAS, Olnick has requested a Special Permit for large scale general development (ZR 74-
743) that will provide height and set back relief. The five 28 story towers in the Olnick plan will
almost reach as high as the Adam Clayton Powell Jr., Harlem State Office Building and be
positioned on the street line rather than set back with open space in the forefront if approved.
Such height proposed is generally allowed in areas that can provide considerable set back and
open space in the forefront, near parks or on hills, etc., The Olnick plan is way out of the
contextual landscape of the area; and, in that
WHEREAS, it has been testified by residents that this form of dense redevelopment threatens a
neighborhood community that has enjoyed light and air and moderate density; and, in that
WHEREAS, even the [Victoria Theater Project] which is a towering 26 story building on W,
125th Street – a project under the control of the Empire State Development Corp - has honored
the spirit of Section 5 of the Voting Rights Act of 1965 and, the 125th Street Special District,
whereby it has a 100 feet set back and its housing model is targeted at 50/30/20, which housing
income bands are Open, Moderate and Low, respectively. Further, the Victoria building is
shorter than the buildings in the Olnick plan; and
Historic Preservation/Resources (Historic and Cultural) and Shadows/Over Shadowing
WHEREAS, according to the CEQR, the Landmark Preservation Council determined that the
Lenox Terrace complex appears to be National Register eligible. To date, Olnick has
inadequately addressed the historic, architectural and cultural significance of the Lenox Terrace
complex. For example, in the existing site plans it is suggested that a six story podium be erected
in front of the classic driveway in front of 470 Lenox Avenue. The driveways of Lenox Terrace
were a unique feature of the complex during the postwar period; other Harlem buildings built
during this period did not have them. The driveways gave the complex a cache; the driveways
coupled with a fully suited doorman was a feature that attracted upwardly mobile African
Americans to live at Lenox Terrace as both they and their guests arriving to the residence could
be dropped off in front of the full service building; it was this element of service and
convenience at that time that was only to be experienced in downtown Manhattan; and, in that
WHEREAS, the CB 10 community desires that any proposed development must protect and
celebrate the Lenox Terrace architectural relics of the period; in the proposed site plan, the new
buildings built at the proposed height would put the Lenox Terrace as originally built, at risk.
The plans will overshadow the distinguished architectural gem the Lenox Terrace is known for;
and
WHEREAS, our New York City society at large wants more than photographs, statues or written
information on historic places, hence we have a NYC Landmarks Preservation Commission and
New York State Registry of Historic Sites that support the physical brick and mortar that any
proposed plan should adhere to; and
WHEREAS, the proposed rezoning and the development of five State Office Building sized
towers will
dwarf and overshadow the original Historic Lenox Terrace buildings character; and in that
WHEREAS, the Olnick plan will diminish the visibility of such buildings and potentially create
an “out of sight out of mind” effect. To date, Olnick has not adequately addressed either the
negative impacts and how they would mitigate such impacts; and, in that
WHEREAS, it is believed that the new buildings will cast major shadows on the old buildings
and deprive tenants in the old buildings adequate sunlight; and
Public Health: Existing Conditions, Vulnerable Populations and Air Quality
WHEREAS, it is well documented in the Community District 10 profile that there is a high rate
of asthma among young children and adults in Harlem, a condition that has plagued the Harlem
community for decades. In addition, Harlem residents suffer from other conditions that impact
health and quality of life such as cardiovascular disease, depression and stress. Even diseases like
diabetes has been associated with higher rates of stress and pollutioniv and
WHEREAS, for the area covered by CB10, New York’s own Environmental Health agency
reports high levels of very fine (PM 2.5) airborne contaminants and ozone derived from vehicle
emissions. Fine particulates (PM10) derived from construction and other types of activities are
also elevated in Central Harlem. These particles are small enough to lodge in the lungs and cause
short and long term lung damagev (Appendix B )
WHEREAS, while there has been some discussion to date around air quality testing pre, during
and post construction, there is no discussion concerning air quality post construction and the
impact it will have on residents living in the older buildings which will be enclosed and
surrounded by larger buildings. It is reasonably believed that 7-10 years of construction as
anticipated in the Olnick plan, will have a serious negative impact at a minimum on people who
suffer from asthma and other related respiratory diseases; and
Overall Socio Economic Conditions
A project that will increase overall density of approximately 4000 persons (not including the
church development) is going to have a socio economic effect on the complex and the public
systems (MTA, local schools, recreation areas and existing businesses). While the changes have
been acknowledged, the research and plans to date have not been adequate. This project is more
than a private developer led rezoning. The level of transformational change anticipated as a
result of this project requires a plethora of community stakeholders, urban planners, policy
analysts, residents and business leaders to both understand the magnitude of the project, and the
various components impacted in order to 1) develop effective solutions/recommendations to
ensure balanced growth and scale, and 2) manage the change. Ultimately, what Olnick is
proposing in this resolution is creating a “mini city”. To date, there has not been enough
collective dialogue with institutional and public partners at the same table who can mitigate risk
and support the public systems that will be affected.
Summation
It is important to point out that while the Olnick organization is a private developer that in fact
owns the land in question, it is fair to acknowledge that the landlord has also been the agitator for
the existing state of affairs with tenants. It is the hope of the tenants and community at large, that
the developer acknowledge the above referenced concerns shared and the implications for any
rezoning. Further, according to LT ACT (from the accounts of the pending litigation whereby
Lenox Terrace has been charged with illegally deregulating rent stabilized apartments), there is a
strong implication that the owners of Lenox Terrace are the key driver of displacement and
destabilization in Harlem. This unspoken reality leaves residents of Lenox Terrace vulnerable. In
addition to the threat of CB 10’s African American plurality, the basic tenant protections that
residents seek from any landlord are being compromised through negligence and a lack of
transparency. To date, Olnick has not addressed these concerns nor disputed any of the
aforementioned claims nor demonstrated an organizational/project capacity to address our need
for balanced growth. A major development such as the one proposed, will no doubt tip the scale
from a demographic standpoint. In sum, one tenant referred to the proposed development as
“dynamite” as it will have explosive effects. It is the hope of the residents and community at
large that all these factors be seriously considered by the developer in this process.
The Olnick organization is currently in negotiation with Lenox Terrace residents regarding a
“Tenants-Benefits Agreement.” In the absence of a final draft of such agreement, Community
Board 10 has drafted conditions to be included in such agreement and that such agreement must
be finalized to the satisfaction of the current residents and, that the Manhattan Borough
President’s Office, Department of City Planning and City Council must consider any absence of
such legal document as CB 10 has. To date there is no tenants-benefits agreement of any kind but
one should include a series of comprehensive solutions with respect to process as well as benefits
to tenants that compensate for all inconveniences caused as a result of such project. A solution
and a benefit would include Olnick being a responsible affordable housing partner.
NOW THEREFORE, BE IT RESOLVED
Community Board 10 DISAPPROVES of the Olnick Rezoning Plan presented because of, but
not limited to, the concerns set forth above and failing to dispute or refute well documented
claims, and now sets forth in this Resolution, the following conditions:
• That Community Board 10 rejects the application which calls for a C-6 Rezoning as not
consistent with the present and future needs of the community it affects; and
• That a permanently binding Tenant’s Benefit Agreement (TBA) that addresses immediate
and long term concerns of existing and future tenants be in place before any zoning
application be approved; and
• That Olnick agrees to a process for completing a binding and inclusive Community
Benefits Agreement (CBA) to be in place before any zoning application is approved.
Community Board 10 will only reconsider a rezoning plan if the current one is
withdrawn and a new one is certified with the following conditions and CEQR
boilerplate assessments in the areas below
Zoning Requirements
• The building heights cannot exceed 195 feet, with appropriate set-backs and the commercial
zoning remain C1-4; and
Tenant Protection: Outstanding Repairs, Exposures, Capital Improvements
• That Olnick agrees to present an acceptable plan, approved jointly by the tenant’s
association of Lenox Terrace and CB 10, one that is legally binding on how it intends to
resolve the outstanding maintenance conditions within the complex and the conditions of
the apartments –all of which have now posed a health hazard that must be remedied
(Appendix B); and
 CB 10 is requesting a review of any remediation and inspection reports as proof the work
has been completed/addressed before any other approval or negotiations of any other
aspect of the proposed rezoning can occur; and
CB 10 Mandatory Inclusionary Housing/Affordable Housing, Regulatory Agreements and
Oversight
• That Olnick agrees that the income bands must be set at 50/30/20 of the AMI – open
market, moderate income, low income, respectively; and
• That Olnick agrees that the income bands in this housing model must be permanent; and
• That Olnick agrees that poor credit history or having no credit at all cannot be used to
disallow an applicant for housing in the new buildings if that is the only reason used to
disallow such applicant. And under no circumstances will a person’s landlord/tenant
litigation history with a landlord be used as a reason to disapprove an applicant, unless
such landlord prevailed on an action for non-payment of rent; and
• That Olnick agrees to partner with NYC HPD/HDC to explore all affordability programs
and options and that NYC HPD will oversee the implementation of affordability
programs and provides said oversight and report to CB 10 on how many units are
transferred to CB 10 residents and well as the levels of affordability devised for the
project; and
• That Olnick agrees that CB 10 residents will have a 50% preference on all the moderate
and low income units; and
• That Olnick agrees to commit to a legally binding agreement to maintain all of the
current units under the rent stabilized law; and
MWBEs and Workforce Development Commitment
• That Olnick agrees that MWBE targets will be established (30% and/or >) and approved
by CB 10 and employment preferences will be given to community residents; and
• Construction jobs must be provided to union workers with a diverse workforce and that
hire locally. Any exceptions must be negotiated in an ironclad agreement between CB
10 and Olnick. Such ironclad agreement shall be written into law; and
Density Plan, Movement, Navigation and Safety
• That Olnick agrees that a well-conceived density plan approved by CB10 Public Safety
committee and the LTDC; one that examines cumulative traffic impact and considers
both pedestrian and vehicular traffic issues as identified by community stakeholders (not
an EIS report) and acknowledges overall safety, school zones and peak traffic area days
and times (e.g., 135th and 5th Avenue intersection); and
Health and Population
• That Olnick agrees to a well-conceived plan that is approved by CB 10, through its
Health and Human Services committee and considers the high resident senior citizen
population (65%) as well as the Harlem population afflicted with high rates of
respiratory diseases including asthma. A plan must consider the effects of construction
on the health and well-being of residents and those populations at risk (Appendix C) ;
 one that implements routine (e.g., monthly) indoor and outdoor air quality testing before,
during and after construction
 one that requires a health proxy taken of all residents with existing respiratory illness pre
construction and
 one that offers relocation allowance for residents who cannot physically endure and
providing HEPA air purifiers/ breathing devices based upon medical claims, and
Historic Preservation, Arts and Culture and Shadows
• That Olnick agrees to a well conceived plan that is approved by CB 10’s Historic
Preservation and Arts and Culture committees, Save Harlem Now and other local
preservation/arts organizations as well as support of an application submission to NYS
and Federal Registry of Historic Sites and offers rent concessions to residents who are
inconvenienced by shadows and whose views are compromised as a result and that open
space is protected; and
Building Staffing Composition
• That Olnick agrees that building staffing ratios will be addressed and employees
dispersed based upon the residents needs and the overall needs of “the Facility”; and
Security Plan
• That Olnick agrees that a detailed security plan will be outlined to ensure the safety of
residents, business owners and staff. This plan will be approved by CB 10 Public Safety
committee, tenants, affected and surrounding institutional partners and leaders of the 32
Precinct; and
Parking
• That Olnick agrees that a well-conceived parking plan detailing accessibility and
outlining options and payments for both existing residents and new residents. This plan
will be approved by the LTDC and will address the allocation of spaces, transferability
of spaces, reduced parking fees for rent stabilized tenants; and
Retail
• That Olnick agrees that a detailed plan for the retail corridor will be developed; one that
is approved by LTDC and CB 10 Economic committee; a plan that includes: uses, type
(local vs. destination), rent concessions for small business, incorporates existing street
vendors, a coop share for local small businesses; and
Environmental Impact, Transportation & Community Impact/Engagement
• That Olnick agrees to a detailed plan approved by the CB 10 Transportation Committee,
MTA and LTDC that addresses the following:
 Plans to mitigate transportation impacts at the 135th Street Subway station and the
Intersection at the 135th Street and 5th Avenue; and
• That Olnick agrees to a true community engagement process that includes Lenox Terrace
residents as well as the broader Harlem community, a process that includes (but not
limited to) charettes, visioning and focus groups; and
 Plans to include neighboring institutions surrounding Lenox Terrace in the planning of
services and the planning of construction and inconveniences caused; and
Construction
• That Olnick agrees to a construction impact assessment as this is an infil project that
affects existing residences and open space. The assessment will evaluate the duration and
severity of the disruption or inconvenience to all impacted including noise and vibration
analyses; and
• That Olnick agrees to monthly/quarterly meetings with both the LTDC and CB 10
respectively on the evolution of construction plans, report findings, progress and
timelines.
Resident Services Office/Center
That Olnick agrees that any rezoning and/or as of right development plan they undertake,
will include (and Olnick to fund) a resident services office, one that serves tenants 24/7
pre, during and post construction with real time information. The role and its various
functions of this office will be negotiated and approved by Community Board 10 and the
tenants. The office will negotiate tenant abatements, concessions, and relocations. The
office will administer the Lenox Terrace Development Committee ( herein as referenced
above as the “LTDC”) and organize routine meetings with the tenants and the developer
concerning construction progress and updates. The office will also manage the newly
established resident’s council, governing body comprised of various sub committees
(Appendix D)
NOW THEREFORE, IT IS FURTHER RESOLVED that the
aforementioned/conditions run with the land and must be part of any law enacted
declaring any consideration of rezoning.
THEREFORE BE IT RESOLVED that Manhattan Community Board 10 voted to
disapprove the rezoning application of Lenox Terrace with conditions with a vote of 20
in favor, 15 opposed and 1 abstention at the November 6, 2019 General Board Meeting.
Appendices
A. Community Board 10 Mandatory Inclusionary Housing (MIH) Zoning Resolution No.
MIH2016
B. 10 West 135th Street: Important Notice Regarding Possible Lead Contamination
C. CB10 Health and Human Services Committee: Lenox Terrace Association of Concerned
Tenants
Opposes Plan to Bring OVERSCALE Development to Central Harlem
D. Lenox Terrace Resident’s Council: Suggested Sub- Committees
i Manhattan Community Board 10 2014 District Needs Statement, “African Americans make up approximately 63% of
Community Board 10‘s population, followed by Hispanic at 22%, White at 10% and Asian at 2%.”
ii DEP Notice of Lead addressed to a Lenox Terrace tenant regarding the DEP’s finding that there is lead in the Lenox Terrace
property’s plumbing system. October 2, 2019
iii
In Downing v. First Lenox Associates, LLC, Index No. 100725/2010 (the “Lenox Terrace Class Action”), Lenox Terrace
tenants filed a class action lawsuit against the owners of Lenox Terrace in 2010. The Lenox Terrace tenants are alleging that the
owners of Lenox Terrace improperly treated apartments as being unregulated under applicable rent stabilized laws even though it
was receiving “J-51” tax benefits. The Board takes Notice of such alleged impropriety pursuant to Roberts v Tishman Speyer
Props., L.P. 2009 NY Slip Op 480 [13 NY3d 270] October 22, 2009 [Court of Appeals] holding that 100% of units in a
development under the J51 program must be Rent Stabilized.
According to publicly available documents that were filed July 31, 2019, the owners of Lenox Terrace recently agreed to pay
$2,989,000 in a preliminary (i.e., not final) settlement agreement in the Lenox Terrace Class Action.
iv LT-ACT (2019) The Lenox Terrace Association of Concerned Tenants OPPOSES Plan to Bring OVERSCALE Development to Central
Harlem
v LT-ACT (2019) The Lenox Terrace Association of Concerned Tenants OPPOSES Plan to Bring OVERSCALE Development to
Central Harlem",0,47,3,regex_single_resolution
76a13559-5b96-4065-bac5-3fde99ff9e2d,305b03c1-8284-5e65-8ea8-0a9ce403b05f,MCB10,https://cbmanhattan.cityofnewyork.us/cb10/wp-content/uploads/sites/11/2021/09/Resolution-Support-of-the-Liquor-License-Application-of-jmb-dba-musette.pdf,2021-09-01,1,"JMB Harlem LLC, d/b/a Musette Wine Bar Resolution","CITY OF NEW YORK
MANHATTAN COMMUNITY BOARD 10
215 West 125th Street, 4th Floor—New York, NY 10027
T: 212-749-3105 F: 212-662-4215
CICE LY HARRIS
Chairperson
SHATI C MITCHELL
District Manager
October 2, 2019
Resolution: Support of the Wine, Beer, and Cider License Application of JMB Harlem
LLC, d/b/a Musette Wine Bar for a new establishment to be located at 420A Lenox
Avenue, New York, NY 10037.
WHEREAS, the New York State Liquor Authority (SLA) has jurisdiction to issue on-premises
licenses according to the Alcoholic Beverage Control Laws; and
WHEREAS, Manhattan Community Board 10 reviews all new SLA applications for
establishments within our District and offers guidance to the SLA about the potential impact of a
license on public safety and quality of life; and
WHEREAS, Community Boards, as part of their due diligence process, review an applicant’s
ownership and funding; floor plans of the proposed location, food and beverage to be served,
operational aspects of the restaurant/bar or lounge, price points, employee hiring processes,
employee wages and benefits, accessibility and community involvement; and
WHEREAS, JMB Harlem LLC is applying for a Liquor License for a new establishment to be
located at 420 Lenox Avenue, New York, NY 10037 (N/E Corner of 131st Street); and
WHEREAS, the Applicant’s principals, Joffrey Tilly, appeared before Community Board 10’s
Economic Development Committee on August 8, 2019 and presented the following information:
1. Joffrey Tilly is a resident of Harlem and lives within blocks of the proposed
establishment.
2. Joffrey Tilly has previously worked in the wine industry and is part owner of
Pompette Wine Shop.
3. Musette Wine Bar will accommodate 30 – 40 patrons. Musette Wine Bar also plans
to apply for a sidewalk café license accommodating an additional 20 seats outdoors.
4. Musette Wine Bar will be open from 5:00 pm to 12:00 am on weekdays, from 5:00
pm to 2:00 am on weekends.
5. The establishment will serve French tapas and small bites. Price points for food will
range from $6.00 to $24.00.
6. The establishment will serve wine, ciders, and beer. Wines will be priced from $11.00
per glass to $19.00 per glass and from $44.00 per bottle to $95.00 per bottle. Beers
will be priced at $8.00. Ciders will be priced at $10.00 per glass and from $38.00 to
$65.00 per bottle.
7. Musette Wine Bar will provide recorded background music daily.
8. The Applicant plans to employ 8 – 10 full and part-time employees in roles as
bartender, wait staff, cook, and manager. Wages will be minimum wage plus tips.
9. The Applicant intends to hire employees from the District as they have done with the
Pompette Wine Shop.
10. The establishment’s entry is ADA compliant and the interior bathrooms will be fully
accessible; and
WHEREAS, the Applicant has provided letters of support from area residents and business a
petition of support signed by building residents and neighbors; and
WHEREAS, the Economic Development Committee voted to support this application by a vote
of 4 yes, 1 no and 1 abstain.
THEREFORE, BE IT RESOLVED, that on October 2, 2019, Manhattan Community Board 10
voted to support the Liquor License application of JMB Harlem LLC with a vote of 23 in favor,
5 opposed and 0 abstentions.",0,7,1,regex_single_resolution
e90974fb-18ce-45d6-bd33-18b68d40b19e,57acdb89-f602-5c90-a8ff-31ad73510468,MCB10,https://cbmanhattan.cityofnewyork.us/cb10/wp-content/uploads/sites/11/2021/09/resolution_support_of_the_liquor_license_application_of_abdel_kader_ouedraogo_dba_ouaga.pdf,2021-09-01,1,Resolution in Support of the Liquor License Application of Abdel Kader Ouedraogo d/b/a “Ouaga” (SLA New Application),"CITY OF NEW YORK
MANHATTAN COMMUNITY BOARD 10
215 West 125th Street, 4th Floor—New York, NY 10027
T: 212-749-3105 F: 212-662-4215
CICE LY HARRIS
Chairperson
SHATI C MITCHELL
District Manager
Resolution: Support of the Liquor License Application of Abdel Kader Ouedraogo, d/b/a
“Ouaga” for a new establishment to be located at 2280 Adam Clayton Powell Boulevard,
New York, NY 10030.
WHEREAS, the New York State Liquor Authority (SLA) has jurisdiction to issue on-premises
licenses according to the Alcoholic Beverage Control Laws; and
WHEREAS, Manhattan Community Board 10 reviews all new SLA applications for
establishments within our District and offers guidance to the SLA about the potential impact of a
license on public safety and quality of life; and
WHEREAS, Community Boards, as part of their due diligence process, review an applicant’s
ownership and funding; floor plans of the proposed location, food and beverage to be served,
operational aspects of the restaurant/bar or lounge, price points, employee hiring processes,
employee wages and benefits, accessibility and community involvement; and
WHEREAS, Abdel Kader Ouedraogo is applying for a Liquor License for a new establishment
to be located at 2280 Adam Clayton Powell Jr. Boulevard, New York, NY 10030 (N/W Corner
of 134th Street); and
WHEREAS, the Applicant’s principals, Abdel Kader Ouedraogo appeared before Community
Board 10’s Economic Development Committee on June 13, 2019 and presented the following
information:
1. Abdel Kader Ouedraogo operates four additional businesses in Community Board 10.
2. “Ouaga” will be a Sports Bar that will accommodate 30 patrons. The space is
approxiamately 800 square feet and has a basement for storage. Ouaga also plans to
apply for a sidewalk café license.
3. “Ouaga” will be open from 3:00 pm to 4:00 am; seven days a week.
4. The establishment will have a complementary bar snacks, and deliver most
substantial meals to order from the Yatenga kitchen across the street.
5. The sports bar will provide recorded background music, karaoke, disk jockey, live
music, and juke box.
6. The Applicant plans to employ 10 employees.
7. The Applicant intends to hire employees from the District.
8. The establishment’s entry, interior, and bathrooms are fully accessible and ADA
compliant; and
WHEREAS, the Applicant has provided several letters of support from area residents and
business a petition of support signed by ____ building residents and neighbors; and
WHEREAS, the Economic Development Committee voted to support this application by a vote
of _5_ yes, __0___ no and _2_ abstain.
THEREFORE, BE IT RESOLVED, that on September 4, 2019, Manhattan Community Board
10 voted to support the Liquor License application of Abdel Kader Ouedraogo with a vote of 25
in favor, 3 opposed and 8 abstentions.",0,7,1,regex_single_resolution
2573860d-6250-4a0c-b203-b066e0339c0f,1c961bc2-6809-5fda-9070-4fe6f451635f,MCB10,https://cbmanhattan.cityofnewyork.us/cb10/wp-content/uploads/sites/11/2021/09/resolution_support_of_the_wine_and_beer_license_application_of_karina_oshiro_dba_common_good_harlem_inc.pdf,2021-09-01,1,"Resolution in Support of the Wine & Beer License Application of Karina Oshiro, d/b/a “Common Good, Harlem, Inc.” (SLA New Application)","CITY OF NEW YORK
MANHATTAN COMMUNITY BOARD 10
215 West 125th Street, 4th Floor—New York, NY 10027
T: 212-749-3105 F: 212-662-4215
CICE LY HARRIS
Chairperson
SHATI C MITCHELL
District Manager
Resolution: Support of the Wine and Beer License Application of Karina Oshiro, d/b/a
“Common Good, Harlem, Inc.” located at 2801 Frederick Douglass Blvd., New York, NY
10039.
WHEREAS, the New York State Liquor Authority (SLA) has jurisdiction to issue on-premises
licenses according to the Alcoholic Beverage Control Laws; and
WHEREAS, Manhattan Community Board 10 reviews all new SLA applications for
establishments within our District and offers guidance to the SLA about the potential impact of a
license on public safety and quality of life; and
WHEREAS, Community Boards, as part of their due diligence process, review an applicant’s
ownership and funding; floor plans of the proposed location, food and beverage to be served,
operational aspects of the restaurant/bar or lounge, price points, employee hiring processes,
employee wages and benefits, accessibility and community involvement; and
WHEREAS, Karina Oshiro is applying for a Wine & Beer License for “Common Good,
Harlem, Inc.” located at 2801Frederick Douglass Blvd., New York, NY 10039 (S/W Corner of
149th Street); and
WHEREAS, the Applicant’s principal, Karina Oshiro, appeared before Community Board 10’s
Economic Development Committee on June 11, 2019 and presented the following information:
1. Karina Oshiro is a Harlem resident and lives within a few blocks of the proposed
establishment.
2. “Common Good, Harlem, Inc.”is a café that accommodates will accommodate 35
seated patrons. Common Good, Harlem, INC.
3. “Common Good, Harlem, Inc.” will be extending their current hours to be open from
7:00 am to 10:00 pm Monday to Friday, Tuesday to Thursday, from 8:00 AM to
10:00 PM Saturday and Sunday.
4. The establishment serves a wide food and cold and hot beverage menu, including:
cheese boards, panini’s, salads, frittatas, shakes, and empandas. Price points for food
will range from $8.00 to $13.00.
5. The establishment will serve wine and beer priced from $5.00 to $9.00. Wines will
be prices at between $7.00 and $9.00 per glass. Beers will be priced from $5.00.
6. “Common Good, Harlem, Inc.” will provide recorded background music daily.
7. The Applicant employs 5, including a General Manager. There are 2 Shift Leaders
and 2 regular employees. The shift leaders make $15.00 per hour plus tips, and the 2
regular employees makes $13.50 and $14.00 per hour plus tips. The applicant plans to
hire 1-2 additional employees to cover the additional hours of operation.
8. Currently, all the hired employees are Harlem residents. The Applicant intends to hire
the 1-2 additional staff using job listings, the community board, Craigslist, and
Indeed.
9. The establishment’s entry’s, interior, and bathrooms are fully accessible; and
WHEREAS, the Applicant has provided several letters of support from area residents and
business a petition of support signed by building residents and neighbors; and
WHEREAS, the Economic Development Committee voted to support this application by a vote
of _5___ yes, _0____ no and __2__ abstain.
THEREFORE, BE IT RESOLVED, that on September 4, 2019, Manhattan Community Board
10 voted to support the Liquor License application of Karina Oshiro with a vote of 25 in favor, 3
opposed and 8 abstentions.",0,7,1,regex_single_resolution
f4177664-28a7-491a-a170-8dac41a4f68b,f00b77f3-6a66-5ce0-b2fd-984f31a503f4,MCB10,https://cbmanhattan.cityofnewyork.us/cb10/wp-content/uploads/sites/11/2021/09/resolution_support_of_the_liquor_license_application_of_charles_hughes_and_ricky_solomon_dba_lambda_inc.pdf,2021-09-01,1,Resolution in Support of the Liquor License Application of Charles Hughes and Ricky Solomon d/b/a “Lambda Inc.” (SLA New Application),"CITY OF NEW YORK
MANHATTAN COMMUNITY BOARD 10
215 West 125th Street, 4th Floor—New York, NY 10027
T: 212-749-3105 F: 212-662-4215
CICE LY HARRIS
Chairperson
SHATI C MITCHELL
District Manager
Resolution: Support of the Liquor License Application of Charles Hughes and Ricky
Solomon d/b/a Lambda Inc. for a new establishment to be located at 2256 Adam Clayton
Powell Blvd., New York, NY 10027.
WHEREAS, the New York State Liquor Authority (SLA) has jurisdiction to issue on-premises
licenses according to the Alcoholic Beverage Control Laws; and
WHEREAS, Manhattan Community Board 10 reviews all new SLA applications for
establishments within our District and offers guidance to the SLA about the potential impact of a
license on public safety and quality of life; and
WHEREAS, Community Boards, as part of their due diligence process, review an applicant’s
ownership and funding; floor plans of the proposed location, food and beverage to be served,
operational aspects of the restaurant/bar or lounge, price points, employee hiring processes,
employee wages and benefits, accessibility and community involvement; and
WHEREAS, “Lambda, INC” is applying for a Liquor License for a new establishment to be
located at 2256 Adam Clayton Powell Blvd., New York, NY 10027 (S/W Corner of 133rd
Street); and
WHEREAS, the Applicant’s principals, Charles Hughes and Ricky Solomon, appeared before
Community Board 10’s Economic Development Committee on June 11, 2019 and presented the
following information:
1. Charles and Ricky previously worked in the liquor industry.
2. “Lambda, INC” will be a Bar/Tavern that will accommodate 20 seated patrons and 60
standing. Lambda also plans to apply for a sidewalk café license at a later date.
3. “Lambda, INC” will be open from 5:00 pm to 4:00 am.
4. The establishment will serve small bites describe food offerings. Price points for
food will range from $9.00 to $15.00.
5. The establishment will serve cocktails priced from $10.00 to $13.00.
6. The restaurant will provide recorded background music and disc jockey.
7. The Applicant plans to employ 13 part-time employees for roles including 8
bartenders, 3 VIP section hosts, and 2 state-licensed security guards. Wages will be
minimum wage plus tips.
8. The Applicant intends to hire employees from the District. The Applicant plans to
post advertisements in local publications, like The Amsterdam News and The Harlem
Times. All employees will be required to take and pass a T.I.P.S certification course.
T.I.P.S is an education and training program for the responsible service, sale, and
consumption of alcohol.
9. The Applicant will hire 2 state licensed security guards.
10. The establishment’s entry, interior, and bathrooms are fully accessible; and
WHEREAS, the Applicant has provided letters of support from area residents and business a
petition of support signed by local residents and neighbors; and
WHEREAS, the Economic Development Committee voted to support this application by a vote
of __7__ yes, _0____ no and _0___ abstain.
THEREFORE, BE IT RESOLVED, that on September 4, 2019, Manhattan Community Board
10 voted to support the Liquor License application of Charles Hughes and Ricky Solomon with a
vote of 25 in favor, 3 opposed and 8 abstentions.",0,7,1,regex_single_resolution
535ec6bd-9131-4685-86ce-6a4f420285b4,28559da4-4c3b-5be6-85c2-be74832d2b5e,MCB10,https://cbmanhattan.cityofnewyork.us/cb10/wp-content/uploads/sites/11/2020/03/CB10NMEIIIResolutionjuly2019.pdf,2020-03-01,1,NME III Resolution,"CITY OF NEW YORK
MANHATTAN COMMUNITY BOARD 10
215 West 125th Street, 4th Floor—New York, NY 10027
T: 212-749-3105 F: 212-662-4215
CICELY HARRIS
Chairperson
SHATIC MITCHELL
District Manager
July 12th 2019",0,0,0,regex_single_resolution
e7a8c76c-1632-429e-8d23-c097c47a4f87,262eea47-8056-5296-91e6-33cc5e771947,MCB10,https://cbmanhattan.cityofnewyork.us/cb10/wp-content/uploads/sites/11/2021/09/la_hermosa_resolution.pdf,2021-09-01,1,La Hermosa Resolution,"CITY OF NEW YORK
MANHATTAN COMMUNITY BOARD 10
215 West 125th Street, 4th Floor—New York, NY 10027
T: 212-749-3105 F: 212-662-4215
CICELY HARRIS
Chairperson
SHATIC MITCHELL
District Manager
July 15th 2019",0,0,0,regex_single_resolution
6aa61802-80e6-46d2-8506-8fbac464d249,da6dd4d6-75f9-511b-bacc-34e9decb9f45,MCB10,https://cbmanhattan.cityofnewyork.us/cb10/wp-content/uploads/sites/11/2021/09/tylik_allen_street_co_naming_resolution.pdf,2021-09-01,1,Tylik Allen Way Street Co-Naming Resolution,"CITY OF NEW YORK
MANHATTAN COMMUNITY BOARD 10
215 West 125th Street, 4th Floor—New York, NY 10027
CICELY HARRIS T: 212-749-3105 F: 212-662-4215
Chairperson
SHAT IC MITCHELL
District Manager
Tylik Allen Street Co-Naming Resolution
RESOLUTION: To support the street co-naming at the northeast corner of West 112th Street and
Malcolm X Boulevard to Tylik Allen Way;
WHEREAS: Tylik Allen was born in Queens, NY on August 2, 1999 to his mother Chantel Allen. In
2006, his family relocated to Harlem, where he graduated from Kipp Star; and
WHEREAS: Tylik was attending Kipp College Prep in the Bronx, where he was running back on his
school’s football team; and
WHEREAS: On September 30, 2017, at the age of 18, Tylik was gunned down while walking with
friends on West 115th Street and Malcolm X Boulevard, hours before he was scheduled to help lead KIPP
against William Cullen Bryant High School in football game in Long Island City; and
WHEREAS: Tylik was planning to attend college at John Jay College of Criminal Justice or City
College of New York the following fall which unfortunately did not come to fruition due to his untimely
death; and
WHEREAS: KIPP College Prep Principal Carlos Capellan and his former teachers support the street co-
naming; and
WHEREAS: 150 written signatures were collected in petitions in support of the street co-naming to
honor Tylik Allen; and
WHEREAS: As Tylik and his mother resided at Kings Towers at West 112th Street, his mother requested
for the street co-naming to be located at the intersection where they lived so that the community
remembers Tylik Allen and countless others whose lives are taken due to gun violence in the community;
WHEREAS: The Centers for Disease Control and Prevention reported the homicide is the leading cause
of death for black males between the ages of 15 and 34; and
WHEREAS: Manhattan Community Board 10’s Transportation, Historic Preservation, and Landmarks
Committee voted unanimously in favor in support of the street co-naming (5 Yes; 0 No; 0 Abstentions)
and Executive Committee voted unanimously in favor of this street co-naming (11 Yes; _0__No;
_0_Abstentions);
THEREFORE, BE IT RESOLVED, that Manhattan Community Board 10 wishes to remember Tylik
Allen by formally requesting that the New York City Council enact legislation to support the street co-
naming at the northeast corner of West 112th Street and Malcolm X Boulevard to Tylik Allen Way on
May 1, 2019 by a vote of _29___YES; __0___NO; __1__ ABSTENTIONS.",0,9,1,regex_single_resolution
43b57227-854a-48d3-8b97-c511c870283e,28e250ad-61f1-5df2-ae91-c381121c8235,MCB10,https://cbmanhattan.cityofnewyork.us/cb10/wp-content/uploads/sites/11/2021/09/painting_lounge_llc_resolution.pdf,2021-09-01,1,Support of Renewal of the Wine and Beer License Application of Painting Lounge LLC,"CITY OF NEW YORK
MANHATTAN COMMUNITY BOARD 10
215 West 125th Street, 4th Floor—New York, NY 10027
CICELY HARRIS T: 212-749-3105 F: 212-662-4215
Chairperson
SHAT IC MITCHELL
District Manager
MAY 1, 2019
Resolution: Support of Renewal of the Wine and Beer License Application of Painting Lounge
LLC for the establishment located at 15 West 116th Street, New York, NY 10026.
WHEREAS, the New York State Liquor Authority (SLA) has jurisdiction to issue on-premises
licenses according to the Alcoholic Beverage Control Laws, and is responsible for enforcing those
laws; and
WHEREAS, Manhattan Community Board 10 reviews all applications and offers guidance to the
SLA about the potential impact of a license on public safety and quality of life in our District; and
WHEREAS, Community Boards, as part of their due diligence process, review an applicant’s
ownership and funding; floor plans of the proposed location, food and beverage to be served,
operational aspects of the restaurant/bar or lounge, price points, employee hiring processes, employee
wages and benefits, and community involvement; and
WHEREAS, Painting Lounge LLC is applying for renewal of its Wine and Beer License for the
Painting Lounge located at 15 West 116th Street, New York, NY 10026 (between Fifth Avenue and
Lenox/Malcolm X Blvd., north side); and
WHEREAS, the Applicant appeared before Community Board 10’s Economic Development
Committee on April 23, 2019 and presented the following information:
1. Painting Lounge LLC is solely owned by Kevin Tarasuk. Mr. Tarasuk holds three other
Wine and Beer licenses at Painting Lounge establishments located respectively on West
14th Street and West 38th Street in Manhattan and Union Avenue in Brooklyn.
2. The Painting Lounge establishments are known as “paint and sip” businesses where
customers take painting lessons in small groups in a studio. Customers are permitted to
bring their own wine or beer. The applicant has not and does not currently intend to sell
alcohol at the premises.
3. The establishment will not have a kitchen, but serves heated meals such as Stoffer’s
Swedish Meatballs, Lasagna, Mac and Cheese, etc. The establishment will have a “bar”
where the food will be served, but there will be no seating at the bar.
4. Applicant has obtained a 10-year lease for the premises, with eight years remaining on
the list. The premises are 1,600 square feet with a certificate of occupancy of 48 patrons.
5. The fee for a standard 2-hour class is $50, but the Applicant often runs sales where
classes are discounted by 20 – 40%. For customer-arranged private classes of a certain
size the fee is reduced to $35. The Applicant has worked with schools such as Promise
Academy, Harlem Children's Zone and Title 1 public schools across the city for as little
as $15 per student
6. The establishment is open from 1 pm to 12 midnight. The last class usually starts at 9 pm.
Painting classes typically run from 2 – 4 hours.
7. The establishment requires that children under the age of 16 be accompanied by a
guardian. Consumption of wine or beer is limited to patrons over the age of 21.
Employees are trained to check photo IDs, monitor customer alcohol consumption and
identify any instances of excessive consumption or patrons who appear to have consumed
excessive alcohol prior to arriving. Disorderly or intoxicated patrons are required to
leave the premises and will be required to call for a driver or taxi.
8. The restaurant does not provide any live music.
9. The Applicant employs 30 part-time art instructors who split their time between the art
studios. Six to eight employees live in the Harlem Community.
10. The Applicant will strive to hire residents from the local community. The Applicant has
already identified several teachers and managers who live in Harlem.
11. The Applicant plans to make the premises available for fundraisers and other uses by
Community organizations, including field trips from local elementary and high schools.
12. The establishment’s entry, interior and restrooms disabled and wheelchair accessible; and
WHEREAS, the Applicant originally provided petitions of support signed by over 200 residents of
Harlem, which includes over 40 signatures from residents of the block on which the establishment
will be located.
WHEREAS, the Economic Development Committee voted 6-yes, 0-no, and 0-abstentions to support
this application;
THEREFORE, BE IT RESOLVED, that on May 1, 2019, the Manhattan Borough Community
Board 10 supports the Wine and Beer License application of Painting Lounge LLC with a vote of 22
in favor, 10 opposed and 3_ abstentions.",0,7,1,regex_single_resolution
90bcad7a-f615-4c00-bcf9-341f86a1522a,f7c78f16-bff1-5a28-b486-ec0d75828e5f,MCB10,https://cbmanhattan.cityofnewyork.us/cb10/wp-content/uploads/sites/11/2021/09/community_benefits_program_resolution.pdf,2021-09-01,1,Community Benefit Program Resolution,"CITY OF NEW YORK
MANHATTAN COMMUNITY BOARD 10
215 West 125th Street, 4th Floor—New York, NY 10027
T: 212-749-3105 F: 212-662-4215
CICELY HARRIS
Chairperson
SHATIC MITCHELL
Dist rict Manager
“Community Benefits Program” Resolution
Whereas, Manhattan Community Board 10 (CB10) recommends the creation of the “Community
Benefits Program” by The Mayor's Office of Media and Entertainment (MOME) to be offered to
production companies before filming begins in Central Harlem.
Whereas, the “Community Benefits Program” will allow production companies to receive
acknowledgment for charitable and in-kind donations. Community benefits can be, but are not
limited to; internships, training programs, employment opportunities, parking vouchers, donations
to school programs, tenant associations, block associations and/or community programs and
initiatives. The Community Benefits program would be completely voluntary.
Whereas, MOME encompasses the key economic and creative sectors of film, TV, theater, music,
advertising, publishing, digital content and real estate as it relates to these industries. In total, these
sectors account for over 305,000 jobs, and an economic output of $104 billion. The office promotes
New York City as a thriving center of creativity, issuing permits for productions filming on public
property, and facilitating production throughout the five boroughs. It also oversees NYC Media,
the largest municipal broadcasting entity in the country including five TV Stations and a radio
station with a reach of 18 million households and a 50-mile radius.
Whereas, MOME has spearheaded a series of initiatives to ensure that New Yorkers from diverse
backgrounds and perspectives benefit from the growth in the production industry in the city, and
to increase equity and access to all the industries in the agency’s portfolio.
Whereas, NYC Film Green is the first green production designation program in the country to be
administered by a government entity, NYC FILM Green Established New York as the nationwide
leader in setting environmental standards for the film and TV industry. This program encourages
productions to engage in sustainable practices, including waste reduction, energy conservation,
and staff education.
Whereas, Central Harlem has been a heavily sought after filming location for television and film
production companies, which have been an inconvenience for many residents who see no actual
benefits to the community. Some of these inconveniences include blocks of parking space being
taken away from community residents, forcing them to find parking outside of their neighborhood
or in garages. Parking spaces being taken away by production crew members, before the time that
the filming permit allows. Garbage being left behind after filming ends. Lighting from production
cameras shining through apartment windows after midnight into the early hours of the morning.
Loud or disturbing noises due to production crew activity and/or filming. Sidewalks being blocked
off and used for equipment and crew member set-up. In 2018, 150 permits were issued to
production companies by MOME to film in Manhattan Community Board 10.
Whereas, CB10 would like to ensure that transparency, and residential quality of life is maintained
between production companies and communities. The community is willing to work with film
production companies as long as there is transparency, and the community is aware of the ways in
which they are being accommodated. This includes adding signage describing the nature of the
“community benefits” being provided by the production companies.
Whereas, MOME already has a program called NYC Film Green that currently offers eco-friendly
productions the opportunity to be recognized for their efforts in reducing their impact on the
environment. CB 10 recommends that the same practices be instituted as it pertains to the
“Community Benefits Program”.
Whereas, Productions that satisfy program requirements will receive the MOME mark of
distinction to place in end credits and in any marketing and promotional materials, identifying the
project as a leader in charitable production. Productions that go above and beyond will have the
opportunity to receive additional recognition for their exceptional efforts from MOME.
Therefore be it resolved, on April 3rd, 2019, Manhattan Community Board 10 recommends the
creation of a “Community Benefits Program” by the Mayor’s Office of Media and Entertainment,
in hopes to further more suitable working relationships between film production companies and
the communities in which they produce their films.
Therefore be it further resolved, on April 3rd, 2019, Manhattan Community Board 10 voted
unanimously in support of this “Community Benefits Program” resolution with a vote of 28 Yes
0 No.
Cicely Harris Shatic Mitchell
Chairwoman District Manager
Manhattan Community Board 10 Manhattan Community Board 10",0,9,2,regex_single_resolution
8758dc19-cb25-489b-ac94-492aaee85841,2b55abea-701e-59e0-95cd-4d67eddcc39b,MCB10,https://cbmanhattan.cityofnewyork.us/cb10/wp-content/uploads/sites/11/2020/03/Allah_Justice_and_the_Five_Percenters_Square.pdf,2020-03-01,1,"Allah, Justice, and the Five Percenters Square Street Co-naming Resolution","CITY OF NEW YORK
MANHATTAN COMMUNITY BOARD 10
215 West 125th Street, 4th Floor—New York, NY 10027
T: 212-749-3105 F: 212-662-4215
CICE LY HARRIS
Chairperson
SHATI C MITCHELL
District Manager
MANHATTAN COMMUNITY BOARD 10
RESOLUTION
“Allah, Justice, and the Five Percenters Square”
RESOLUTION: To support the co-naming at the Northwest corner of West 126 Street and Adam Clayton
th
Powell Jr. Boulevard to “Allah, Justice, and the Five Percenters Square.”
WHEREAS: “Allah, The Father” was named Clarence Edward Smith after being born on February 22nd,
1928, in Danville, Virginia, as the fifth of Mr. Louis and Mrs. Mary Smith’s seven children. The Smiths
migrated to Harlem in 1946, residing at 249 West 139th Street (between Seventh & Eighth Avenues).
WHEREAS: “Justice” was born on June 3rd, 1924 in Harlem and was named James Howard. He attended
New York City’s Public Schools before working numerous odd jobs throughout Harlem. He then became
a merchant marines man during the late 1940s and throughout the 1950s, gaining valuable worldly
experiences while navigating the seven seas.
WHEREAS: In 1959, Clarence joined his wife Dora at the Nation of Islam’s (NOI) Mosque #7, (then
located at 102 West 116th Street), which was headed by Minister Malcolm X, whose tutelage he
remained under for several years. While there, he was known as Brother Clarence 13X, being the
thirteenth man named Clarence to join the organization.
WHEREAS: In the early 1960s, “Justice” and “Allah the Father” met and joined forces and focused on
educating inner-city youth and on October 10th, 1964 - to distinguish their new youth movement from
the Nation of Islam – while standing in front of 200 West 127th Street with several of their young
disciples, they announced that their fledging group would become known as “The Five Percenters”
WHEREAS: By the spring of 1965 some of The Five Percenters were spreading the teachings beyond
Harlem, and many teenagers in Brooklyn, Queens and the Bronx. By the Spring of 1967, Allah, The
Father had formed alliances with New York City Mayor John V. Lindsay, a couple of Lindsay’s aides –
Barry Gottehrer & Sidney Davidoff, and several other prominent local political figures, namely,
then-Manhattan Borough President Percy Sutton, then-N.Y. State Senator Basil Patterson, future U.S.
Congressman Charlie Rangel and future NYC Mayor David Dinkins.
WHEREAS: on April 30th, 1967, The Five Percenters conducted their first monthly parliament at Central
Harlem’s Mount Morris Park. In June 1967 the Urban League turned over to him a property the city had
recently acquired, located at 2122 Seventh Avenue, between 126 & 127 Streets , with a
th th
ninety-nine-year lease.
WHEREAS: Along with Harlem Prep headmaster, Dr. Ed Carpenter, they were creating a curriculum at
their street academies which were not only compliant with city standards, but that would also better
their students’ chances of having successful futures upon completing school. Having their minds
nourished by such prominent African scholar warriors as Dr. John Henrik Clarke, Dr. Yosef A.A.
ben-Jochannan (aka Dr. Ben) and Professor George Simmons, helped raise student’s cultural awareness,
self-esteem and self-worth.
WHEREAS: On June 13 , 1969, at approximately 4:15 a.m., Allah, The Father was assassinated as he
th
entered the elevator on the first floor of 21 West 112 Street in the Martin Luther King Jr. Towers. He
th
was headed home to see his wife when he was shot seven times.
WHEREAS: Justice continued guiding the youths for the next several years, chaperoning them to cultural
and educational expeditions; also encouraging them to continue seeking knowledge of their glorious
past, and spread it amongst other youths in their communities. Justice passed on July 19, 1978.
WHEREAS: The Five Percenters presented to Manhattan Community Board 10’s Transportation, Historic
Preservation, and Landmarks Committee on September 11, 2018 and received a unanimous vote in
support for the street co-naming application.
WHEREAS: The street co-naming received letters of support from State Assembly Member Inez Dickens;
former State Assembly Member Keith Wright; the Allah School in Mecca Street Academy; Allah’s School
in Medina; Herb Boyd, Adjunct Professor at the City College of New York; Sidney Davidoff of the law firm
Davidoff, Hutcher, and Citron; the Falu Foundation; and the Sons of Africa.
THEREFORE BE IT RESOLVED that Manhattan Community Board 10 wishes to remember Clarence
Edward Smith aka “ Allah, The Father,” James Howell aka “Justice,” and the Five Percenters by formally
requesting that the New York City Council and the Mayor of New York City enact legislation to support
the Co-Naming at the northwest corner of West 126th Street and Adam Clayton Powell, Jr. Boulevard to
“Allah, Justice, and the Five Percenters Square” on November 7, 2018 by a vote of 43 YES; 1 NO; 1
ABSTENTION; and 0 recusals.",0,11,1,regex_single_resolution
72c4c4f2-ebc0-41ed-a030-f3c8314a2897,70ca8be3-3797-517e-bef9-c798a819e20f,MCB10,https://cbmanhattan.cityofnewyork.us/cb10/wp-content/uploads/sites/11/2021/09/landmarks_support_resolution_for_dorrance_brooks_historic_district_091118.pdf,2021-09-01,1,Dorrance Brooks Historic District Resolution,"Manhattan Community Board 10 Transportation, Historic Preservation, and
Landmarks Committee Resolution in Support of the September 2018 New York
State Historic District Application to Designate a New Central Harlem
Dorrance Brooks Historic District
WHEREAS the West Harlem Preservation Organization in conjunction with the Dorrance
Brooks Property Owners and Residents Association is submitting in September 2018 an
application to the New York State Historic Preservation Office to designate a New York State
Historic District in Central Harlem to be called the Dorrance Brooks Historic District, and
WHEREAS community meetings were held in April 2018 at the St. Marks United Methodist
Church which included local residents, and representatives from the Historic District Council,
West Harlem Preservation Organization, and local block associations, and
WHEREAS the proposed Historic District is approximate in scope, size and location to the April
2012 Community Board 10 Historic Preservation Plan’s Historic District Study Area “#2.
Edgecombe Avenue from 136th Street to 141st Street” in that the proposed District encompasses
the north side of West 136th Street on the south; east side of St. Nicholas Avenue on the west;
south side of West 140th Street on the north; and approximately 100 feet west of Frederick
Douglass Boulevard on the east, and
WHEREAS the proposed Historic District was identified in a 1984 Harlem survey by the New
York City Landmarks Preservation Commission to be eligible for historic district status, and
WHEREAS the proposed Historic District has great significance as a neighborhood associated
with the Harlem Renaissance and as a gathering place for African-American civil rights advocacy,
and
WHEREAS the proposed Historic District includes an impressively diverse set of Queen Anne-
style row houses and apartment buildings built before the turn of the 20th Century which still retain
their original cornices and period detailing, and
WHEREAS the proposed Historic District would share the same name as the public square located
within it, as the Dorrance Brooks Square is the first public space in New York City to honor an
African-American serviceman, whose own father fought valiantly as a soldier in the United States
Colored Troops to free African-Americans from slavery and to preserve the Union; and who died
heroically while leading his company in combat while serving in the then-segregated world-
renowned 369th Infantry Regiment in the First World War, and
WHEREAS the 369th Infantry Regiment was also known as the “Harlem Hellfighters,” which
served 191 days in front line trenches in France, more than any other American unit, and also
suffered the most losses of any American regiment with approximately 1,500 casualties,” even as
the soldiers fought on two fronts, domestically and internationally, to show both their bravery and
patriotism to defend America as well as their efforts to have the respect and rights as full citizens
free from racial discrimination, and
WHEREAS the Dorrance Brooks Square subsequently became a site of frequent protests against
discriminatory practices against African-Americans in the military, labor, and housing, and the
adjoining St. Mark’s United Methodist Church was a significant institutional presence and
contributed significantly to the cause of African-Americans in the arts, the civil rights struggle and
social welfare, and provided crucial facilities for community educational and athletic programs,
such as the WPA Adult Education Program, which had an enrollment of close to 5,000 in 1937,
and
WHEREAS the proposed Historic District is distinctly vulnerable to destruction due to highly
profitable development interests which encourage developers to maximize profits by demolishing
existing historically, architecturally, and culturally significant buildings for replacement with
buildings that are contextually, architecturally and culturally inconsistent with the proposed
Historic District’s existing buildings, an example being the recent demolition of the 1887 Queen
Anne-style row house designed by William H. Boylan and built by Dore Lyon, which housed the
Harlem Arts Guild at 321 West 136th Street created in 1934 by famed African-American sculptress
and teacher Augusta Savage, whose guild members included historian Arturo Schomberg and
painters Charles Alston and Aaron Douglas and whose students included Jacob Lawrence and
Romare Bearden; another example being the planned demolition of the Gothic Revival-style
Mount Calvary Baptist Church at 116 Edgecombe Avenue built in 1898 by Henry Anderson as the
Evangelical Lutheran Church of the Atonement, as well as the 1897 neo-Renaissance rowhouses
designed by architect Arthur De Saldern and built by Charles H. Bliss at 112 Edgecombe Avenue
and 114 Edgecombe Avenue directly adjoining the church, all to be replaced with a development
which will be contextually, architecturally and culturally inconsistent with the currently existing
buildings, and
WHEREAS the proposed Historic District has the strong support of local organizations including
the West Harlem Preservation Organization, Save Harlem Now!, local block associations and
residents, and
WHEREAS Community Board 10 supports efforts to preserve the cultural, architectural and
contextual integrity of Central Harlem by the creation of local historic districts through public
hearings and community meetings, and
THEREFORE BE IT RESOLVED that on September 11th, 2018 the Manhattan Community
Board 10 Transportation, Historic Preservation, and Landmarks Committee urges the New York
State Historic Preservation Office to approve the proposed Central Harlem Dorrance Brooks
Historic District with a vote of 8 in favor, 0 opposed and 0 abstentions.",0,12,1,regex_single_resolution
bfc56a72-fbdf-4f0e-9079-fd5d7cd0f9c9,66b34fee-ffca-5cd7-8ee9-61f859e2307c,MCB10,https://cbmanhattan.cityofnewyork.us/cb10/wp-content/uploads/sites/11/2021/09/resolution_proposed_m1_hotel_zoning_text_amendment_final_.pdf,2021-09-01,1,Resolution Against M1 Hotel Special Permit,"CITY OF NEW YORK
MANHATTAN COMMUNITY BOARD 10
215 West 125th Street, 4th Floor—New York, NY 10027
T: 212-749-3105 F: 212-662-4215
CICE LY HARRIS
Chairperson
ANDRE W LASSALLE
District Manager
June 6, 2018
RE: Resolution of Non-Support for Proposed M1 Hotel Zoning Text Amendment
Whereas, The New York City Department of City Planning (DCP) is proposing a zoning text
amendment to establish a new Special Permit under the jurisdiction of the City Planning
Commission for new hotels, motels, tourist cabins, and boatels in light manufacturing (M1)
districts citywide. A Special Permit is a discretionary action by the City Planning Commission
(CPC), subject to the public review process (ULURP), which may modify use regulations if
certain conditions specified in the Zoning Resolution are met. The public review process
includes Community Board, Borough President, and CPC review. The City Council may elect to
review a Special Permit application and Mayoral review is also optional. Because there are very
few motels, tourist cabins, or boatels in NYC, the term “hotel” is used here to refer to all of these
transient accommodations,
Whereas, DCP needs to ensure that sufficient opportunities for industrial, commercial, and
institutional growth remain, and believes it would be beneficial to revisit the zoning framework
for M1 districts. However, since 2010, there has been a rapid increase in hotels in M1 districts,
particularly in areas near transit. A market analysis of the City’s hotel conditions, produced by a
real estate and economics consultant team engaged by DCP, assessed current and anticipated
future conditions in the City’s hotel industry,
Whereas, The increase in hotels is due to a combination of rapid growth in tourism in New York
City over the last decade and the current zoning framework. DCP has recognized that the
following aspects of the zoning of M1 districts make it especially well-suited for hotel
development:
I. Hotels are commonly developed to the maximum permitted FAR, often at odds with
surrounding lower scale industrial uses in many M1 districts.
II. The height and setback regulations allow for tower development, and these tall, slender
buildings often provide for efficient hotel layouts
III. Hotels can be developed on small, narrow lots, which are more widely available than
large lots. Lot assemblages are not usually needed.
IV. The zoning has low parking and loading requirements for hotels.
Whereas, By establishing a new CPC special permit, DCP proposes a case-by-case, site-specific
review process to ensure that hotel development occurs only on appropriate sites, based on
reasonable considerations regarding whether a hotel presents the potential for conflicts with the
surrounding uses and how well a hotel reflects the general character of the surrounding area. A
CPC special permit would allow for the consideration of appropriateness of hotel development in
both the actively light industrial areas, where hotels and existing uses are potentially
incompatible, and the more mixed-use areas within M1 districts, where the City may want to
direct growth towards various other employment sectors. A CPC special permit would also still
allow for hotels to serve the needs of the tourism industry when appropriate,
Whereas, Transient hotels operated for a public purpose by the City of New York or
organizations under contract with City will be exempt from the Special Permit requirement.
Hotels operated for a public purpose are primarily used to provide temporary housing assistance,
or shelter, to homeless individuals and families. It is a legal obligation of the City to provide
shelter to all eligible persons within the five boroughs, and the City must maintain the existing
flexibility in zoning that permits temporary housing for the homeless in all M1 districts to ensure
it has sufficient capacity to meet census demand for temporary accommodations,
Whereas, The proposed CPC Special Permit would apply to all M1 districts, excluding MX or
paired M1/R districts, except for:
 M1 districts that include airport property and non-residential M1 districts adjacent to
airports. These M1 districts have a unique economic function in NYC and provide
essential airport services, and options for accommodations are among those necessary
services.
 M1 districts with existing hotel Special Permit provisions, since appropriate controls for
hotel development have already been implemented for these areas.
Whereas, Any hotel existing within M1 districts on the date of adoption of the proposed zoning
text amendment would be considered a conforming use, meaning that any enlargement or
extension would be permitted so long as it does not exceed 20% of the existing floor area and the
zoning lot is not enlarged. Any enlargement or extension that does exceed 20% would require the
proposed Special Permit. Additionally, hotel developments with a building permit or partial
permit issued by the Department of Buildings before the referral date of the proposed action
would be permitted to start or continue construction as long as they complete their construction
and obtain a certificate of occupancy within three years of the date of adoption of the proposed
zoning text amendment,
Whereas, DCP presented the proposed M1 Hotel Zoning Text Amendment at Community Board
10 Land Use Meeting on Thursday May 17, 2018
Whereas, The CB10 Land Use committee voted against the text amendment. Partially due to
the CB10 moratorium on special interest housing, the committee was not in favor of the
“grandfathering” of the construction of transient hotels.
Whereas, M1 zoning districts are widely located far away from commercial business districts,
where hotels are typically located.
Whereas, Instead of building transient housing such as motels, we urge the Mayor and DCP to
collaborate with HPD to build permanent housing for low-income and formerly homeless
households. NYC is facing an affordable housing crisis which acutely affects the ever-growing
homeless population of approximately 75,000 individuals and children. These formerly homeless
families should be provided permanent affordable housing rather than transient housing in ill-
suited enclaves used primarily for manufacturing purposes. Furthermore, the zoning text
amendment facilitates the development of transient housing which costs about $170 per day per
person for tens of thousands of New Yorkers in the shelter system. This policy is an ineffective,
costly mechanism which fails to provide long-term solutions to housing families and individuals
in the shelter system.
Whereas, Manufacturing districts are not appropriate for developing transient hotels to house the
homeless. We need more permanent housing for the homeless and low-income communities,
which will not be accomplished by this zoning text amendment. We recommend the that any
zoning action for residential use in manufacturing districts include permanent housing and long-
term comprehensive planning to make these areas more suitable for permanent residential uses.
Therefore, be it resolved that, At its regularly scheduled General Board meeting held on
Wednesday, June 6, 2018, Community Board 10 approved the following resolution RE: Non-
Support for Proposed M1 Hotel Zoning Text Amendment by a vote of 31 in favor, 1 opposed,
and 2 abstention.",0,12,1,regex_single_resolution
a7831478-831b-45bf-8975-1abae63ec5b7,39d1fa05-4f22-5368-91c4-2412392209bb,MCB10,https://cbmanhattan.cityofnewyork.us/cb10/wp-content/uploads/sites/11/2021/09/studio_museum_resolution.pdf,2021-09-01,1,Resolution in Support of Studio Museum,"CITY OF NEW YORK
MANHATTAN COMMUNITY BOARD 10
215 West 125th Street, 4th Floor—New York, NY 10027
T: 212-749-3105 F: 212-662-4215
CICELY HARRIS
Ch airperson
ANDREW LASSALLE
District Manager
Manhattan Borough President Gale Brewer
431 West 125th Street
New York, New York 10027
Re: Support for The Studio Museum in Harlem’s New Building
Dear Manhattan Borough President Brewer,
At its regularly scheduled General Board meeting held on Wednesday, June 6, 2018, Community
Board 10 approved the following resolution re: Support for The Studio Museum in Harlem’s
New Building Project by a vote of 31 in favor, 0 opposed, and 0 abstention.
Whereas, The Studio Museum in Harlem, since 1968, has served as the nexus for artists of
African descent locally, nationally and internationally and for work that has been inspired and
influenced by black culture. It is a site for the dynamic exchange of ideas about art and society;
and
Whereas, The Studio Museum in Harlem is a member of the Cultural Institutions Group, a body
of 33 member organizations each of which are located, either wholly or partially, on City-owned
property, and receive significant capital and operating support from the City to help meet basic
security, maintenance, administration and energy costs. In return for this support, these
institutions operate as publicly-owned facilities whose mandate is to provide cultural services
accessible to all New Yorkers; and
Whereas, during its nearly 50 year history the Studio Museum has amassed a permanent
collection of over 2,000 objects and has provided a unique home for the creation, exploration and
appreciation of work by black artists. The Studio Museum has served as a cultural anchor on
125th street and consistently offers Harlem residents opportunities to engage with the work of
artists spanning the 19th through the 21st centuries; and
Whereas, the Studio Museum also offers award-winning education and public programs for all
ages (families, students, seniors and adults) which bring the Studio Museum’s mission to life,
expand upon seasonal exhibitions, and survey prevalent issues in contemporary art and black
culture, including literary series, academic and internship programs, artist-in-residence programs,
artist talks, panels, screenings, hands-on workshops, family programs, a weekly program for
elders with dementia and their caregivers, school visits and other on-sight tours; and
Whereas, The Studio Museum intends to replace the existing museum building (a converted
1914 commercial structure with an adaptive reuse design by J. Max Bond, Jr.) and outdoor
sculpture court with a purpose-built facility designed by renowned architect Sir David Adjaye
OBE, with Cooper Robertson serving as the architect of record, with the goal of enhancing its
services and physical setting; and
Whereas, the Project will provide custom-built and expanded facilities, enriched visitor
experience and strong architectural presence appropriate to a premier center for contemporary
artists of African descent, the principal visual art institution in Harlem and a magnet for visitors
from around the world; and
Whereas, the Project will enable the Studio Museum to better serve its growing and diverse
audiences, provide additional educational opportunities to museum goers from toddlers to
seniors, expand its world-renowned exhibitions of art by artists of African descent and
influenced and inspired by black culture, and effectively display its singular collection of artwork
from the nineteenth century to the present day; and
Whereas, The Project’s design has been driven by its desire to serve the public with an
experience of art at various moments of engagement – from the street, lobby, galleries and
circulation corridors – and to function as an exhibition gallery, an archive, a workplace for artists
in residence and a “living room” for the Harlem community and its visitors; and
Whereas, the Studio Museum presented its Construction Documents design and signage
program to the Community Board 10 Land Use Committee on Thursday, May 17, 2018; and
Whereas, the Studio Museum presented its Construction Documents design and signage
program at the Community Board 10 General Board meeting on Wednesday, June 6, 2018; now
Therefore, be it resolved that, Manhattan Community Board 10 supports the efforts of The
Studio Museum in Harlem to build a new facility on its current site at 144 West 125th Street; and
Be it also resolved that, Manhattan Community Board 10 supports the final design of the
building and signage program presented by the Studio Museum and looks forward to a favorable
review and approval from the NYC Public Design Commission. If you have any questions please
feel free to contact the District Office at (212) 749-3105.",0,10,1,regex_single_resolution
17c0df93-b02b-41a9-becb-a7ff5333c079,e9367dc8-b753-5ef0-9a14-d8f4eb364f5d,MCB10,https://cbmanhattan.cityofnewyork.us/cb10/wp-content/uploads/sites/11/2021/09/esi_resolution.pdf,2021-09-01,1,Resolution on the Enhance Station Initiative (ESI) by MTA,"CITY OF NEW YORK
MANHATTAN COMMUNITY BOARD 10
215 West 125th Street, 4th Floor—New York, NY 10027
T: 212-749-3105 F: 212-662-4215
CICELY HARRIS
Ch airperson
ANDREW LASSALLE
District Manager
June 6, 2018
RE: Enhanced Station Initiative Stations Resolution
WHEREAS the New York State Governor Andrew Cuomo proposed a $1 billion project to
close subway stations for extended periods of time for rehabilitative work under his program
entitled the Enhanced Station Initiative (ESI); and
WHEREAS the scope of work for Enhanced Station Initiative stations primarily includes new
lighting, artwork, digital display screens, and tiling; and
WHEREAS Governor Cuomo, New York City Transit (NYCT) and the Metropolitan Transit
Authority (MTA) selected 33 stations in its 2015 capital plan, which did not solicit the input of
community boards, elected officials, transportation advocates, or the general public concerning
the selection of the particular ESI stations or the scope of work included in the Enhanced Station
Initiative upgrades; and
WHEREAS NYCT and the MTA selected two stations in Manhattan Community Board 10
(CB10) to be designated as part of the Enhanced Station Initiative. Neither Community Board
10, our state and city elected officials, or the general public in CB10 were included in the process
to select priority stations for the ESI or selecting stations that need critical repairs; and
WHEREAS NYCT and the MTA selected the West 110th Street B and C train station and the
West 145th Street 3 train station to be included in the Enhanced Station Initiative;
WHEREAS Community Board 10 discovered the six month closure of the West 110th Street B
and C train station on Tuesday, April 3, 2018, which was less than four business days from the
proposed closure date of the station on Monday, April 9, 2018. CB10 had also discovered that
our board, elected officials, and community residents were not informed of the station closure
since there was an oversight at NYCT, where they did not realize that West 110th Street is
included in our CB10 district; and
WHEREAS CB10 and Manhattan Borough President Gale Brewer invited NYCT to make a
presentation at the CB10 General Board Meeting held on Wednesday, April 4, 2018 to provide
notice to the community about the upcoming West 110th Street B/C train station closure; and
WHEREAS at the April General Board Meeting, board members and community residents were
outraged by the lack of transparency, engagement, and notice that the NYCT exhibited in
relation to the West 110th Street B/C train closure; and
WHEREAS on Thursday, April 5th, the CB10 Board Chair and the CB10 Chair of the
Transportation, Historic Preservation, and Landmarks Committee issued a joint letter to the
MTA Board Chair Joseph Llota and the NYCT objecting to the manner in which the MTA and
the NYCT handled the public dissemination process related to the West 110th Street B/C train
station closure and questioned the merit of selecting that station instead of other stations in our
district that require far more repairs than the West 110th Station needed;
WHEREAS CB10's Transportation, Historic Preservation, and Landmarks Committee organized
a Special Hearing held on Friday, April 6th, at which CB10 board members, elected officials,
and community residents shared concerns about how the MTA and NYCT failed to engage and
inform our community about the West 110th Street station closure; and
WHEREAS CB10 requests for a name change of the West 110th Street B/C train station from
""110th Street Cathedral Parkway"" to ""110th Street Frederick Douglass Circle"" because it is more
reflective and respectful of the community's demographics, culture, and history. Furthermore,
this station name change honors the legacy of Frederick Douglass for which the circle is named;
and
WHEREAS CB10 held a public hearing regarding the closure of the West 145th Street 3 train
station on Tuesday, May 14, 2018, at which the NYCT presented on the changes proposed to the
station to dozens of CB10 community residents; and
WHEREAS CB10 requests that for both the West 110th Street and West 145th Street train
station closures, that NYCT provide additional bus service and shuttle buses to ensure that
service is not entirely disrupted along these two train routes; and
WHEREAS CB10 requests that NYCT provide clear signage in the stations along the B/C and 3
train routes indicating the closures and alternative transit options; and
WHEREAS Community Board 10 asserts that the Enhanced Station Initiative has a scope that
prioritizes highly cosmetic changes to stations and completely disregards more important and
critical station repairs including track replacement and signal repairs; and
WHEREAS CB10 emphasizes the importance of including accessibility plans for stations in our
district. We oppose the nature of the ESI strongly because it also fails to include escalators and
elevators to serve our residents with physical special needs, in addition to benches inside of the
station; and
WHEREAS CB10 requests to be included in conversations about the art work selected at these
stations to ensure that they are culturally relevant and that local artists are selected for the
artwork design; and
WHEREAS CB10 urges the MTA and NYCT to include CB10 in the station selection process
for future initiatives well in advance of the RFQ release for the construction work because we
believe that Minority-Owned Businesses and local construction workers have been neglected by
the ESI process as they were not informed about the opportunities to conduct business and obtain
employment for these construction projects; and
WHEREAS CB10 urges Governor Cuomo and agencies in his purview and oversight to develop
a clear, inclusive, strategic, and transparent process with the selection of any future stations
requiring repairs and long-term station closures. We urge for the Governor to include community
boards, elected officials, and the general public in the future capital plan selections for stations
requiring repairs; and
THEREFORE BE IT RESOLVED that Manhattan Community Board 10 submits this
resolution for the reference of Governor Cuomo, the NYCT, and the MTA to address issues with
the Enhanced Station Initiative and its implementation in CB10 and urges them to incorporate
these suggestions for the planning of future station enhancements in CB10.
THEREFORE, BE IT RESOLVED, that on June 6, 2018, the Manhattan Borough Community
Board 10 voted 27 in favor, 3 opposed and 2 abstentions.",0,19,2,regex_single_resolution
cdf7d7d0-8780-4541-bacb-b9c8874362da,f33ea046-f118-5be8-8eed-7f624d9080d3,MCB10,https://cbmanhattan.cityofnewyork.us/cb10/wp-content/uploads/sites/11/2021/08/cb_10_resolution_re._lpc_rules_amendments.pdf,2021-08-01,1,LPC Amendment Resolution,"CITY OF NEW YORK
MANHATTAN COMMUNITY BOARD 10
215 West 125th Street, 4th Floor—New York, NY 10027
T: 212-749-3105 F: 212-662-4215
CICELY HARRIS
Chairperson
ANDRE W LASSALLE
District Manager
May 2, 2018
Manhattan Community Board 10 Resolution Regarding
The Proposed LPC Rules Amendments
WHEREAS the New York City Landmarks Preservation Commission (LPC) announced in
January 2018 that it would be issuing a set of proposed amendments to its governing rules. These
rules amendments are outlined in a 131-page document, with the overwhelming majority of
proposed changes to Chapter 2 of LPC rules entitled “Alteration of Landmarks and Historic
District Buildings;” and
WHEREAS LPC listed six goals it aims to achieve through these Proposed Rules Amendments:
(1) “authorizing the LPC Staff to approve a variety of work-types that are consistently approved
by the Commission utilizing established criteria;” (2) “ensuring that applicants do not have to go
through the more time-intensive Certificate of Appropriateness public hearing process;” (3) “bring
the Commission’s rules up to date with Commission approvals concerning compliance with a wide
variety of other governmental codes and criteria;” (4) “amend existing rules, as well as add new
ones, to reflect current and established practices of the Commission;” (5) “reorganize the rules
comprising Subchapter B of Chapter 2, including consolidation of some existing rules;” and (6)
“delegating to the LPC Staff the authority to approve work that is consistently approved by the
Commission;” and
WHEREAS LPC aims to eliminate the current requirement for LPC applications to be reviewed
by its Commission in a public hearing setting, which would in turn allow LPC applications to be
subject to any formal public review and effectively eliminate presentations to community boards
to facilitate a community discussion on the appropriateness of LPC applications in their respective
districts; and
WHEREAS we are extremely concerned that LPC is attempting to drastically modify its processes
to eliminate the requirement of LPC public hearings and effectively community board public
hearings and advisory recommendations. Currently, at LPC public hearings, community members,
elected officials, and concerned residents of New York City have the ability to submit public
testimony, letters or support or dissent, or even signed petitions regarding all applications
scheduled at a particular hearing. LPC’s rules amendments will eliminate the ability of the general
public and elected officials to submit public testimony before a public hearing; and
WHEREAS on March 27, 2018, LPC convened a public hearing on the Proposed Rules
Amendments, at which dozens of organizations, residents, and elected officials submitted
testimony and protested against the Proposed Rules Amendments; and
WHEREAS in a joint letter issued on April 13, 2018, nine preservation groups urged the LPC to
withdraw the Proposed Rules Amendments. These nine groups included Historic Districts Council,
the Greenwich Village Society for Historic Preservation, the Brooklyn Heights Association, the
New York Landmarks Conservancy, the Municipal Art Society, the Society for the Architecture
of the City, the City Club, Landmark West!, and FRIENDS of the Upper East Side Historic
Districts. This joint letter criticized the LPC’s efforts to diminish public review of LPC
applications, LPC’s usage of landmarks process categorization that had no relevance or reference
to the Landmarks Law, and LPC’s introduction of incentives for the use of substitute and faux
materials on historic buildings. This joint letter was co-signed by dozens of elected officials,
advocates, community groups, and community boards; and
WHEREAS the Chair of the New York City Landmarks Preservation Commission Meenakshi
Srinivasan announced her resignation on April 19, 2018 amid much controversy and criticism
involving these LPC Rules Amendments and other issues; and
WHEREAS the CB10 Transportation, Historic Preservation, and Landmarks Committee
discussed the proposed LPC rules amendments in the April 2018 committee meeting and
determined that these proposals will compromise the transparency of LPC reviews of LPC
applications and will ultimately compromise the integrity of the historic districts and buildings
across the City of New York; and
WHEREAS LPC is proposing an unprecedented overhaul of current LPC rules and procedures
that were originally set to ensure the transparency of the review process of proposed work in
historic districts and on historic buildings; and
WHEREAS Manhattan Community Board 10 urges LPC and the Mayor’s Office to withdraw the
LPC Proposed Rules Amendments as it diminishes the transparency, trust, and accountability that
the LPC review process should have; and
THEREFORE BE IT RESOLVED that Manhattan Community Board 10 urges the New York
City Landmarks Preservation Commission to discard the proposed LPC Rules Amendments and
uphold its existing rules without amendments with a vote of 29 in favor, 0 opposed and 0
abstentions.",0,10,1,regex_single_resolution
c0f6934b-dd68-41a0-9d19-678d0c79887b,c6b944c9-8acc-56ef-84fc-0c3dc5b62c1a,MCB10,https://cbmanhattan.cityofnewyork.us/cb10/wp-content/uploads/sites/11/2021/08/2080_fdb_resolution.pdf,2021-08-01,1,"Tinesha Sharpe, 2080 Frederick Douglass Blvd., New York, NY 10026 (between 112th-113th Streets, east side)- Full Liquor License (art studio/paint and sip)","CITY OF NEW YORK
MANHATTAN COMMUNITY BOARD 10
215 West 125th Street, 4th Floor—New York, NY 10027
T: 212-749-3105 F: 212-662-4215
CICELY HARRIS
Chairperson
ANDRE W LASSALLE
District Manager
May 2, 2018
Resolution: Support of the Liquor License Application of Tinesha Sharpe, d/b/a “Paint ‘N
Pour” for a new establishment to be located at 2080 Frederick Douglass Blvd., New York,
NY 10026.
WHEREAS, the New York State Liquor Authority (SLA) has jurisdiction to issue on-premises
licenses according to the Alcoholic Beverage Control Laws; and
WHEREAS, Manhattan Community Board 10 reviews all new SLA applications for
establishments within our District and offers guidance to the SLA about the potential impact of a
license on public safety and quality of life; and
WHEREAS, Community Boards, as part of their due diligence process, review an applicant’s
ownership and funding; floor plans of the proposed location, food and beverage to be served,
operational aspects of the restaurant/bar or lounge, price points, employee hiring processes,
employee wages and benefits, accessibility and community involvement; and
WHEREAS, Tinesha Sharpe is applying for a Liquor License for a new establishment to be
located at 2080 Frederick Douglass Blvd., New York, NY 10026 (between 112th – 113th Streets,
east side); and
WHEREAS, the Applicant Tinesha Sharpe, appeared before Community Board 10’s Economic
Development Committee on April 12, 2018 and presented the following information:
1. Ms. Sharpe is a resident of Harlem and the owner of “The Vanity Box” a retail hair
product business with locations in Harlem, Queens, Brooklyn, New Jersey,
Philadelphia and Washington DC.
2. Paint ‘N Pour will be an art studio that will offer art classes where patrons of all ages
can take painting classes and order small food dishes and cocktails. The
establishment will service birthday parties, corporate events and fundraising events.
3. Paint ‘N Pour will be 1,700 square feet on the main floor with a 700 square foot back
patio. It will accommodate 85 patrons in the interior and 35 in the rear yard. There
will be no bar.
4. Both the interior and the rear yard will be used for painting classes. The rear yard
will be enclosed, heated, cooled and sound proofed.
5. Paint ‘N Pour will be open from 4:00 pm to 11:00 pm on Monday to Thursday, from
4:00 am to 1:00 am Friday, from noon to 1:00 am Saturday, and from noon to 11:00
pm on Sunday.
6. The restaurant will provide recorded background music played at a level to
accommodate teachers and students engaged in classes. The interior premises will be
sound proofed.
7. The Applicant plans to employ 15 - 18 employees including local artists, an
Operations Manager, a Kitchen Manager, an Event Coordinator, bartenders, servers,
line cooks and prep cooks.
8. The Applicant intends to hire employees from the District and intends to work with
NYC Business Solutions and Harlem Park to Park
9. Paint ‘N Pour will be ADA-compliant and have accessible entryways, seating areas
and restrooms.
WHEREAS, the Applicant has provided letters of support from the Harlem Community
Development Corporation and the Frederick Douglass Boulevard Alliance; and
WHEREAS, the Applicant provided a petition of support signed by 48 local residents; and
WHEREAS, the applicant met with residents of the subject building and members of the
building’s tenant association, and several of said residents appeared at the Economic
Development Committee to voice support for the applicant; and
WHEREAS, the Economic Development Committee voted unanimously to support this
application.
THEREFORE, BE IT RESOLVED, that on May 2, 2018, the Manhattan Borough Community
Board 10 supports the Liquor License application of Tinesha Sharpe with a vote of 29 in favor, 0
opposed and 0 abstentions.",0,9,1,regex_single_resolution
12883dca-9c23-41ef-be35-e72a09a05f5b,95f47793-74ad-503a-a78b-acb433e97967,MCB10,https://cbmanhattan.cityofnewyork.us/cb10/wp-content/uploads/sites/11/2021/08/resolution_bill_bojangles_robinson_playground.pdf,2021-08-01,1,Bill Bojangles Playground Resolution,"CITY OF NEW YORK
MANHATTAN COMMUNITY BOARD 10
215 West 125th Street, 4th Floor—New York, NY 10027
T: 212-749-3105 F: 212-662-4215
CICELY HARRIS
Chairperson
ANDRE W LASSALLE
District Manager
May 2, 2018
Manhattan Community Board 10 Resolution Regarding
Bill “Bojangles” Robinson Playground Parks Renovation Project
WHEREAS Bill Bojangles Robinson Playground is located in Manhattan Community Board 10
at West 150th Street between Frederick Douglass and Adam Clayton Powell Jr. Boulevards; and
WHEREAS the Community Parks Initiative (CPI) project will completely reconstruct Bill
“Bojangles” Robinson Playground; and
WHEREAS the project design will make improvements to the seating area, playground and
basketball court and will include:
• Restoration of the existing mural, plaque and low stone retaining wall that commemorate Bill
Robinson. (Note that the mural and associated plaque are registered together as an official city
monument.)
• An increase of the play dimensions of the basketball court as required to accommodate the
community’s youth basketball programming needs.
• The installation of new backstops, asphalt pavement, color sealcoat and metal bleachers for
spectator seating to the basketball court.
• The installation of new play equipment, benches and safety surfacing over new asphalt
pavement.
• The installation of new benches, game tables, a bottle-filler with hi/low drinking fountain
basins, and concrete pavers to the seating area.
• The installation of featured dance step graphics on the ground which will encourage park
visitors to attempt and appreciate one of Bill Robinson’s famous tap dance sequences known
as the “Crossover Step”.
• Fencing will be minimized and the seating area near the mural will remain open at all times in
keeping with the “Parks Without Borders” initiative.
• Provisions for all areas of the park that will meet or exceed ADA requirements for accessibility.
WHEREAS sustainable design features will include:
• Increased permeability and native vegetation
• Additional shade trees and improved conditions for existing shade trees
• High-albedo surfaces
• Use of recycled content materials
• Energy efficient light fixtures; and
WHEREAS a public charrette was held on October 25th, 2017 which included the collaboration
of New York City Parks Department architects, designers, engineers and the local community;
WHEREAS on April 11th , 2018 the City’s Department of Parks presented to the Manhattan CB
10 Parks and Recreation Committee on proposed designs for the Bill “Bojangles” Robinson
Playground which incorporated community input; and
WHEREAS the City’s Department of Parks will return to the June 13th, 2018 Manhattan CB 10
Parks and Recreation Committee to present a proposed final design incorporating further
community input for the Bill “Bojangles” Playground; and
WHEREAS the proposed renovations and park design will upgrade the active play amenities,
enhance the environmental qualities of the site, facilitate increased passive recreational use of the
site, clarify user circulation and improve the experience of arriving at and entering the park; and
WHEREAS the average time for construction is 12-18 months. The construction timeline for this
specific contract will be established at the conclusion of the procurement phase; and
WHEREAS the mayoralty funded project is estimated to cost between $1 million and $3 million;
and
WHEREAS improving public parks and open space is integral to livable communities and has a
direct impact on the everyday quality of life for our residents, from fighting blight to facilitating
physical activity and better health in our neighborhoods; and
WHEREAS CB 10 urges the Central Park Conservancy to incorporate play equipment with
features that engage mobility and/or sensory-challenged children; now
THEREFORE, BE IT RESOLVED, that on May 2, 2018, that Manhattan Community Board 10
supports the City’s efforts to upgrade, through renovations and new designs Bill “Bojangles”
Robinson Playground with a vote of 28 in favor, 1 opposed and 0 abstentions.",0,12,1,regex_single_resolution
7816c258-c08d-4645-8013-f419b630ea4b,366bc50a-73dd-5238-b17e-1a7649228b78,MCB10,https://cbmanhattan.cityofnewyork.us/cb10/wp-content/uploads/sites/11/2021/08/resolution_manhattan_community_board_10_supporting_central_park_commemoration_of_seneca_village.pdf,2021-08-01,1,Seneca Village Resolution,"CITY OF NEW YORK
MANHATTAN COMMUNITY BOARD 10
215 West 125th Street, 4th Floor—New York, NY 10027
T: 212-749-3105 F: 212-662-4215
CICELY HARRIS
Chairperson
ANDRE W LASSALLE
District Manager
May 2, 2018
Manhattan Community Board 10 Resolution Supporting
Central Park Commemoration of Seneca Village
WHEREAS Seneca Village was a settlement of mostly African American landowners in the
borough of Manhattan in New York City, founded in 1825 by free black people – the first such
community in the city – although it also came to be inhabited by several other minorities, including
Irish and German immigrants, and Native Americans; and
WHEREAS the settlement was located on about five acres (2.0 ha) approximately bounded by
where 82nd and 89th Streets and Seventh and Eighth Avenues would be now, if Central Park had
not been built. A stone outcropping near the 85th Street entrance to Central Park is believed to be
part of a foundation of the African Methodist Church. At its peak, the community numbered more
than 350 people, and had three churches, two schools, and two cemeteries. It existed until 1857,
when it was torn down for the construction of Central Park; and
WHEREAS Seneca Village was Manhattan's first significant community of African American
property owners. By the 1840s, it had become a multi-ethnic community consisting of African
Americans, Irish and German immigrants, and Native Americans; and
WHEREAS in 1855, the New York State Census reported approximately 264 individuals living
in the village. There were three churches, as well as a school and several cemeteries. Within two
years Seneca Village would be razed and its identity erased by the creation of Central Park; and
WHEREAS the Seneca Village Project includes several integrated components: archaeological
and archival research and education; and
WHEREAS on March 14th, 2018 the Central Park Conservancy and the Seneca Village Project
presented to the Manhattan Community Board 10’s Parks and Recreation Committee on a
proposed desire to commemorate the historic settlement; and
WHEREAS commemorative formats as suggested by the community, i.e. garden with a
technologically interactive component emphasizing the village footprint, history and culture, with
a tie-in to the artifacts collected by the Seneca Village project within the context of Central Park;
and
WHEREAS a design competition for a commemorative technologically interactive Garden was
suggested that would incorporate an interpretation of the Seneca Village while also preserving the
archaeological site; and
WHEREAS the Committee will revisit the issue in June to assess the progress of the Central Park
Conservancy’s evaluation of the proposed commemorative formats as suggested by the
community; now
THEREFORE, BE IT RESOLVED that Manhattan Community Board 10 unequivocally
recommends that New York City Parks commemorate, within an educational context, the site of
the historic Seneca Village in Central Park with a vote of 29 in favor, 0 opposed and 0 abstentions.",0,9,1,regex_single_resolution
c2bf9e77-3288-4241-be90-3cd2c163a757,10ad2438-72bd-5200-bbff-7bb0c8662c84,MCB10,https://cbmanhattan.cityofnewyork.us/cb10/wp-content/uploads/sites/11/2021/08/electra_resolution.pdf,2021-08-01,1,"Electra Enterprise, LLC, d/b/a “City Island in the City”, 301 West 151st Street, New York, NY 10039 (between Frederick Douglass and Bradhurst Ave., north side) – Full Liquor License","CITY OF NEW YORK
MANHATTAN COMMUNITY BOARD 10
215 West 125th Street, 4th Floor—New York, NY 10027
T: 212-749-3105 F: 212-662-4215
CICELY HARRIS
Chairperson
ANDRE W LASSALLE
District Manager
May 2, 2018
Resolution: Support of the Liquor License Application of Electra Enterprises LLC, d/b/a
“City Island in the City,” for an establishment located at 301 West 151st Street, New York,
NY 10039.
WHEREAS, the New York State Liquor Authority (SLA) has jurisdiction to issue on-premises
licenses according to the Alcoholic Beverage Control Laws; and
WHEREAS, Manhattan Community Board 10 reviews all new SLA applications for
establishments within our District and offers guidance to the SLA about the potential impact of a
license on public safety and quality of life; and
WHEREAS, Community Boards, as part of their due diligence process, review an applicant’s
ownership and funding; floor plans of the proposed location, food and beverage to be served,
operational aspects of the restaurant/bar or lounge, price points, employee hiring processes,
employee wages and benefits, accessibility and community involvement; and
WHEREAS, Electra Enterprises LLC is applying for a Liquor License for “City Island in the
City” located at 301 West 151st Street, New York, NY 10039 (between Frederick Douglass Blvd.
and Bradhurst); and
WHEREAS, the Applicant’s principal, Ms. Stacia Means, appeared before Community Board
10’s Economic Development Committee on July 20, 2015 and presented the following
information:
1. Ms. Means is a lifetime resident of Harlem and the sole owner of Electra Enterprises
LLC. Ms. Means has previously worked in entertainment marketing.
2. Applicant has obtained a 15-year lease for the premises.
3. The restaurant will accommodate 31 patrons (25 at tables and 6 at the bar).
4. The restaurant will be a “family friendly” establishment serving moderately priced
seafood, fish and chips, steamed fish and vegetables, and burgers. The restaurant will
provide take-out and delivery service. Prices will be affordable.
5. The restaurant will be open seven days, for lunch and dinner. Hours will be 11:00 am
to 1:00 am Sunday to Thursday and 11:00 am to 4:00 am Friday and Saturday. The
restaurant will provide take-out and delivery service.
6. The restaurant will not provide any live music. It will provide recorded background
music only.
7. The Applicant plans to employ 4 people, who will be compensated at above minimum
wage.
8. The Applicant intends to hire all employees from the District.
9. The establishment will be ADA compliant and fully accessible to all patrons.
WHEREAS, the Applicant has submitted a petition of support signed by 42 area residents; and
WHEREAS, Community Board 10 had previously voted to support this application on January
6, 2016; and
WHEREAS, on April 12, 2018 the Economic Development Committee voted unanimously to
support this application;
THEREFORE, BE IT RESOLVED, that on May 2, 2018, the Manhattan Borough Community
Board 10 supports the Liquor License application of Electra Enterprises LLC with a vote of 29 in
favor, 0 opposed and 0 abstention.",0,8,1,regex_single_resolution
c4e59c1a-eff5-499f-809e-3e897cb6bde1,a9bbfed7-16b0-5708-966e-eaffb5e3eb5d,MCB10,https://cbmanhattan.cityofnewyork.us/cb10/wp-content/uploads/sites/11/downloads/pdf/full_board_resolutions/2017/resolution_for_safe_and_supportive_schools.pdf,,1,Resolution for Safe and Supportive Schools,"CITY OF NEW YORK
MANHATTAN COMMUNITY BOARD 10
215 West 125th Street, 4th Floor—New York, NY 10027
T: 212-749-3105 F: 212-662-4215
CICE LY HARRIS
Chairperson
ANDRE W LASSALLE
Distr ict Manager
Economic Development Committee
Thursday, November 10, 2017 – 6:30 PM",0,0,0,regex_single_resolution
a2e1de4e-248f-4152-a9c6-ac93af311cad,cab23700-26d3-5f8e-bdbd-435f53ba7d1f,MCB10,https://cbmanhattan.cityofnewyork.us/cb10/wp-content/uploads/sites/11/downloads/pdf/full_board_resolutions/2017/removal_of_james_marion_sims_statue_resolution.pdf,,1,Resolution regarding the removal of J Marion Sims statue from Central Park,"CITY OF NEW YORK
MANHATTAN COMMUNITY BOARD 10
215 West 125th Street, 4th Floor—New York, NY 10027
T: 212-749-3105 F: 212-662-4215
CICELY HARRIS
Ch airperson
ANDREW LASSALLE
District Manager
Dec ember 6, 2017
Resolution Regarding Removal of James Marion Sims Statue from Central Park
WHEREAS, James Marion Sims, a 19th-century physician, is noted for the development of pioneering
tools and surgical techniques related to women’s reproductive health, and is credited as the “father of
modern gynecology”; and
WHEREAS, Sims’ research was conducted on enslaved black women without anesthesia, medical
ethicists, historians and others have called for monuments to Sims to be removed - or to be reconfigured
as tributes to the enslaved women known to have endured his experiments; and
WHEREAS, Sims argued that the movement of the skull bones during a protracted birth contributed to
trismus, designating patients by class and race, Sims experimented on enslaved infants. He took custody
of them and with a shoemaker's awl, a pointed tool used for making holes in leather, tried to pry the bones
of their skulls into proper alignment. According to his published articles, this procedure was only
practiced on enslaved African babies. Because he ""owned"" these poor, innocent children, he had free
access to their bodies for autopsies, which he usually performed immediately after death. Sims routinely
blamed ""slave mothers and nurses for infant suffering, especially through their ignorance.""; and
WHEREAS, Sims, invented the vaginal speculum, a tool used for dilation and examination. He also
pioneered a surgical technique to repair vesicovaginal fistula, a common 19th-century complication of
childbirth; and
WHEREAS, the Mayoral Advisory Commission on City Art, Monuments and Markers was announced in
September 2017 as the group that will advise the Mayor on issues surrounding public art and historic
monuments and markers on City-owned property; and
WHEREAS, in 1853, Sims moved to New York and founded the Woman’s Hospital of New York in
1855. During the Civil War (1861 to 1865), Sims left the United States for Europe. He returned to
establish a thriving New York practice and was elected president of the American Medical Association in
1876. Sims’ groundbreaking surgical methods and inventions earned him considerable renown. A popular
subscription drive to erect this statue in his honor, organized through the Medical Record, solicited
contributions from nearly 1,000 medical professionals. His techniques remain in use to this day; and
WHEREAS, the statue by German artist Ferdinand von Miller II (1842-1929) was cast in Munich,
Germany in 1892 and dedicated two years later in what is now known as Bryant Park. In 1934, the
sculpture was reinstalled at its current location opposite the New York Academy of Medicine, at Fifth
Avenue and 103rd Street; and
THEREFORE BE IT RESOLVED, that on December 6, 2017, the Manhattan Borough Community
Board 10, in light of the horrific and inhumane practices of the aforementioned James Marion Sims,
advocates the immediate and permanent removal of the James Marion Sims statue from Central Park by a
vote of 25 in favor of 0 opposed 0 abstentions.",0,7,1,regex_single_resolution
4c4f8a90-9c87-47f2-ae9f-e6c8570c0841,56f986de-e788-56c4-959d-b0998a7d9c7e,MCB10,https://cbmanhattan.cityofnewyork.us/cb10/wp-content/uploads/sites/11/2021/08/crt_resolution.pdf,2021-08-01,1,Manhattan Borough Board Resolution on Int 799A(Commercial rent tax) and Int 1472 (Affordable Supermarket Commercial Rent Tax),"CITY OF NEW YORK
MANHATTAN COMMUNITY BOARD 10
215 West 125th Street, 4th Floor—New York, NY 10027
T: 212-749-3105 F: 212-662-4215
CICE LY HARRIS
Chairperson
ANDRE W LASSALLE
District Manager
Resolution Recommending New York City Council Passage and Mayor
Signing into Law Int. 799A: A Local Law in Relation to the Commercial Rent
Tax and Int. 1472: A Local Law in Relation to Exempting Certain Grocery
Stores from the Commercial Rent Tax
WHEREAS, the City of New York imposes a commercial rent tax (“CRT”) on the rent paid by
tenants in commercial space south of 96th Street and north of Murray Street in Manhattan (the
“CRT Zone) where the annual rent exceeds $250,000. After allowing for certain statutory
adjustments, and subject to certain exemptions and partial credits, the commercial tax rate is
3.9% of base rent. The threshold for the imposition of the CRT has not been adjusted since 2001;
and
WHEREAS, the City of New York and the State of Florida are the only jurisdictions in the
United States employing a version of a commercial rent tax; and
WHEREAS, NYC businesses operate in one of the most competitive and challenging markets in
the nation. In addition, in a typical commercial lease in Manhattan, the landlord passes along to
its commercial tenants some or all of the real property taxes on the premises, or at a minimum
some or all of increases to the real property taxes during the lease term; and
WHEREAS, full service grocery stores – also known as supermarkets - are low profit margin
neighborhood businesses that are essential to providing local access to a range of affordable fresh
foods and staples for home preparation and consumption, especially for older adults and families;
and
WHEREAS, CRT reform is a borough-wide and citywide issue of concern as many who live
above or below the CRT Zone also work, study or shop in the CRT Zone, or work for employers
within the CRT Zone; and
WHEREAS, Int 799A proposes to raise the threshold for the imposition of the CRT from
$250,000 to $500,000, and make certain other amendments to increase certain partial credits and
adjustments to the CRT. As of tax year 2016, the increase in the threshold would have made
about 3,400 fewer businesses subject to the CRT, with a savings of $45.9 million.
WHEREAS, Int 1472 was crafted this to resemble the FRESH program’s insistence on produce,
fresh meats and dairy. Stores that seek the CRT exemption would have to accept SNAP and
WIC, while earning the majority of their revenue from the sale of grocery items; and
WHEREAS, the New York City Council Committee on Finance held a February 13, 2017
public hearing on Int 799 and Int 1472 at which the Manhattan Chambers of Commerce,
Partnership for NYC, New York City Hospitality Alliance, Times Square Alliance, REBNY,
testified in support of Int 799A, building on the wide range of citywide support the proposal has
received from a broad-based coalition of electeds, businesses organizations and owners; and
WHEREAS, Hunter College Food Policy Center, CUNY Urban Food Policy Institute, American
Heart Association, Locals 338 and 1500, the National Supermarket Association, Food Industry
Alliance, Red Apple Group and Morton Williams also testified in support of Int 1472; and
WHEREAS, while small businesses in our District and Borough face many more challenges to
their survival, and are in need of a far more comprehensive approach to supporting and
sustaining these vital elements of our local economy and sources of employment, the measures
cited above are an important first step in leveling the playing field for these small and low profit
margin businesses which could be otherwise be hiring additional employees or investing in their
businesses; and
THEREFORE BE IT RESOLVED, that on November 1,2017, Manhattan Community Board
10 urges the New York City Council to pass Int 799A and Int 1472 and the Mayor sign them into
law before the close of the current City Council legislative session in December 2017 with a vote
of 30 in favor, 0 opposed and 3 abstention.",0,10,1,regex_single_resolution
60b16bb6-92a5-4190-88d3-9905ac636ecf,cb4e8ea7-fefa-50dc-bba7-7de52eebc80e,MCB10,https://cbmanhattan.cityofnewyork.us/cb10/wp-content/uploads/sites/11/downloads/pdf/full_board_resolutions/2017/resolution_re_proposed_relocation_of_college_station_post_office.pdf,,1,Resolution regarding the proposed relocation of the College Station Post Office to 273 West 138th Street,"CITY OF NEW YORK
MANHATTAN COMMUNITY BOARD 10
215 West 125th Street, 4th Floor—New York, NY 10027
T: 212-749-3105 F: 212-662-4215
CICE LY HARRIS
Chairperson
ANDRE W LASSALLE
Distr ict Manager
Manhattan Community Board 10 Resolution regarding the Proposed Relocation of the USPS
College Station Post Office to 273 West 138th Street
WHEREAS At the September Community Board 10 General Board meeting held on September
6, 2017, Gregory Lackey, a Real Estate Asset Manager representing the United States Postal
Service (USPS), conducted a presentation, informing the Community Board and community
members for the first time of the USPS’ intention to relocate the College Station Post Office
located at 217 West 140th Street to a building under rehabilitation located at 273 West 138th Street;
and
WHEREAS the Community Board and community members had raised several concerns and
questions regarding the poor quality of the service at the existing College Station post office and
whether there would be a reduction of postal workers if the relocation actually occurred, the extent
of outreach that the USPS conducted prior to the presentation at the General Board Meeting, and
the status of the lease of the 138th Street site and whether the USPS had already executed a lease
with the property owner; and
WHEREAS at this meeting, the Community Board first discovered that the intended ground-floor
use of the property located at 273 West 138th Street was a post office and that this was the same
property owner who had scheduled a hearing with the New York City Landmarks Preservation
Commission (LPC) in August 2017 without a presentation to or consultation with the Community
Board and that the property owner, HYK Properties, submitted an application for LPC approval
of proposed rehabilitation work consisting of: window and façade alteration, the installation of
windows of varied widths ranging from 10’ to 25’-9” with a setback by four inches from the
existing brick exterior, an extension of the windows to the cornice, the installation of one window
on each exterior door, installation of 1’4” concrete bulkheads at the bottom of each window, the
installation of 4.5” flat aluminum frames; and
WHEREAS LPC approved this application without consultation with the Community Board,
which was in summer recess from July through August and entered its 2017-2018 session in
September 2017; and
WHEREAS CB10 discovered that the property owner was able to obtain letters of support from
the West 138th Street Striver’s Row Block Association, the Kings Court West 139th Street Block
Association, and the Saint Nicholas Historic District Central Alley Preservation Committee,
however, it was also discovered that these letters of support were obtained because the Applicant
misconstrued the proposed work and the proposed use of the properties with these associations
and as a result, these groups had since retracted their support of the LPC application; and
WHEREAS on September 12, 2017, Erik Palatnik and a group of architects representing the
property owner came before the Manhattan Community Board 10 Transportation, Historic
Preservation, and Landmarks Committee to present the work that LPC had already approved at its
hearing in August 2017 “as a courtesy” to our board and offered to give approximately 1,000 SF
in community facility space in the cellar of 273 West 138th Street to the community board and/or
block associations in exchange for support to the project; and
WHEREAS the Committee explained to the owner’s representative that they had not followed
CB10 Landmarks policies and procedures, proceeded to do work without community board
consultation and consent, intentionally omitted the intended ground-floor uses of the site, omitted
details of the proposed large door on 138th Street which they contemplated as the door for truck
deliveries to the proposed post office, failed to respect the community and block associations by
presenting false plans, failed to acknowledge the transportation impact of relocating a post office
branch to the busy thoroughfare of Frederick Douglass Boulevard, disrespected the Striver’s Row
historic blocks and its residents by neglecting to conduct any type of community engagement prior
to their appearance at the committee meeting, and deemed the offer of community facility space
as an inappropriate bribe which neither the Committee nor the block associations tolerated; and
WHEREAS the Committee resolved to schedule a public hearing prior to issuing a statement on
this property to LPC; and
WHEREAS on October 10, 2017, the CB10 Transportation, Historic Preservation, and Landmarks
Committee hosted a public hearing to facilitate a discussion regarding the proposed relocation of
the post office among the Community Board, community members, the USPS, and representatives
of the proposed relocation site, 273 West 138th Street; and
WHEREAS the USPS conducted a presentation indicating that the USPS underwent a four-year
search to identify a space to relocate the College Station Post Office and identified 273 West 138th
Street as an adequate facility due to location’s size and that it is located in the boundaries of the
area serviced – 137th Street-144th Streets between St. Nicholas Avenue and Lenox Avenue. The
USPS also stated that it is facing financial hardships and is engaging in real estate sales to raise
additional funding for the organization. The USPS stated, at the conclusion of the public hearing,
that it would research other vacant ground-floor sites in its catchment area since the community is
in staunch opposition to a potential relocation to 273 West 138th Street. The USPS indicated that
the lease to the property at 273 West 138th Street had not been signed and they would execute a
sale contract of the existing post office only if the USPS had already executed a lease for the
proposed new site. The USPS refused to provide the community with the name of the potential
buyer of the current College Station Post Office. Finally, the USPS initiated its 30-day comment
period at the public hearing, which would conclude on November 9, 2017; and
WHEREAS the West 138th Street Strivers Row Landmark Block Association and the Kings Court
West 139th Street Block Association presented testimony indicating that the USPS did not comply
with its own Code of Regulations, Title 39, Section 241.4 which dictates how the USPS should
conduct community outreach and planning regarding an expansion, relocation, or construction of
post offices since there was a considerable lack of transparency and communication on behalf of
the USPS to the community. These federal regulations require the USPS to identify the need to
relocate and fully communicate the need to the community, explain the process by which the USPS
would solicit and consider input from the affected community, provide regular updates to the
affected community and elected officials, advise local officials of their appeal rights and the
appeals process, review comments and notify the community and elected officials of any changes
to the proposed plans, make decisions that reflects community feedback and share the official
decisions with the community and officials and post a notice at the post office; and
WHEREAS Manhattan Community Board 10 urges the USPS to follow post office expansion,
relocation, and construction guidelines in its own Code of Regulations and urges the USPS
Inspector General to conduct a thorough investigation on the lack of transparency in the proposed
relocation of the College Station Post Office. CB10 also urges HYK Properties to follow the CB10
policies and procedures related to LPC applications, which details the step-by-step process for
proper notification of proposed work to the Community Board and to the community to ensure
that all residents are properly informed of proposed plans, especially plans such as this one which
have such significant impacts on the community; and
WHEREAS at the public hearing on October 10th, community residents were vehemently against
the relocation of the College Station Post Office to 273 West 138th Street And raised a significant
number of concerns. There were concerns about the current operations of the existing College
Station Post Office, in which there are excessive lines and long wait times, few USPS staff
members working at the windows, short hours of operation, and very poor customer service. There
were fears expressed that the USPS had already executed contracts to sell the existing post office
and only presented at the public hearing as a formality to comply with their own process.
WHEREAS at the public hearing, the New York Metro Postal Union presented testimony
regarding the proposed sale and relocation of College Station Post Office. New York Metro Postal
Union is opposed to the sale and relocation of College Station Post Office and wants the Postal
Service to restore services fully to College Station Post Office. The Union stated that the College
Station Post office has served the community since 1937 and that the USPS should fully restore
services to the community and should be looking for ways to enhance not diminish services. The
community is steadily growing and the need for postal services are steadily increasing as well.
The Postal Service reduced services at this post office four years ago by stopping letter carriers
from being domiciled there which has led to delayed delivery of the mail to the community. The
station needs to open more retail windows, which would minimize wait times in line. The station
needs extended hours of services. The union also expressed that the USPS was not facing financial
hardship, but is facing a crisis of mismanaging post offices and its staff. The sale of College
Station Post Office was a reaction to a congressionally manufactured financial crisis that can only
be solved by congress, not the sale of the College Station Post office building. The Union called
for a thorough investigation to be conducted by the USPS Office of the Inspector General to
investigate the USPS’ non-compliance with its own regulations regarding proposed relocations
and appropriate public and elected official engagement processes. The Union indicated that in
2014, the USPS Office of the Inspector General issued a report on the Post Office Relocation
Process, which found that 25 of 33 relocation projects at the time were not in compliance with
public comment and appeals processes, lacked transparency, and lacked communications with the
community and elected officials. The Union also conveyed that CBRE often represents both the
seller and the buyer in the sales of post offices creating conflicts of interest. The union added that
it was disrespectful to the community to not have representatives of the NYC postmaster/district
manager appear as advertised in the USPS notice of the public hearing who are most acutely aware
of the overall situation and decision-making that impacts this post office. Because the original
notice of this meeting published by the USPS announced the wrong location, the Postal Service
should have made sure that the needs of this community were met at this meeting; and
WHEREAS Save Harlem Now submitted testimony to CB10, recommending the College Station
Post Office for LPC designation since the building has historical value and significance. The Post
Office was constructed in 1935 and was designed by the architect William Dewey Foster in the
neo-federal style with Holland-brick laid in a Flemish bond and articulated with limestone.
William Dewey Foster also designed five other post offices in the New York City; and
WHEREAS on October 23, 2017, the USPS shared a letter to Manhattan Borough President Gale
Brewer dated October 20, 2017, notifying her that the USPS “has decided to reevaluate its position
with respect to the potential relocation of the College Station facility,” however when the Chair of
the CB10 Transportation, Historic Preservation, and Landmarks Committee asked the USPS to
clarify whether the USPS decided to abandon its original plan to relocate to 138th Street and seek
another location or stay in the current post office location, the USPS declined to respond; and
WHEREAS on October 24, 2017, the representatives of the owner of 273 West 138th Street
returned to present at the CB10 Transportation, Historic Preservation, and Landmarks Committee
meeting, seeking a letter of support to their LPC application for proposed work that included the
following: installation of a chairlift at the exterior staircase at West 138th Street, an expansion of
the staircase width from 2’-10” to 3’-3” at grade level, and and expansion of the staircase width
from 2’-10” to 3’-7” at the basement level; and
WHEREAS at this committee meeting, the community raised multiple concerns regarding the
continued intended use of the site as a post office
WHEREAS on October 24, 2017, the West 138th Street Striver’s Row Landmark Block
Association and the Kings Court West 139th Street Block Association submitted testimony in
opposition to the LPC application for the proposed exterior basement stairway, which they deemed
would compromise the historical integrity of the building exterior on 138th Street. They expressed
concerns about the intended use of the community facility space, which may present negative
impacts on the traffic, parking, and overall quality of life of the residents on the block. They also
raised concerns regarding the large bi-fold windows to be installed at both 273 West 138th Street
and 272 West 139th Street, which would also compromise the historical integrity of the buildings.
The groups called for an environmental impact study to be conducted by the USPS and HYK
Properties to examine the potential impact of relocating the post office to the 138th Street building.
This testimony was drafted and signed by C. Virginia Fields, President of the West 138th Street
Striver’s Row Landmark Block Association and Elois Dupree, President of the Kings Court West
139th Street Block Association; and
WHEREAS on October 24, 2017, the Transportation, Historic Preservation, and Landmarks
Committee received a letter dated October 3, 2017 which was submitted to Congressman Espaillat
by Allan S. Moller, an officer of the King’s Court Alley Homeowners’ Association. The letter
expressed opposition to the proposed relocation of the post office, describing the concerns of the
post office’s presence in the St. Nicholas Historic District, which include houses that represent
19th century urban design, prominent architecture, and a historic nature that would be compromised
by the presence of a Post Office on the block; and
WHEREAS the West 138th Street Striver’s Row Landmark Block Association and the Kings Court
West 139th Street Block Association collected 279 signatures to petition to proposed relocation of
the College Station Post Office and submitted the petitions to the Transportation, Historic
Preservation, and Landmarks Committee on October 24, 2017; and
WHEREAS the Committee voted 7-0 against the two LPC applications related to this property;
and
THEREFORE BE IT RESOLVED that Manhattan Community Board 10 vehemently objects to
the relocation of the USPS College Station Post Office from its current location at 217 West 140th
Street to a 273 West 138th Street, urges LPC to revoke its August 2017 vote in support of the LPC
applications related to this property, and strongly opposes the outstanding LPC application for a
stairlift on the property at 138th Street. Neither HYK Properties nor the United States Post Office
followed Community Board 10 protocol or USPS protocol regarding the proper community
notification, engagement, and outreach processes. HYK Properties was negligent in their failure
to provide the Community Board an opportunity to hear their presentation and provide input prior
to scheduling a hearing with the LPC. LPC failed to properly coordinate and communicate with
Community Board 10, as Community Board 10 was not even informed that an LPC hearing was
scheduled for this property in August. We recommend that Congressman Espaillat request a
thorough federal investigation with the USPS Inspector General’s Office for transparency and
accountability for what transpired with the proposed relocation of the post office to Striver’s Row.
The USPS should be in compliance with its own mandates on proper community consultation with
the community.
THEREFORE BE IT FURTHER RESOLVED that on November 1, 2017, Manhattan Community
Board 10 objects to the relocation of the USPS College Station Post Office from its current location
at 217 West 140th Street to a 273 West 138th Street with a vote of 32 in favor, 0 opposed and 1
abstention.",0,22,2,regex_single_resolution
e4f46822-300a-43fb-82a2-5a88d628290e,89439a1b-ac97-5ebd-9c52-c46ee2ced28f,MCB10,https://cbmanhattan.cityofnewyork.us/cb10/wp-content/uploads/sites/11/2021/09/william_atmore_byrd_sr_street_conaming_resolution.pdf,2021-09-01,1,William Atmore Byrd Sr Street CoNaming Resolution,"CITY OF NEW YORK
MANHATTAN COMMUNITY BOARD 10
215 West 125th Street, 4th Floor—New York, NY 10027
T: 212-749-3105 F: 212-662-4215
BRIAN A. BENJAMIN
Ch airperson
ANDREW LASSALLE
District Manager
William Atmore Byrd, Sr. Street Co-Naming Resolution
Resolution: To support the Co-Naming at the intersection of West 131st Street and Frederick
Douglass Boulevard to William Atmore Byrd, Sr. Place.
WHEREAS: William Atmore Byrd, Sr. was a distinguished member of the Central Harlem
community, who worked tirelessly during his lifetime to improve the lives of Harlem residents and
devoted his life to serving his neighborhood;
WHEREAS: William Atmore Byrd, Sr. was the founder and former president of the 131st Street
Block Association and in that role fought to make Harlem a better place to live for his neighbors.
He did this by establishing a myriad of extra-curricular activities for the children around 131st
Street, including the Cadets Program, the Byrd’s Classics Basketball Team, the Vikings Football
Team, the Harlem Stomp Troopers, the Youth Tenant Patrol, and the Devil’s Baseball Team;
WHEREAS: William Atmore Byrd, Sr. was a strong activist and advocate for African-American
rights, and initiated a petition, alongside Howard Bennett and Julian Bond, resulting in over two
million signatures and which would eventually lead the United States Congress to declare Martin
Luther King, Jr. Day a federal holiday;
WHEREAS: William Atmore Byrd, Sr. was looked upon as an inspiration by the residents of the
Harlem community through his work with and guidance to young adults, and helped rid the
neighborhood of drug usage. He started a summer youth employment program as well as a
breakfast and lunch program for children and adolescents. He also helped in the formation of the
Saint Nicholas Houses Tenant Patrol, and supported the Stuyvesant Association of the Deaf for
many years;
WHEREAS: William Atmore Byrd, Sr., was born to Emma Lanier and Addison A. Byrd in
Hampton, Virginia, on January 19, 1927;
WHEREAS: William Atmore Byrd Sr. first served his country by joining the U.S. Army on May
15, 1943 as a private during World War II; he then served the Central Harlem through his
community activism as expressed through the many young lives he positively influenced and
redirected through his many educational, sports, social and nutritional programs;
WHEREAS: William Atmore Byrd, Sr., passed away on Sunday, December 17, 2000, with a
homegoing celebration of his life held on December 26, 2000 at the Shiloh Baptist Church in
Central Harlem, New York;
THEREFORE, BE IT FURTHER RESOLVED, that Manhattan Community Board 10 wishes
to remember William Atmore Byrd, Sr. by formally requesting New York City Council and the
Mayor of New York City to enact legislation to Co-Name the intersection of West 131st Street
and Frederick Douglass Boulevard To William Atmore Byrd, Sr. Place.
The Historic Preservation and Transportation Committee voted on this item May 9th 2017 with a
vote of 6 in favor 0 opposed and 0 abstentions.",0,7,1,regex_single_resolution
723140a0-c9e6-43e7-8b8e-2bd3fda47426,506b5491-7e00-5d44-8b95-16c8b2686b92,MCB10,https://cbmanhattan.cityofnewyork.us/cb10/wp-content/uploads/sites/11/2021/08/valerie_orridge_way.pdf,2021-08-01,1,Valerie Orridge Way,"CITY OF NEW YORK
MANHATTAN COMMUNITY BOARD 10
215 West 125th Street, 4th Floor—New York, NY 10027
T: 212-749-3105 F: 212-662-4215
BRIAN A. BENJAMIN
Ch airperson
ANDREW LASSALLE
District Manager
Valerie M. Orridge Street Co-Naming Resolution
Resolution: To support the co-naming of the northeast corner of 139th Street and Malcolm
X Boulevard to Valerie M. Orridge, Rn Way.
WHEREAS, Valerie Marie Orridge was born in Harlem Hospital in 1932 and raised in Brooklyn’s
Bedford Stuyvesant. She attended New York City primary and secondary schools. Upon graduation
from Franklin K. Lane High School, she entered the Harlem Hospital School of Nursing. Two years
after completing this program she was accepted into Columbia University’s Teachers College where
she earned a B.S. Degree in Nursing Education. As Administrative Teacher in Charge, she taught
many courses in the nursing curricula at the Manpower Development Training Program under the
aegis of the New York City Board of Education,
Subsequent to this experience, Ms. Orridge was admitted into New York University where she earned
a Master’s Degree in Human Sexuality and Family Life. In addition to performing as a registered
professional nurse at Mount Sinai Hospital, Ms. Orridge taught Sex Education to the special needs'
clients at Harlem Hospital Department of Psychiatry affiliated facilities, and;
WHEREAS, Valerie M. Orridge was a resident of Harlem for all of her adult life, and;
WHEREAS, Valerie M. Orridge graduated from Harlem Hospital School of Nursing and was a
registered nurse for over 50 years, and;
WHEREAS, Valerie M. Orridge was a resident of Delano Village/Savoy Park for 50 years, and;
WHEREAS, Valerie M. Orridge was a tenant organizer and the President of the Delano Village/
Savoy Park Tenant Association for over 35 years until her death on September 13th, 2017, and;
WHEREAS, Valerie M. Orridge's extraordinary community organizational skills, advocacy, sense
of pride and great love for her Harlem Community was unprecedented, unwavering and unparalleled.
She taught generations of Harlem community residents to fight for their rights; that the power of one
voice and a collective community can move mountains that change comes when people unite to
support and lift up their communities and most importantly, the grace and selflessness of giving back
to your community. Ms Orridge taught a generation of seriously and persistently mentally ill adults
that dignity, courage and the right to live and experience all that life has to offer belongs to everyone,
and;
WHEREAS, having Mrs. Orridge’s name visible to everyone would give inspiration to younger
generations to also know their tenant rights, and to fight for them.
WHEREAS, a street co-naming forum was held by the Transportation, Historic Preservation and
Landmarks Committee on April 25th, 2017, and;
th
WHEREAS, on Tuesday, May 9 , 2017, a quorum of the Transportation, Historic Preservation and
Landmarks Committee voted unanimously (six yes and zero no) in favor of the proposed street co-
naming, and;
WHEREAS, one thousand and four signatures were submitted along with numerous letters of
Support from neighbors, community-based organizations and elected officials, and;
WHEREAS, Valerie M. Orridge sat on the Board of Directors of the School Committee at the
Cathedral School of Saint John The Divine, a position appointed by Bishop James Moore, head of
the Episcopal Diocese of New York, and was the Chair of the Minority Interest Committee of the
school which addressed the needs of the minority students from 1976-1980, and;
WHEREAS, Valerie M. Orridge received a Master’s Degree in Human Sexuality from New York
University, and was a Certified Sex Educator receiving her certification from AASECT (American
Association of Sex Educators, Counselors and Therapists). Ms. Orridge taught human sexuality to
the mentally challenged at Harlem House which is a part of Harlem Hospital and which solely
addresses mental health issues, and;
WHEREAS, Valerie M. Orridge voluntarily provided sexuality education to the members/ patients
of Harlem Clubhouse for more than ten years; an outpatient, psychiatric rehabilitation program based
on the Fountain House model here at NYC Health and Hospitals: Harlem. She recognized the need
for this very specialized and important modality early on and developed innovative interventions
designed to educate, inform and guide patients/ members at Harlem Hospital Residency Training
and Education Program, where she taught the importance of recognizing human sexuality among the
seriously and persistently mentally ill and embracing strategies for addressing their needs, and;
WHEREAS, Valerie M. Orridge was the Registered Nurse for the A. Philip Randolph Senior
Citizen Center until her death, and;
THEREFORE BE IT RESOLVED THAT Manhattan Community Board 10 acknowledges Ms.
Orridge's extraordinary contributions and dedication to the Harlem community and recommends that
the northeast corner of 139th Street and Malcolm X Boulevard be co-named to Valerie M. Orridge,
Rn Way.
The Historic Preservation and Transportation Committee voted on this item May 9th 2017 with a
vote of 6 in favor 0 opposed and 0 abstentions.",0,14,1,regex_single_resolution
cf9e19b4-421a-4b9c-95e6-6df3d0840749,8c22b5de-cbef-504c-8f55-62de2d10902b,MCB10,https://cbmanhattan.cityofnewyork.us/cb10/wp-content/uploads/sites/11/2021/08/apostle_brown_street_co_naming_resolution.pdf,2021-08-01,1,Apostle Brown Street Co-Naming Resolution,"CITY OF NEW YORK
MANHATTAN COMMUNITY BOARD 10
215 West 125th Street, 4th Floor—New York, NY 10027
T: 212-749-3105 F: 212-662-4215
BRI AN A. BENJAMIN
Chairperson
AND REW LASSALLE
D istrict Manager
Pastor Apostle William Brown Street Co-naming Resolution
Resolution: To support the Street Co-naming at the southeast corner of Malcom X Boulevard (aka
Lenox Avenue) at 116th Street to Apostle William Brown Way.
WHEREAS, Apostle William Brown was an international religious leader and citizen of the world.
Apostle William Brown was the Founder, Pastor and General Overseer of Salvation and Deliverance
Churches Worldwide, a non-denominational, multicultural ministry; and
WHEREAS, Apostle William Brown established Salvation and Deliverance church in 1975. The church
was founded with a fundamental objective of preaching salvation and deliverance confirmed by signs,
miracles and wonders with a worldwide evangelic underpinning. Apostle William Brown was charmed
with changing the lives of thousands worldwide by challenging all to be wholly committed to Jesus in
mind, body and spirit; and
WHEREAS, the Salvation and Deliverance Church ministry is currently located at 37 West 116th Street
in Harlem, New York. This six story privately owned building has been the church home since 1978 under
the leadership of Apostle William Brown; and
WHEREAS, Apostle Willian Brown of Harlem, New York, died on September 28th 2009 at the age of
76; and
WHEREAS, Apostle William Brown was born in Birmingham Alabama on April 16th 1933 to
Eddie and Annie Brown; and
WHEREAS, Apostle William Brown was called to the ministry in the late sixties after evangelizing for
a number of years and leaving a highly successful career as a corporate executive; and
WHEREAS, since the establishment of the church in 1975, Apostle William Brown had over 250
churches located within the United States and in countries across the world.
WHEREAS, The Salvation and Deliverance Churches operate day care centers, clinics, Christian schools,
one of the largest Christian resorts on the east coast, Bible Colleges and a transportation entrepreneurship.
In addition, the congregation has an outreach ministry that feeds and clothes the hungry and homeless.
Apostle William Brown was a member of Larry Jones Feed the Children program; and
WHEREAS, Apostle William Brown was influential in feeding the souls of many in the Harlem
community who were once downtrodden as a result of drugs when there was no hope and only despair.
He launched Christ not Crack and Hope not Dope campaigns when drug addiction was at its highest in
Harlem and hosted revivals in the park preaching the Word of God.
WHEREAS, Apostle William Brown had many accomplishments in ministry which include the building
of hospitals and medical clinics in countries such as the Democratic Republic of Congo, Ghana, Zambia,
Liberia, Guatemala, Nicaragua, Argentina, Jamaica and Haiti. Fresh water wells were recently dedicated
in a province of Haiti where Mission Churches are located: and
WHEREAS, Apostle William Brown’s formal education includes degrees in Business Administration
and Sociology and Doctoral Degrees in Business Management and Theology (MA, Ph.D., ThD). He
attended Alabama State College and Miles College in Montgomery Alabama. Apostle Brown also served
in the Air Force for several years.
WHEREAS, Apostle William Brown a prolific and powerful speaker and commentator, was also the
author of books such as:
• Lord Make Us All One
• The Just Shall Live By Faith
• The Glorified Church
• Cast Them Out; and,
WHEREAS, Apostle William Brown was the recipient of many numerous and distinguished awards:
• Harlem Congregations of Community Improvement
• The NECO Ellis Island Medals of Honor Award
• Nelson Mandela US planning Committee
• Bishop William Brown Day in New York City
• Special Presidential Letter George H Bush 1989
• Congressional Citation from Congressman Charles B Rangel 1989
• Men of Achievement 1988
• Ethnic New York Award 1986
• Who’s Who in America 1985
WHEREAS, Apostle Williams Brown will forever be remembered as a father, family man and a spiritual
father to those born in the ministry of Salvation and Deliverance Churches Worldwide; and
IT IS HEREBY RESOLVED THAT, through his ministry, activism and internationally acclaimed
leadership Apostle William Brown contributed to Harlem’s renaissance. He preached the Christian
message of love and forgiveness to the unsaved, the sick and the suffering. As a result, he helped members
of the Harlem community in particular advance themselves both socially and economically through
education and spiritual uplift; and
FURTHER RESOLVED THAT, Manhattan Community Board 10 wishes to remember Apostle William
Brown former leader of Salvation and Deliverances churches worldwide headquartered in Harlem New
York by formally requesting that the New York City Council and the Mayor of New York City enact
legislation to support the street co-naming at the South east corner of Malcom X Boulevard (aka Lenox
Avenue) at 116th Street to Apostle William Brown Way.
The Historic Preservation and Transportation Committee voted on this item May 9th 2017 with a vote of
6 in favor 0 opposed and 0 abstentions.",0,14,0,regex_single_resolution
2297ae94-0962-40c9-8992-3e7b37e9b067,100e89f9-7627-51a0-be57-a1f20b706b20,MCB10,https://cbmanhattan.cityofnewyork.us/cb10/wp-content/uploads/sites/11/2021/08/dr_yosef_johannes_ben_jochannan.pdf,2021-08-01,1,Dr Yosef Johannes Ben-Jochannan,"CITY OF NEW YORK
MANHATTAN COMMUNITY BOARD 10
215 West 125th Street, 4th Floor—New York, NY 10027
T: 212-749-3105 F: 212-662-4215
BRI AN A. BENJAMIN
Chairperson
AND REW LASSALLE
District Manager
Dr. Yosef (Johannes) Ben-Jochannan Street Co-naming Resolution
RESOLUTION: To support the co-naming of the southwest corner of 125th Street and Adam
Clayton Powell, Jr. Boulevard to be co-named to DR.YOSEF (JOHANNES) BEN-JOCHANNAN
WAY.
WHEREAS, Dr. Yosef (Johannes) ben-Jochannan, affectionately known as Dr. Ben; husband, father,
brother and friend to all was born December 31st, 1918 to a Puerto Rican mother and an Ethiopian
father in the Beta Israel community in Gondor, Ethiopia. Dr. Ben was formally educated in Puerto
Rico, the Virgin Islands and Brazil. He studied abroad and in the continental United States. His
quest for knowledge was not limited and he continued his studies worldwide. He received several
degrees in his lifetime, both earned and honorary. He continues to this day to receive post mortem
honors, and;
WHEREAS, Dr. Ben was a prolific writer and author. He wrote and published 49 books and papers
that documented his findings challenging popular and often derogatory notions of Africa and its
people. He was a world traveler and his frequent trips to Egypt and the Nile Valley provided direct
access to people, monuments, sacred texts and primary documents that he used to challenge
derogatory notions. Dr. Ben led many excursions to the Mother
Land allowing thousands of students, teachers, professors, scholars, activists and the common man
to the Nile Valley to witness for themselves what he had seen and learned about African people, and;
WHEREAS, Dr. Ben’s better known works are Black Man of the Nile, African Origins of the Major
Western Religions and Africa, Mother of Western Civilization. Dr. Ben’s central themes in all of his
lectures were the majesty of the woman through ancient and modern times and the primary
contribution of Nile civilizations in history, and;
WHEREAS, Dr. Ben is recognized as the last of a distinguished list of Black Scholars who devoted
their lives to the study of ancient Africa, and;
WHEREAS, Dr. Ben partnered with Professor George Simmons and founded Alkebu-Ian
Foundation in Harlem, located on Adam Clayton Powell, Jr. Boulevard for many years and later with
Gil Noble Television journalist and host of ""Like It Is"" on national television. In his search for truth
he collaborated and worked closely with Minister Farrakhan, the Reverend Al Sharpton, Sister Kefa
and Brother Bill Jones of the First World Alliance and a host of many others. Dr. Ben often referred
to Dr. John Henrick Clarke as his brother. Their relationship could not have been closer as colleagues
and friends, and;
WHEREAS, Dr. Ben founded/co-founded and inspired the creation of several organizations which
included the Africana Studies Department of City College in New York City, African Nationalist in
America (ANIA), The Blue Nile, The Craft and Association for the Study of Classical African
Civilizations (ASCAP) to name a few. He held various executive and prominent positions in several
premiere organizations, schools, boards and artistic programs. Together, Dr. Ben with George
Simmons published many of Dr. Ben’s early works through the Alkebu-Ian Foundation in Harlem,
and;
WHEREAS, Dr. Ben will be remembered as a brilliant historian, committed to the uplifting and
enlightenment of the global African Community. He will also be remembered as charismatic, with
an enormous sense of humor, and;
WHEREAS, Dr. Ben’s daughter, Ms. Ruth Jochannan, presented his legacy and street co-naming
request at a Special Street co-naming forum held by the Transportation, Historic Preservation and
Landmarks Committee on April 25th, 2017, and;
WHEREAS, on Tuesday, May 9th, a quorum of the Transportation, Historic Preservation and
Landmarks Committee voted unanimously; (six yes and zero no) in favor of the proposed street co-
naming, and;
WHEREAS, three hundred and thirty signatures were submitted along with numerous Letters of
Support from neighbors, community-based organizations and elected officials, and;
WHEREAS, Dr. Yosef (Johannes) ben-Jochannan worked in his early years as a draftsman on
125th Street. Not being satisfied with his chosen field he studied Anthropology which lit his flame
to understand his own African history. He realized the lies that had been told to African people were
the foundation of our ignorance. He set out only to right the wrongs. His works and dedication
“woke up” several generations of people worldwide. In doing so, he dedicated his entire life to the
proper education of black people, and;
th
WHEREAS, Dr. Yosef (Johannes) ben-Jochannan began his journey on the corner of 125 Street
and Adam Clayton Powell, Jr. Boulevard in Harlem, in front of the famed Theresa Hotel, where he
lectured to all who were willing to listen and captured the curiosity of those who just happened to
hear his word as they passed by. They were always certain to come back for another lesson, and;
WHEREAS, Dr. Yosef (Johannes) ben-Jochannan worked with Harlem’s youth through HARYOU
ACT in 1967. Dr. Ben worked as adjunct Professor (1973-1987) at Cornell University in the
Africana Studies and Research Center and lectured at all if not most of New York City’s institutions
of higher learning. He did not exclude kindergarten to 12th grades or even Senior Centers. He
could be seen on many occasions leaving commencement exercises where he was a guest speaker.
He often was heard saying, “no ear is too young or aged to hear the truth about our African Heritage”.
He also taught at Malcolm King College, City College and Rutgers University. Dr. Ben held an
honorary faculty position with the Rabbinical Academy at Beth Shalom Ethiopian Hebrew
Congregation in Brooklyn. Dr. Ben, a polyglot, taught in Aswan, many African countries and
lectured throughout Europe, and;
THEREFORE BE IT RESOLVED THAT Manhattan Community Board 10 recognizes and
honors Dr. Yosef (Johannes) Ben-Jochannan for his contributions to Africans, Africans by descent
and all humanity by promoting the study of Africa and people of African descent in the Diaspora.
Dr. Ben wrote/authored over 40 books, lectured and traveled the world awakening the interest of
Africans to their history and their rightful place in ""his-story"". CB 10 recommends that the southwest
corner of 125th Street and Adam Clayton Powell, Jr. Boulevard be co-named to DR.YOSEF
(JOHANNES) BEN-JOCHANNAN WAY.
The Historic Preservation and Transportation Committee of CB 10 voted on this item May 9th 2017
with a vote of 6 in favor 0 opposed and 0 abstentions.",0,13,1,regex_single_resolution
7514df16-b5f4-4806-9252-a9f86f582988,015f5569-a71b-5c10-87d8-b6836d3ba239,MCB10,https://cbmanhattan.cityofnewyork.us/cb10/wp-content/uploads/sites/11/2021/08/fannie_pennington_way_street_co_naming_resolution.pdf,2021-08-01,1,Fannie Pennington Way Street Co-Naming Resolution,"CITY OF NEW YORK
MANHATTAN COMMUNITY BOARD 10
215 West 125th Street, 4th Floor—New York, NY 10027
T: 212-749-3105 F: 212-662-4215
BRIAN A. BENJAMIN
Ch airperson
ANDREW LASSALLE
District Manager
Fannie Pennington Street Co-Naming Resolution
RESOLUTION: To support the Co-Naming at the northeast corner of West 123rd Street and
Manhattan Avenue to Fannie Pennington Way.
WHEREAS: Fannie Pennington’s service to the Harlem Community was an outgrowth of her
lifetime of service to her church. Abyssinian Baptist Church.
WHEREAS: “Ms. P,” as she was affectionately called was born on February 1, 1914 in New York
City. She lived most of her life in 540 Manhattan Avenue at West 123rd Street.
WHEREAS: Ms. Pennington served as an usher for both Reverend, Dr. Calvin O. Butts and the
late Congressman Adam Clayton Powell, Jr. She also served on the Abyssinian Baptist Church
Progressive Ladies Usher Board, the Welcome & Hospitality Committee, the Socialite Club, the
Women’s Day Committee and the Courtesy Guild
WHEREAS: Ms. Pennington hosted, welcomed and accommodated many dignitaries & Civil
Rights leaders who visited Harlem. They included Mary McLeod Bethune, emperor Hailie Selassie
I, Malcolm X. Fidel Castro, Explorer Matt Henson. Women’s Day participant Moms Mabley.
Ambassador & Georgia Mayor Andrew Young, Gil Noble, Rev. Jesse Jackson, Wynton Marsalis
concert and the Rev. Dr. Martin Luther King Jr.
WHEREAS: Ms. P. was employed at the New York City Board of Elections and was a member
of the Alfred Isaac Democratic Club renamed the Fredrick Samuel Democratic Club.
WHEREAS: Once retired Ms. P volunteered at the Board of Elections registering Harlem voters
and training others on election, day and working the polls.
WHEREAS: Considered one of Harlem’s Glamour Ladies Ms. P lead a full life. Honored by
numerous organizations such as the NAACP and received The City Council Citation.
WHEREAS: Ms. Fannie Pennington died at the age of 99.
WHEREAS: Ms. Fannie Pennington was a trailblazer whose municipal efforts commenced from
the days of the post Harlem Renaissance and long after. Her life was dedicated to supporting fellow
Harlemites from the very young to adults.
WHEREAS, We the undersigned fully support Grant Harper Reid’s Efforts to co-name West 123rd
Street & Manhattan Avenue (North/East corner) after his late grandmother community activist and
Harlem matriarch, Fannie Pennington.
THEREFORE, BE IT RESOLVED, that Manhattan Community Board 10 wishes to remember
Fannie Pennington by formally requesting that New York City Council and the Mayor of New
York City enact legislation to support the Co-Naming at the corner of West 123rd Street &
Manhattan Avenue to Fannie Pennington Way.
The Historic Preservation and Transportation Committee of CB 10 voted on this item May 9th 2017
with a vote of 6 in favor 0 opposed and 0 abstentions.",0,10,1,regex_single_resolution
c06795dc-acf7-4c41-965c-4dde769111c8,ba6931f2-773b-5c7f-94dd-cbd4b293aad9,MCB10,https://cbmanhattan.cityofnewyork.us/cb10/wp-content/uploads/sites/11/2021/08/geraldine_daniels_street_co_naming_resolution.pdf,2021-08-01,1,Geraldine Daniels Street Co-Naming Resolution,"CITY OF NEW YORK
MANHATTAN COMMUNITY BOARD 10
215 West 125th Street, 4th Floor—New York, NY 10027
T: 212-749-3105 F: 212-662-4215
BRI AN A. BENJAMIN
Chairperson
AND REW LASSALLE
D istrict Manager
Geraldine Daniels Street Co-naming Resolution
Resolution: To support the Street Co-naming at the northeast corner of Malcom X
Boulevard (aka Lenox Avenue) and 132nd Street to Honorable Geraldine L Daniels Way.
WHEREAS, Honorable Geraldine L. Daniels was a distinguished citizen and female leader in
Harlem politics and the overall Harlem community. A Harlem resident, she was dedicated to the
development of Village of Harlem. She is known and remembered as a soldier in the fight against
oppression, injustice and equality for women and all people.
WHEREAS, Honorable Geraldine L Daniels of Harlem, New York, died on July 27th 2012 at the
age of 80; and
WHEREAS, Honorable Geraldine L. Daniels was born in New York City on September 9th 1931
to Darnley and Pearl Walcott-Miller; and
WHEREAS, Honorable Geraldine L. Daniels’ political career began when she became a member
of the New Era Democratic club from there, she was elected New York State Committee Woman
and Female District leader, a position she held for years and later ascended to the role of Executive
Member of the Martin Luther King Democratic Club of Central Harlem; and
WHEREAS, in 1974, Honorable Geraldine L. Daniels graduated from Malcom King Harlem
College where she received her Associate degree in Disciplinary History and Social Sciences and
later attend Queens College (CUNY) and received her B.A. degree in Political Science in 1976;
and
WHEREAS, in January 1981, Honorable Geraldine L. Daniels was inaugurated into the new York
State Legislature as an Assemblywoman representing the 70th Assembly District in Harlem; a seat
which she held for 12 years; and
WHEREAS, during her tenure in the Assembly, Honorable Geraldine L Daniels most notable
legislative enactments included: yielding over 5 million dollars in funding towards education
throughout Harlem and, legislating a bill signed by then Governor Hugh Carey funding in the
amount of $35,000 to her alma mater Malcom-King Harlem college.
WHEREAS, as an advocate for preventive health care, Honorable Geraldine L. Daniels chaired
the Sub-Committee on Preventive Health care for four years. She ensured that Harlem Hospital
received its own licensing. In 1984, the Honorable Assemblywoman Daniels passed legislation
that renamed the New York State Harlem Office Building after the late Adam Clayton Powell Jr.
she also advocated for the construction of the building itself.
WHEREAS the Honorable Geraldine L Daniels was also responsible for bringing notable
international figures to Harlem including the late Princess Diana of London, England in 1989 and,
the late Nelson Mandela of South Africa in 1990; and
WHEREAS, the Honorable Assemblywoman Geraldine Daniels was the first African American
female to Chair a standing Committee, and Chair the Majority Steering Committee in the New
York State Assembly. These accomplishments made her the first African American women to be
significantly incorporated into the Majority Leadership. She was a member of the Committees on
Health, Mental Health, Higher Education, Labor, Women’s Task force and Housing, Honorable
Daniels served as Chairperson of the Judicial Convention of New York State; Chairwoman of
Subcommittee on Preventive Healthcare; Vice Chair of the Black and Puerto Rican Caucus; and,
former Chairperson of the New York Women’s Caucus. She also sat on several standing
committees of Governmental Employees including: Health, Housing, Labor and Social Services;
and
WHEREAS, Honorable Assemblywoman Geraldine L Daniels continued her tireless efforts in
the New York State Assembly until her retirement in 1992; and
WHEREAS, as a Democrat, Honorable Geraldine L Daniels was a delegate for the 1972, 1984
and 1988 Democratic National Conventions; and
WHEREAS, Honorable Geraldine L .Daniels was a Lifetime member of Delta Sigma Theta
Sorority Incorporated’s North Manhattan Chapter and, the New York Branch NAACP. Until her
death, she served as an active member of the National Association of Negro and Business
Professional Women, New York Chapter; Eastern Star Prince Hall Temple; and the Martin Luther
King Democratic; and
WHEREAS, Honorable Geraldine L Daniels will forever be remembered as a beloved mother,
grandmother, great grandmother, godmother, aunt, sister and friend.
IT IS HEREBY RESOLVED THAT, through her activism and legislation passed, Honorable
Geraldine L Daniels was influential in the reshaping and expansion of the Harlem community
socially and politically and in particular the inclusion of women in politics. She was a staunch
advocate of all women becoming engaged in the political process; and
FURTHER RESOLVED THAT, Manhattan Community Board 10 wishes to remember
Honorable Geraldine L Daniels, former Assemblywoman for the 70th AD by formally requesting
that the New York City Council and the Mayor of New York City enact legislation to support the
street co-naming at the Northeast corner of Malcom X Boulevard (aka Lenox Avenue) at 132nd
Street to Honorable Geraldine L Daniels Way.
The Historic Preservation and Transportation Committee of CB 10 voted on this item May 9th 2017
with a vote of 6 in favor 0 opposed and 0 abstentions.",0,14,0,regex_single_resolution
a401897a-195b-4835-bf85-5e39073f9a0a,c2d1543f-e87f-5f79-9b31-2db4d64f8829,MCB10,https://cbmanhattan.cityofnewyork.us/cb10/wp-content/uploads/sites/11/2021/08/harlem_marine_ackeem_paul_green_place_street_conaming_resolution.pdf,2021-08-01,1,Harlem Marine Ackeem Paul Green Place Street Co-naming Resolution,"CITY OF NEW YORK
MANHATTAN COMMUNITY BOARD 10
215 West 125th Street, 4th Floor—New York, NY 10027
T: 212-749-3105 F: 212-662-4215
BRIAN A. BENJAMIN
Ch airperson
ANDREW LASSALLE
District Manager
Harlem Marine Ackeem Paul Green Place Street Co-Naming Resolution
Resolution: To support the Co-Naming at the southwest corner of West 129th Street and Adam
Clayton Powell Boulevard to Harlem Marine Ackeem Paul Green Place
WHEREAS: Harlem Marine Ackeem Paul Green served as 1st Sergeant in the Harlem Youth
Marines, a distinguished citizen of the United States and his home of Harlem, and a hero for his
countless contributions to his community through public service and;
WHEREAS: Harlem Marine Ackeem Paul Green, of Harlem, New York, died on June 3, 2012,
at the age of 25 and;
WHEREAS: Born in Brooklyn, New York on August 21, 1986 to Yolanda Pannell and Paul
Green, Harlem Marine Ackeem Paul Green was the eldest of seven children. Harlem Marine
Ackeem Paul Green attended New York City public schools and graduated from Brandeis High
School and;
WHEREAS: At the age of 15, Harlem Marine Ackeem Paul Green joined the Harlem Youth
Marines, a military cadet leadership program that teaches youth the values of discipline, respect,
integrity, and the instills the importance of community service and;
WHEREAS: Dedicated to his service through the Harlem Youth Marines, Harlem Marine
Ackeem Paul Green assumed several leadership positions and engaged in countless initiatives to
protect and serve his community and;
WHEREAS: He was a leadership instructor at the Renaissance Military & Leadership Academy,
I.S. 286 and;
WHEREAS: He heroically and selflessly volunteered with fellow Harlem Marines to provide
security for the Harlem Armory during 9/11 until the National Guard had arrived and;
WHEREAS: Due to his excellent service and leadership in the community, Harlem Marine
Ackeem Paul Green reached the rank of 1st Sergeant and;
WHEREAS: While playing basketball at the corner of West 129th Street and Adam Clayton
Powell Jr. Boulevard on June 3, 2012, his life was tragically cut short when he was fatally hit by
a gunshot that was not intended for him and;
WHEREAS: Harlem Marine Ackeem Paul Green will forever be remembered for his diligent
service to the Harlem community, a loved son, brother, and friend, and as a young gentleman who
inspired so many of his peers, relatives, and community members and;
WHEREAS: His legacy will live in our hearts as a reminder of the hope that we have for youth
such as Harlem Marine Ackeem Paul Green and will also remind us of the need for our community
to end senseless gun violence that has a history of tragically affecting our community. He has
impacted so many members of the Harlem community, including former U.S. Congressman
Charles Rangel, who has expressed his steadfast support of this street co-naming and;
THEREFORE, BE IT FURTHER RESOLVED, that Manhattan Community Board 10’s
Transportation, Historic Preservation, and Landmarks Committee wishes to remember Harlem
Marine Ackeem Paul Green by formally requesting that the New York City Council and the Mayor
of New York City enact legislation to support the Co-Naming at the southwest corner of West
129th Street and Adam Clayton Powell, Jr. Boulevard.
The Historic Preservation and Transportation Committee of CB 10 voted on this item May 9th 2017
with a vote of 6 in favor 0 opposed and 0 abstentions.",0,11,1,regex_single_resolution
fb697ff3-f2ce-4d7d-8ca7-419519fa80fb,d67b49b7-19bd-55c2-a045-3e0f9ef9e1ea,MCB10,https://cbmanhattan.cityofnewyork.us/cb10/wp-content/uploads/sites/11/2021/08/new_york_rens_street_co_naming_resolution.pdf,2021-08-01,1,New York Rens Street Co-Naming Resolution,"CITY OF NEW YORK
MANHATTAN COMMUNITY BOARD 10
215 West 125th Street, 4th Floor—New York, NY 10027
T: 212-749-3105 F: 212-662-4215
BRIAN A. BENJAMIN
Ch airperson
ANDREW LASSALLE
District Manager
New York Rens Court Street Co-Naming Resolution
Resolution: To support the Co-Naming at the northeast corner of West 137th Street and Adam
Clayton Powell, Jr. Boulevard to New York Rens Court.
WHEREAS: The New York Rens basketball team was the first all-black fully professional
African-American-owned basketball team and;
WHEREAS: In 1923, the New York Rens formed when basketball manager Robert “Bob”
Douglas partnered with William Roach, the owner of the new Renaissance Ballroom and Casino
and;
WHEREAS: At the time, Bob Douglas had owned and managed an all-black basketball team
called the Spartan Braves, which had been a very successful team and a leading contender for the
black national championship title, but had no official home court and;
WHEREAS: Bob Douglas asked William Roach if the Spartans could play their home games at
his ballroom in return for changing the name of the team to the “New York Renaissance” and
“New York Rens” to promote the dance hall and;
WHEREAS: The Renaissance Ballroom and Casino, with its perfect location in the center of
Harlem, its spacious floors, and its balcony seating, was the ideal venue for Spartan games and;
WHEREAS: The “Rens,” whose colors were navy and gold, attracted the best African American
talent in basketball. The team’s original lineup included Clarence “Fats” Jenkins and James
“Pappy” Ricks, as well as Frank “Strangler” Forbes and Leon Monde. All four of these men also
played professional baseball in the Negro Leagues. All four would also be enshrined collectively
as part of the 1932-33 team that was inducted into the Naismith Basketball Hall of Fame as a unit
in 1963 and;
WHEREAS: By 1924-25 the “Rens” had won the first of many Colored Basketball World
Championships and thereafter proceeded to dominate not just black basketball, but all of basketball
for the next 25 years and;
WHEREAS: During that period, the Rens routinely beat white national champion basketball
teams like the Original Celtics, the Philadelphia SPHAS, the Oshkosh All Stars, and the
Indianapolis Kautskys – all teams that would not allow blacks to play in their own teams and;
WHEREAS: In 1939, the New York Rens won the inaugural World Championship of
Professional Basketball, an invitation-only tourney with a field made up of America’s twelve best
professional basketball teams. The title game saw the Rens defeating the Oshkosh All Stars.
Oshkosh had been the champion of the National Basketball League, a whites-only league and;
WHEREAS: The legacy of the New York Rens is profound as a pioneer for so many black athletes
in the Harlem community and beyond. Despite the segregationist policies in major professional
sports leagues during their time, the New York Rens grew successfully and triumphed in the games
and tournaments in which they participated. The New York Rens team has impacted so many
members of the Harlem community – including over 100 Harlem residents signed petitions in
support of this street co-naming and New York State Senator Inez Dickens, who has expressed her
steadfast support of this street co-naming and;
THEREFORE, BE IT FURTHER RESOLVED, that Manhattan Community Board 10’s
Transportation, Historic Preservation, and Landmarks Committee wishes to remember the New
York Rens by formally requesting that the New York City Council and the Mayor of New York
City enact legislation to support the Co-Naming at the northeast corner of West 137th Street and
Adam Clayton Powell, Jr. Boulevard to New York Rens Court.
The Historic Preservation and Transportation Committee of CB 10 voted on this item May 9th 2017
with a vote of 6 in favor 0 opposed and 0 abstentions.",0,10,1,regex_single_resolution
4d921393-1577-47ff-ac25-b11dc7b4dfa7,b09341d5-86a0-5e9d-8f63-40b3073e3092,MCB10,https://cbmanhattan.cityofnewyork.us/cb10/wp-content/uploads/sites/11/2021/08/randy_nelson_bubba_mcghee_street_conaming_resolution.pdf,2021-08-01,1,Randy Nelson Bubba McGhee Street Co-Naming Resolution,"CITY OF NEW YORK
MANHATTAN COMMUNITY BOARD 10
215 West 125th Street, 4th Floor—New York, NY 10027
T: 212-749-3105 F: 212-662-4215
BRI AN A. BENJAMIN
Chairperson
AND REW LASSALLE
D istrict Manager
Randy Nelson “Bubba” McGhee Street Co-Naming Resolution
Resolution: To support the Co-Naming at the intersection of West 123rd Street and
Frederick Douglass Boulevard to Randy Nelson “Bubba” McGhee Place.
WHEREAS: Randy Nelson McGhee, affectionately known as “Bubba,” was director of the
Phipps Police Athletic League (PAL) in Harlem;
WHEREAS: Randy Nelson “Bubba” McGhee created many PAL recreational and social activities
in his role as director to keep young adults away from the competing criminal elements in the
Harlem streets;
WHEREAS: Randy Nelson “Bubba” McGhee challenged his staff for excellence and to be
exceptional individuals, and was an inspirational to all who were fortunate enough to know him,
especially young people. He led by example through mentoring, teaching, coaching, and by being
a great listener. He touched many lives by being a role model, father figure and friend to all;
WHEREAS: Randy Nelson “Bubba” McGhee also worked at the August Aichorn Center for
Adolescent Residential Care where he continued to serve children whom society deemed
“unplaceable.” He became a treasured mentor to numerous children, inspiring and guiding them
to reach their full potential;
WHEREAS: Randy Nelson “Bubba” McGhee, one of seventeen children, was born to Johnnie
Pearl Gardner and Jake McGhee in Selma, Alabama, on January 8, 1953;
WHEREAS: Randy Nelson “Bubba” McGhee began working at Phipps PAL as a janitor and after
many years of dedicated and exemplary service he became the director. He loved the children, and
wanted them to have better opportunities to become productive citizens. Under Randy’s leadership
the Phipps PAL was the first PAL to win the National Arts Program Award. The PAL provided
arts and crafts, dance classes, tutoring, field trips, summer employment, educational enrichment
programs, and sports programs such as basketball training;
WHEREAS: Randy Nelson “Bubba” McGhee was a hard worker, friendly, unselfish human
being, and developed the Harlem PAL into one of the most innovative programs in New York
City. He admitted children even when their parents could not afford to pay. The doors of the PAL
were open seven days a week, and Randy served the community even when he was not paid. His
motto was “the kids come first,” and many of these children were positively affected by his heart,
humor and caring, and went on to college and successful employment thereafter;
WHEREAS: Randy Nelson “Bubba” McGhee passed away on Thursday, May 9, 2016, with a
home-going celebration of his life held on May 19, 2016 at the Canaan Baptist Church in Central
Harlem, New York;
THEREFORE, BE IT FURTHER RESOLVED, that Manhattan Community Board 10 wishes
to remember Randy Nelson “Bubba” McGhee by formally requesting New York City Council and
the Mayor of New York City to enact legislation to Co-Name the intersection of West 123rd Street
and Frederick Douglass Boulevard to Randy Nelson “Bubba” McGhee Place
The Historic Preservation and Transportation Committee voted on this item May 9th 2017 with a
vote of 6 in favor 0 opposed and 0 abstentions.",0,8,1,regex_single_resolution
9cb3c70f-7a0a-4163-a43a-0f5b18157759,797c9b6e-9aab-53ff-96a3-52aeb0913600,MCB10,https://cbmanhattan.cityofnewyork.us/cb10/wp-content/uploads/sites/11/2021/08/resolution_for_tuskegee_airman_dabney_n_montgomery.pdf,2021-08-01,1,Resolution for Tuskegee Airman Dabney N. Montgomery,"CITY OF NEW YORK
MANHATTAN COMMUNITY BOARD 10
215 West 125th Street, 4th Floor—New York, NY 10027
T: 212-749-3105 F: 212-662-4215
BRI AN A. BENJAMIN
Chairperson
AND REW LASSALLE
D istrict Manager
Tuskegee Airman Dabney N. Montgomery Street Co-Naming Resolution
WHEREAS: Dabney N. Montgomery was born in Selma, Alabama on April 18th, 1923, to Dred
and Lula Anderson Montgomery. His early childhood education began at the Alabama Lutheran
Academy serving first through seventh graders; when Dabney graduated he was promoted to ninth
grade at Selma University High School. After graduating high school he continued to Selma
University for one year before being drafted into the Army Air Corps (now United States Air
Force), during World War II, and served in the 1051st Quartermaster Company of the 96th Air
Service Group attached to the 332nd Air Fighter Group, as a ground crewman with the Tuskegee
Airman in Southern Italy, from 1943 to 1945. In 1946, he enrolled into Livingstone College,
Salisbury, North Carolina and received a B.A. in Religious Education in May 1949. He was a
charter member of the Sphinx Club, one of the first to be admitted into the Gamma Mu Chapter of
the Alpha Phi Alpha fraternity and a lifetime member of the Alpha Gamma Lamda Chapter of the
Alpha Phi Alpha Fraternity, Inc.
WHEREAS: In June 1955, Montgomery joined Mother African Methodist Episcopal Zion
Church; (organized 1796 in New York) served as Sunday school teacher in the junior department
and was appointed Director of Youth in 1970 and held that post until 1999. In July 1996, he
authored a resolution to the General Conference of the A.M.E. Zion Church Denomination,
proposing “The Day of Pentecost” be incorporated in the A.M.E. Zion Church Book of Discipline.
It now stands as a day of celebration throughout all A.M.E. Zion churches.
WHEREAS: Montgomery served as General Chairperson of Mother Zion’s Bicentennial
Anniversary in 1996, charter member of 159 West 136th Street Parsonage Building Fund of
Mother Zion, Life member, the Missionary Society, member/Chaplin of Class no. 4, member,
Board of Stewards, member Boards of Directors of James Varick Community Center and
member/Chaplin of the Lay Council. He was Mother Zion’s church Historian and conducted
church tours. In 1999, Mother Zion, featured in a PBS documentary entitled “A Walk through
Harlem” where Mr. Montgomery cited the history of Mother Zion Church. In March of 1955 the
Men’s committee honored Montgomery with the Paul Robeson Award of Excellence and
architectural plans for the future structure of the Church archives and museum to be named the
Dabney N. Montgomery Art Gallery and Exhibition Hall.
WHEREAS: Mr. Montgomery was employed in the late 1950’s by New York’s Department of
Social Services as a caseworker and in 1972 was hired by the NYC Housing Authority where he
remained employed until 1989.
WHEREAS: Dabney Montgomery was active during the Civil Rights Movement, march with
Reverend Dr. Martin Luther King, Jr. in the march from Selma to Montgomery Alabama in 1965
and served as one of Dr. Kings bodyguards. Mr. Montgomery removed the heels of the shoes he
wore in the March and preserved them in a wooden shadowbox along with his necktie he wore and
his address book containing Dr. King’s Atlanta address. The Montgomery’s gifted the shadowbox
to the National Museum of African American History and Culture of the Smithsonian Institute in
Washington D.C. where it is in the permanent collection and exhibition of the Civil Rights
Movement.
WHEREAS: In April 2006, President George W. Bush signed a bill into law to award “all”
documented original Tuskegee Airmen the “United States Congressional Medal of Honor”. In
December 2006 Mr. Montgomery received the Prestigious Outstanding Alumni Award from
Livingston College National Alumni Association presented by the National Alumni Council of
United Negro College Fund of Nashville, Tennessee. In 2010 he was inducted into the United
Negro College Fund “Share Your Love and Service in Celebration of Livingston College
Leader’s” Hall of Fame. These distinctive awards are given to those who have made significant
contributions to their Alma Mata, community and the UNCF. In August of 2007, Montgomery
was asked to serve as a contributing member of “The History Makers” an organization housing
the largest archival collection of both well-known and unsung African American History Makers.
In June of 2014 The Library of Congress acquired this documentation as permanent repository of
“The History Makers”. In 2009 Livingston College National Alumni Brooklyn, Queens and Long
Island Chapter presented Mr. Montgomery with the Joseph Charles Price Award.
WHEREAS: Mr. Montgomery was involved in the Harlem community and a member of
Community Board 10, where he served on sub-committees Parks and Recreation and the Executive
Committee. Montgomery wrote a letter to Parks Department of the City of New York proposing
to recognize Central Park West at 85th and 86th Street as the Historical site of African American
settlers in the early 1820’s, known at that time as Seneca Village. Mother A.M.E. Zion church at
one point was located at this site. In 1857, the settlers were evicted under the city’s eminent domain
project. A permanent sign now stands marking the site.
WHEREAS: Mr. Montgomery received numerous awards for his incredible dedication,
involvement and love for his community. Mr. Montgomery received proclamations from
Manhattan Borough Presidents C. Virginia Fields and Scott Stringer. The National Action
Network bestowed the Social Action Award to Mr. Montgomery for his Civil Rights activism. In
June of 2009 Congresswoman Carolyn B. Maloney of New York declared him an “American
Hero” and later that month the International Brotherhood of Teamsters Union Local 237; President
Floyd presented Montgomery with their Trailblazer award, a declaration of honor acknowledging
Saturday January 28th, 2012 as “Dabney N. Montgomery Day”, in Queens presented by the late
Helen M. Marshall, Queens borough president. Mr. Montgomery received a commendation from
the City of New York presented by John C. Liu, and The Learning Tree Multi Cultural School’s
“Tuskegee Airman Legacy Award” for heroic and dedicated service, a proclamation from Julissa
Ferreras, Council Member, 21st District, Queens, New York. In February 2012, Council Seabrook
presented Montgomery the City Council Citation for Extraordinary Service to Our Nation and
Sacrifices in the Civil Rights Movement and in April he was presented the Simon Wiesenthal
Center Award for “Valor” and in May Dabney Montgomery was inducted into the New York State
Senate Veteran’s Hall of Fame and entered into the New York State Senate Legislative Resolution
in special recognition of his life time of loyalty and distinguished service as a renowned Tuskegee
Airman and in May 2013 it was entered into the Congressional Record Proceedings and Debates
in of 113th Congress, First Session, in celebration of Dabney N. Montgomery’s 90th Birthday as
“Our Nonagenarian Hero”. In May 2015 Livingston College conferred a Doctor of Humane Letters
Degree on Mr. Dabney N. Montgomery. Mr. Montgomery’s widow is Amelia A. Montgomery.
They had no children.
WHEREAS: Dabney N. Montgomery Place shall be located at 136th and Adam Clayton Powell
Jr. Blvd on the NW corner.
The Historic Preservation and Transportation Committee voted on this item May 9th 2017 with a
vote of 6 in favor 0 opposed and 0 abstentions.",0,9,0,regex_single_resolution
6150c9ad-bae8-496b-9563-67f9d0a349dc,d5b3e63a-0229-5498-abe3-0f2923cdd480,MCB10,https://cbmanhattan.cityofnewyork.us/cb10/wp-content/uploads/sites/11/2021/08/resolution_michael_lancaster.pdf,2021-08-01,1,Resolution Michael Lancaster,"CITY OF NEW YORK
MANHATTAN COMMUNITY BOARD 10
215 West 125th Street, 4th Floor—New York, NY 10027
T: 212-749-3105 F: 212-662-4215
BRI AN A. BENJAMIN
Chairperson
AND REW LASSALLE
District Manager
Michael Lancaster Street Co-Naming Resolution
WHEREAS: Michael Lancaster was born March 30th, 1954 to Etta Mae and James Lancaster in
Rocky Mountain, North Carolina. James and Etta Mae moved their family to New York when
Michael was a young boy.
WHEREAS: Michael attended and graduated from Julia Richmond High School. Mr. Lancaster
loved History and current events. He became an accomplished artist and photographer. Michael
Lancaster’s education and knowledge went well beyond the halls of traditional learning.
WHEREAS: Michael Lancaster was affectionately known as the Mayor of his neighborhood, the
mentor in his community where his involvement, compassion and caring for his neighbors was
contagious.
WHEREAS: Mr. Lancaster was a mentor to many young men in the community and set a bar of
excellence which will truly be missed. Lancaster was the Vice President and Treasurer of 5 Star
gardens, Community Board member of Harlem Children’s Zone, President of the 121st Street
Home Owner’s Association, President of the Block Association, a volunteer for New York Cares,
voting member of Manhattan Land Trust since its inception 16 years ago. Michael advocated
abolishing stop and frisk and worked tirelessly with the New York State Nurses Association for
safe patient handling and safe nurse to patient ratios.
WHEREAS: Michael Lancaster held court on his stoop at 269 West 121st Street, where all were
welcome. No matter your faith, your nationality or background, Mr. Lancaster had a smile for each
and every person he met.
WHEREAS: Michael made sure all were safe, shoveled snow from the corners and when
questioned; he expressed the importance of safety for seniors, mothers and children.
WHEREAS: Michael Lancaster treated every single citizen with dignity and respect, whether you
were a politician or a junkie, homeless or a homeowner. Strength of character is what Mr.
Lancaster determined to spread throughout his community and his neighborhood. You may meet
him as a stranger however you walked away family.
WHEREAS: We will all miss Michael Lancaster the Mayor of 121st Street.
WHEREAS; 121st and Frederick Douglass Blvd shall be co-named Michael Lancaster Way
The Historic Preservation and Transportation Committee voted on this item May 9th 2017 with a
vote of 6 in favor 0 opposed and 0 abstentions.",0,9,0,regex_single_resolution
9e0c5e8b-f7c8-425d-9459-64dd824e6f14,75c90fbd-b2dc-5ecc-83f0-91b7355502d4,MCB10,https://cbmanhattan.cityofnewyork.us/cb10/wp-content/uploads/sites/11/2021/08/cb10_housing_committee_hdfc_resolution.pdf,2021-08-01,1,New Regulatory Agreement HPD Proposals,"CITY OF NEW YORK
MANHATTAN COMMUNITY BOARD 10
215 West 125th Street, 4th Floor—New York, NY 10027
T: 212-749-3105 F: 212-662-4215
BRIAN A. BENJAMIN
Chairperson
ANDRE W LASSALLE
District Manager
Manhattan Community Board 10
Resolution Addressing HPD’s Proposed
New Regulatory Agreement
WHEREAS, since the inception of the Housing Development Fund Corporation (“HDFC”)
cooperative program in the 1970s, over 25,000 HDFC income-restricted, affordable coop units in
1,200 buildings have been introduced into the NYC housing market, forming a significant part of
the fabric of New York City’s affordable housing; and
WHEREAS, the owner/shareholders of affordable HDFC cooperatives have invested significant
time, resources and “sweat equity” in buildings and dwelling units once considered derelict,
distressed and/or abandoned by private or public owners; and
WHEREAS, HDFC cooperative buildings and their resident shareholders have benefitted from
reduced real estate taxes and other benefits under Article XI of the Private Housing Finance Law
(“DAMP”); and
WHEREAS, in exchange for these benefits, HDFC cooperatives operate with certain rental and
sale restrictions and are overseen and regulated by the New York City Department of Housing
Preservation and Development (“HPD”) pursuant to “Regulatory Agreements;” and
WHEREAS, HPD is proposing significant changes to the oversight of HDFC cooperatives
through revised Regulatory Agreements that seek to impose restrictions including, but are not
limited to, resale restrictions, flip taxes, 18-month sublet limits, purchaser asset caps, secondary
property ownership restrictions, annual 2% maintenance increases, HPD-approved monitors, and
HPD-approved property managers, and maintain and preserve the long-term affordability of
limited equity cooperatives; and
WHEREAS, HPD further proposes that certain HDFC units can be “carved out” of the sale price
restrictions and asset caps for prospective buyers, thus creating two tiers of ownership within the
HDFC housing program; and
WHEREAS, the HDFC Sub-committee has found that while not all shareholders oppose the new
proposed Regulatory Agreement in its entirety, most do have concerns regarding certain critical
elements of the proposal; and
WHEREAS, at least three quarters (3/4) of HDFCs are operating successfully without HPD
oversight, and do not require the same level of counseling, oversight and day-to-day monitoring
as “distressed” HDFCs; and
WHEREAS, the most common concerns and complaints expressed by the HDFC shareholders is
that the proposed Regulatory Agreement is “one size fits all” and that HPD’s process of developing
the revise Regulatory Agreement (which HPD supposedly undertook with the input of a Taskforce
consisting on non-profits and unnamed shareholders), lacks transparency and has been shrouded
in “mystery, rumor, judgment and innuendo”; and
WHEREAS, HDFC unit shareholders have expressed to HPD that the proposed revised
Regulatory Agreement does not sufficiently consider that self-determination and independent
decision making is an integral part of a true homeowner’s responsibilities, rights and involvement;
and
THEREFORE, IT IS HEREBY RESOLVED THAT, that Manhattan Community Board 10
calls upon HPD to eliminate the “one-size-fits-all” nature of its proposed Regulatory Agreement,
and develop a Regulatory Agreement that provides supportive programs and technical assistance
to those cooperatives that are viewed to be “failing buildings” while not imposing the same level
of oversight and monitoring on those buildings that are being successfully run and operated; and
FURTHER RESOLVED THAT, Manhattan Community Board 10 calls upon HPD to eliminate
the “carve out” option which will create a two-tier resale option in its proposed new Regulatory
Agreement; and
FURTHER RESOLVED THAT, Manhattan Community Board 10 calls on HPD to temporarily
pause the drive for the New York City Council to accept and approve the proposed Regulatory
Agreement until such time as there has been greater inclusion of and participation by HDFC
shareholders in the process in order to ensure that all shareholders concerns are addressed; and
FURTHER RESOLVED THAT, Manhattan Community Board 10 calls on HPD to eliminate
from its proposed Regulatory Agreement any requirement or condition regarding the early sunset
of “DAMP” benefits before the scheduled expiration of these benefits in the year 2029 should an
HDFC “opt out” of signing the proposed agreement; and
FURTHER RESOLVED THAT, Manhattan Community Board 10 join with the Hon. Bill
Perkins, Council Member, 9th District, and other members of the Manhattan Delegation of the
New York City Council (Hon. Margaret Chin, Hon. Rosie Mendez, Hon. Corey Johnson, Hon.
Daniel Garodnick, Hon. Ben Kallos, Hon. Mark Levine, and Hon. Ydanis Rodriguez) in calling
upon HPD (as in their joint letter written to Commissioner Maria Torres-Springer) to “temporarily
halt” moving forward with this proposed Regulatory Agreement “to ensure more meaningful input
from current HDFC shareholders” and to create and implement “one that strengthens and preserves
these affordable homes for years to come.”
BE IT FURTHER RESOVLED THAT, On June 7, 2017, Manhattan Community Board 10
supports the aforementioned resolution with a vote of 36 in favor 0 opposed.",0,10,1,regex_single_resolution
9e995613-4426-4ac9-9ebd-2c443a4b49f4,d1272204-3b90-5dc4-9a60-0fb381b76751,MCB10,https://cbmanhattan.cityofnewyork.us/cb10/wp-content/uploads/sites/11/2021/08/cb10_resolution_for_w_155th_st_dot_proposals.pdf,2021-08-01,1,W. 155th St. DOT Proposals,"CITY OF NEW YORK
MANHATTAN COMMUNITY BOARD 10
215 West 125th Street, 4th Floor—New York, NY 10027
T: 212-749-3105 F: 212-662-4215
BRIAN BENJAMIN
Chairperson
ANDRE W LASSALLE
District Manager
Resolution Addressing DOT's Proposed Changes to West 155th Street
WHEREAS the New York City Department of Transportation (DOT) and Metropolitan
Transportation Authority (MTA) has proposed to remove an eastbound lane towards the Bronx on
West 155th Street and its viaduct and to introduce Select Bus Service (SBS) to the Bx6 bus route;
and
WHEREAS the DOT and MTA came before the Manhattan Community Board 10 (CB10)
Transportation, Historic Preservation, and Landmarks Committee on April 11, 2017 to suggest
these changes would mitigate both eastbound and westbound traffic along West 155th Street and
in the Bronx; and
WHEREAS Manhattan Community Board 10 organized a public hearing on May 4, 2017 to gather
community feedback on the proposed plan from DOT/MTA; and
WHEREAS Manhattan Community Board 10 supports the proposed introduction of Select Bus
Service for the BX6 bus route; and
WHEREAS CB10 condemns DOT's proposal to remove one of the two eastbound lanes in
exchange for a third westbound lane, as it would pose a detrimental impact on traffic and further
induce traffic along the West 155th Street corridor; and
WHEREAS CB10 affirms that DOT has not performed adequate traffic studies or conducted any
substantive community outreach to understand how traffic would be adversely impacted as a result
of their plan; and
WHEREAS DOT provided CB10 with very short notice of the plan and the intended
implementation plan. DOT requested to present on this topic in April 2017 and asserted that the
plan would be implemented as DOT originally contemplated it in June 2017. Since DOT’s
presentation at the CB10 Transportation, Historic Preservation, and Landmarks Committee on
April 11, 2017, DOT has since postponed implementation of their plan until July 2017 or possibly
later; and
WHEREAS CB10 recommends that DOT conduct a traffic impact study and a walkthrough with
CB10 during morning and afternoon rush hour times and especially during the summer months
when New York Yankees' baseball games increase traffic along West 155th Street, the Macomb
Dams Bridge, and in the Bronx; and
WHEREAS Manhattan Community Board 10 is committed to promoting effective vehicular
traffic across the district and urges DOT to incorporate these recommendations into their proposals
for West 155th Street and the viaduct. Manhattan Community Board 10 reserves the right to provide
additional feedback to DOT.
NOW, THEREFORE, BE IT RESOLVED that Manhattan Community Board 10 supports the
MTA introduction of the BX6 SBS service, but strongly condemns DOT’s proposed removal of
an eastbound lane on the West 155th Street viaduct and voted on this resolution at the general board
meeting held on Wednesday, June 7, 2017 as follows:
YES __35_____ NO_____1____ ABSTAIN ____0____",0,9,1,regex_single_resolution
685e1224-f77c-4b8c-ac27-c2203690742b,aa6bce5f-a42a-5afa-be9a-cc9cd4f85091,MCB10,https://cbmanhattan.cityofnewyork.us/cb10/wp-content/uploads/sites/11/2021/08/resolution_regarding_soha.pdf,2021-08-01,1,Resolution Regarding SoHa,"CITY OF NEW YORK
MANHATTAN COMMUNITY BOARD 10
215 West 125th Street, 4th Floor—New York, NY 10027
T: 212-749-3105 F: 212-662-4215
BRIAN BENJAMIN
Chairperson
ANDRE W LASSALLE
Distri ct Manager
Resolution Condemning Rebranding of Central Harlem as “SoHa”
WHEREAS, the Village of Harlem is a distinct neighborhood in the northern section of
Manhattan that has been formally organized and recognized as “Harlem” since 1658; and
WHEREAS, since the early 1900s, and continuing uninterrupted to the present day, Harlem has
been known and recognized throughout the world as a singular and premiere center of African-
American arts, culture, tradition, business and social and political activism; and
WHEREAS, Harlem stretches from the East River to the Hudson River and northward from 96th
Street (in the east) and 110th Street (in the west) up to 155th Street; and
WHEREAS, the section of Harlem encompassing Manhattan Community Board 10’s District,
running from Fifth Avenue on the east to Morningside Park, St. Nicholas Avenue and
Edgecombe Avenue on the west and from 110th Street on the south and Harlem River and 155th
Street on the north has long been known as “Central Harlem”; and
WHEREAS, Central Harlem in particular was the focal point of the “Harlem Renaissance”
which began in the 1920s and was an unprecedented outpouring of American Black music,
dance, theater and literature whose impact on the world was vast and has continued unabated;
and
WHEREAS, Manhattan Community Board 10 is the voice of our Central Harlem Community
whose mission includes the protection, preservation, promotion and enhancement of Harlem’s
unique and historic character, tradition and universally-recognized brand; and
WHEREAS, Manhattan Community Board 10 believes that the maintenance and protection of
Harlem’s character, traditions, culture and brand is vital to the Community’s continued economic
and social well-being; and
WHEREAS, Manhattan Community Board 10 has become aware of numerous instances wherein
certain real estate brokers and developers and other persons and businesses have been attempting
to rename and rebrand the area of Central Harlem below 125th Street as “SoHa” (a false and
misleading reference to “South Harlem,” a non-existent and historically-inaccurate geographic
designation); and
WHEREAS, this effort to create a new section of Upper Manhattan called “SoHa” has been
carried out through, among other actions, using the term “SoHa” as a business or trade name, to
designate certain real estate developments and as a geographic destination in lieu of the area’s
true name; and
WHEREAS, these attempts to excise and rename a section of Central Harlem constitute, in many
cases, an apparent attempt to attract and profit from new investment and development and to
market the area to potential new residents who may not understand, appreciate or value the
significance of the contributions that Harlem has made to the culture and character of America
and, indeed, the world; and
WHEREAS, Manhattan Community Board 10 is not opposed to new investment and economic
opportunities for Harlem residents, but we nonetheless strongly believe that this effort to rebrand
Central Harlem, if continued, will in the long run have serious and lasting negative consequences
for our community; and
WHEREAS, while the process of co-naming even a single block in NYC generally requires
extensive Community outreach and a lengthy process to establish that there is broad support
from local residents, businesses, institutions and elected officials as well as a compelling
historical or cultural basis for the renaming; and
WHEREAS, the attempts to rename a large swath of Central Harlem as “SoHa” have been
undertaken unilaterally without any attempt to seek or consider the views of the people of
Harlem and despite the utter lack of any historical or cultural basis for this change; and
WHEREAS, Manhattan Community Board 10 believes that these efforts to alter and rebrand
Central Harlem for profit are arrogant and disrespectful and an affront to generations of Harlem
residents who invested blood, sweat and tears to make Harlem what it is; and
WHEREAS, many residents of our Community as well as our elected and public officials share
the concern and dismay expressed in this Resolution;
IT IS HEREBY RESOLVED THAT, Manhattan Community Board 10 objects to and condemns
the use by persons and businesses of the term “SoHa” as a branding tool or trade name to market
their goods or services, or as a geographic designation or destination with respect to any areas of
Harlem; and
FURTHER RESOLVED THAT, Manhattan Community Board 10 calls upon all residents of our
District and our elected officials to reject the attempts to rename any section of Central Harlem
“SoHa,” and to clearly voice their objection to such attempts and to similar attempts to rename or
rebrand other sections of Harlem; and
FURTHER RESOLVED THAT, Manhattan Community Board 10 will support our elected
officials in any efforts to propose appropriate legislation curtailing real estate brokers and
developers and other persons and businesses from renaming or rebranding any areas of Harlem.",0,15,0,regex_single_resolution
2451013f-28a4-43e9-953f-6d1138371ef5,b1b504d9-b151-5511-b13b-8df4d775ba86,MCB10,https://cbmanhattan.cityofnewyork.us/cb10/wp-content/uploads/sites/11/2021/08/mmphd_extension_landmarking_resolution.pdf,2021-08-01,1,Immigration Equal Protection and Sanctuary City Resolution (final version),"CITY OF NEW YORK
MANHATTAN COMMUNITY BOARD 10
215 West 125th Street, 4th Floor—New York, NY 10027
T: 212-749-3105 F: 212-662-4215
HENRIETTA LYLE
Chairperson
ANDRE W LASSALLE
District Manager
Resolution in Support of Designating the Mount Morris Park Historic District Extension
WHEREAS, on November 3, 1971 the Landmarks Preservation Commission designated an area
West of Mt. Morris Park (since renamed Marcus Garvey Park) as a Historic District, to be known
as the Mt. Morris Park Historic District; and
WHEREAS, the designation report found the area to have “a special character and special
historic and aesthetic interest and value”; and
WHEREAS, the findings of the designation report also highlighted the “fine cross section of
architectural styles of the latter part of the 19th and of the early part of the 20th centuries”, the
“many fine rows of town houses”, and “several handsome churches”, as well as the
“outstanding” “quality of design and workmanship in the area”; and
WHEREAS, the protections conferred by the designation have helped to maintain and preserve
these valuable buildings through difficult times, and are an important safeguard to ensure that
they continue to be preserved as the neighborhood faces increasing real estate pressures; and
WHEREAS, many buildings of the same character, scale, style and history were not included in
the boundaries of the Mt. Morris Park Historic District even though they contribute to the distinct
sense of place of the Historic District; and
WHEREAS, in 2012 Manhattan Community Board 10 issued a Comprehensive Preservation
Plan which proposed expanding the boundaries of the Mt. Morris Park Historic District to
include these surrounding areas; and
WHEREAS, the Landmarks Preservation Commission has studied Manhattan Community
Board 10’s proposal and is considering designating the study area shown in the attached map;
and
WHEREAS, there is wide support among the affected homeowners, as well as from
neighborhood and preservationist groups to expand the boundaries of the district;
THEREFORE, be it resolved, that on April 1, 2015, the Manhattan Borough Community Board
10 supports the designation of the Mt. Morris Park Historic District Extension as proposed in the
study area with a vote of 35 in favor, 1 opposed and 0 abstentions.",0,8,1,regex_single_resolution
81c302c4-ec5c-42d3-88e1-71e6aaa8f314,1a2c36b2-96cb-51e1-913c-112c74ed53ae,MCB10,https://cbmanhattan.cityofnewyork.us/cb10/wp-content/uploads/sites/11/2021/08/cb10_letter_to_lpc_re._32_west_119_street_1.13.2017.pdf,2017-01-13,1,CB10 Letter to LPC re. 32 West 119 Street 1-13-2017,"CITY OF NEW YORK
MANHATTAN COMMUNITY BOARD 10
215 West 125th Street, 4th Floor—New York, NY 10027
T: 212-749-3105 F: 212-662-4215
BRIAN BENJAMIN
Chairperson
ANDRE W LASSALLE
District Manager
January 13, 2017
Lauren George
Director of Intergovernmental and Community Affairs
NYC Landmarks Preservation Commission
1 Centre Street, 9th Floor
New York, New York 10007
Re: 32 West 119th Street
Dear Ms. George:
On Tuesday, October 25, 2016, the owner of the referenced property appeared
and made a presentation to the CB 10 Historic Preservation and Landmarks Committee
regarding their application to the Landmarks Preservation Commission. During the
presentation, the owner presented a set of drawings and pictures in an effort to describe
the nature of his proposed project, and responded to questions asked by Committee
members. The owner offered a Letter of Support from the Mount Morris Park Community
Improvement Association in support of the application.
Following the presentation, the Committee members considered the presentation
and considered the property owner’s documentation of support for the application, and
has concluded that the property owner should be allowed to proceed with his proposed
project.
Please feel free to contact me if you have any question or require any additional
information.
Very truly yours,
Raquel Vazquez
Chair, Transportation, Historic
Preservation and Landmarks Committee",0,0,0,regex_single_resolution
295b5fd9-3883-4302-ade8-48bd4e5e3edd,fe1b4167-77bc-5403-b49b-02d48fa37259,MCB10,https://cbmanhattan.cityofnewyork.us/cb10/wp-content/uploads/sites/11/2021/08/hansborough_recreation_center_renovation_resolution.pdf,2021-08-01,1,Hansborough Recreation Center Renovation Resolution,"CITY OF NEW YORK
MANHATTAN COMMUNITY BOARD 10
215 West 125th Street, 4th Floor—New York, NY 10027
T: 212-749-3105 F: 212-662-4215
BRIAN A. BENJAMIN
Chairperson
ANDRE W LASSALLE
District Manager
Resolution for Hansborough Recreation Center NYC Parks
Renovation Project
WHEREAS Hansborough Recreation Center is located at 35 West 134th Street on Lenox Terrace Place
between Malcolm X Boulevard and 5th Avenue in the Borough of Manhattan in Community Board 10;
and
WHEREAS the facility was originally constructed in 1922 and opened to the public on June 1, 1925 as the
134th Street Bathouse under Manhattan Borough President Julius Miller, to promote public health,
hygiene and recreation. A 1927 news article described the Harlem facility as a stunning natatorium
(indoor swimming pool) decorated with tiles, mosaics and ceramic panels depicting sea creatures; and
WHEREAS the project will reconstruct the entrance and interior spaces of the Hansborough Recreation
Center, including upgrade of the canopy and signs at the building entry, renovation of the lobby,
vestibule, 4th floor fitness room and create access to the running track via spiral staircase and infill with
glass removal; and
WHEREAS the schematic design for the project has been approved internally by the NYC Parks
Department and is now undergoing review by external regulatory agencies; and
WHEREAS the upgrades will promote greater safety and more optimal utilization of the Hansborough
Recreation Center; and
WHEREAS the 6,000 SF site is not landmarked; and
WHEREAS the renovations will make the facility fully code compliant and eligible for New York City
Department of Buildings Certificate of Occupancy; and
WHEREAS the NYC Parks Department presented preliminary design plans for the Hansborough
Recreation Center detailing proposed renovations at the November 9th, 2016 Parks and Recreation
Committee meeting; and
WHEREAS the average time for procurement is 9 months. The procurement timeline for the project will
be established at the end of the design phase; and
WHEREAS the average time for construction is 12-18 months and the Hansborough Recreation Center
will continue to operate during the construction; and
WHEREAS renovations of the Hansborough Recreation Center, one of 5 centers selected out of a total of
35 NYC Parks Department Recreation Centers citywide, will total between $1 million and $3 million and
will be funded by the Mayor’s Community Parks Initiative; and
WHEREAS the proposed renovations will upgrade the fitness and recreational amenities, enhance the
environmental qualities of the site and facilitate increased recreational use of the site; and
WHEREAS studies by the Centers for Disease Control and Prevention substantiate that creating,
improving and promoting places to be physically active can improve individual and community health
and result in a 25 percent increase of residents who exercise at least three times per week.
NOW, THEREFORE, BE IT RESOLVED that Manhattan Community Board 10 supports the City’s efforts to
upgrade, through renovations and new designs the Hansborough Recreation Center.
YES ___ N0 __ ABSTAIN __",0,13,1,regex_single_resolution
99e587e1-1d9b-48e1-b9ae-e571a4d154e5,2b0fa7e2-89f8-5648-a1e3-99eea8392405,MCB10,https://cbmanhattan.cityofnewyork.us/cb10/wp-content/uploads/sites/11/2021/08/elombe_brath_resolution.pdf,2021-08-01,1,Elombe Brath Resolution,"CITY OF NEW YORK
MANHATTAN COMMUNITY BOARD 10
215 West 125th Street, 4th Floor—New York, NY 10027
T: 212-749-3105 F: 212-662-4215
BRIAN A. BENJAMIN
Chairperson
ANDRE W LASSALLE
District Manager
Elombe Brath Way Street Co-naming Resolution
Resolution: To support the Conaming at the southwest corner of Adam Clayton Powell Jr.
Boulevard between 124th and 125th Streets to Elombe Brath Way.
WHEREAS: Elombe Brath distinguished citizen, national civil rights and international human
rights leader who contributed substantially to Pan-Africanism, Black Cultural Awareness and
Black empowerment both at home and abroad in his life’s work; and
WHEREAS: Elombe Brath, of Harlem, New York, died on Monday, May 19, 2014 at the age of
77; and
WHEREAS: Elombe (nee Cecil) Brathwaite was born in Brooklyn, New York on September
30, 1936 to Cecil T. Brathwaite and Margaret Etelka Maloney-Brathwaite. Both parents
immigrated to the United States from Barbados, the Caribbean island geographically closest to
the African continent. He was the oldest of three children; brother Kwame (nee Ronald)
Brathwaite, middle sibling and Brother John Edward Brathwaite, youngest sibling. Brath was
politically inspired early on in his life by hearing his mother speak of her first cousin, Clennel
Wickham, editor of the renowned HERALD newspaper; and
WHEREAS: Brath’s political commitment evolved in 1956 simultaneously with the struggle to
eliminate “Negro” as the nomenclature of African American people; creating the “Black is
Beautiful” campaign in 1961 following the creation of the African Jazz-Arts Society and Studios
(AJASS) with this brother Kwame and a cadre of other local activists and launched the
Grandassa Models and “Naturally Shows”; and
WHEREAS: this esteemed man was a pioneer in the Pan-African movement; he worked closely
with the Federation of Pan-African Nationalist Organizations setting the stage for African
Liberation Day and the development of the African Liberation Support Committee (ALSC); his
efforts played a critical role in educating and organizing thousands in the fight against
imperialism, colonialism, and neo-colonialism on the African continent; and
WHEREAS: Despite his total immersion on the international front as well as the countless
battles against racism at home, Elombe was employed at WABC-TV where as a graphic artist
(skills he acquired while in high school and at the School of Visual Arts) and vital consultant,
particularly on African Affairs to Gil Noble, the esteemed host of “Like It Is”. “Elombe was
instrumental in facilitating the presence of many of the African leaders on the show” said Robert
Van Lierop, an attorney and filmmaker formally affiliated with the show; and
WHEREAS: in 1975, following in the footsteps of black nationalism forefathers, Marcus
Garvey and Carlos Cooks, Elombe Brath founder and chairman to the Patrice Lumumba
Coalition (PLC), a Harlem based group which spread word of the ongoing struggle against
oppression in Africa, coordinating hundreds of forums with the purpose of educating the masses
and mobilized local support in the fight against apartheid and oppression of people all over the
world; and
WHEREAS: Elombe Brath was also one of the principle organizers when Harlem welcomed
Nelson Mandela in 1990, and was a strong advocate for the Central Park Five; and
WHEREAS: an international figure, charitable, tireless advocate for civil and human rights;
imbued with a sense of justice this remarkable man’s life continues to inspire others leaving
behind a legacy of fighting for freedom long enduring the passage of time remaining in
comforting memory to all he served and befriended;
WHEREAS: Elombe Brath is survived by his wife, Helena Nomsa Brath, and their seven
children, he passed quite fittingly on the 89th birthday of Malcolm X;
WHEREAS: Mr. Brath impacted legendary jazz entertainers creating awareness and promoting
jazz in the Bronx is supported by Senator Perkins and US Congressman Charles Rangel
THEREFORE, BE IT RESOLVED: that Manhattan Community Board 10 wishes to remember
Elombe Brath by formally requesting that the New York City council and the Mayor of New
York City enact legislation to support the Conaming at the southwest corner of Adam Clayton
Powell Jr. Boulevard between 124th and 125th Streets to Elombe Brath Way with a vote of 28 in
favor, 1 opposed and 0 abstentions.",0,11,1,regex_single_resolution
b5106410-fd29-437c-ac20-bf47cdacb52f,0022660e-bf95-54f5-a6e2-265488831f57,MCB10,https://cbmanhattan.cityofnewyork.us/cb10/wp-content/uploads/sites/11/2021/09/cb10_mih_rezoning_resolution_final.pdf,2021-09-01,1,Mandatory Inclusionary Housing (MIH) Zoning Resolution No. MIH 2016,"CITY OF NEW YORK
MANHATTAN COMMUNITY BOARD 10
215 West 125th Street, 4th Floor—New York, NY 10027
T: 212-749-3105 F: 212-662-4215
HENRIETTA LYLE
Chairperson
ANDRE W LASSALLE
Distri ct Manager
Mandatory Inclusionary Housing (MIH) Zoning Resolution
No. MIH 2016
WHEREAS, the City Council on Tuesday, March 22, 2016 voted overwhelmingly to approve
Mayor Bill de Blasio’s mandatory inclusionary housing program (MIH) which will apply to any
new buildings in Up-zoned neighborhoods and any new spot rezoning; and
WHEREAS, pursuant to MIH, the City Planning Commission and ultimately the City Council
would apply one or both of the following two requirements to each Mandatory Inclusionary
Housing area: 1) 25% of residential floor area must be for affordable housing units for residents
with incomes averaging 60% AMI ($46,620 per year for a family of three) and 10% of housing
to be affordable at 40% AMI($31,080 per year for a family of three); or 2) 30% of residential
floor area must be for affordable housing units for residents with incomes averaging 80% AMI
($62,150 per year for a family of three); and
WHEREAS, in addition to one or both of the options, the City Council and the City Planning
Commission could decide to apply one or both of the Deep Affordability Option and/or the
Workforce Option; and
WHEREAS, the Deep Affordability Option provides that 1) 20% of the total residential floor
area must be for housing units for residents with incomes averaging 40% AMI ($31,080 per year
for a household of three); and 2) No direct subsidies could be used for these units except where
needed to support more affordable housing; and
WHEREAS, the Workforce Option provides that 1) 30% of the total residential floor area must
be for housing units for residents with incomes averaging 115% AMI ($89,355 per year for a
household of three); 2) No units could go to residents with incomes above 135% AMI
($104,895/year for a household of 3); 3) No direct subsidies could be used for these affordable
housing units; and 4) The Workforce Option would not apply to Manhattan Community Districts
1-8, which cover south of 96th Street on the east side and south of 110th Street on the west side;
and
WHEREAS, MIH allows for: a) Permanent affordability; b) that MIH requirements would kick
in above 10 units; c) that a “Fee in Lieu” option is available for buildings between 11-25 units; d)
that a BSA waiver is available for projects that can show financial hardship; and e) that Off-site
options available for the affordable housing; and
WHEREAS, Manhattan Community Board 10 has repeatedly heard from residents of the
District of their concerns and fears that the high and escalating cost of housing is forcing long
standing Residents to move from the District or into over-crowded or rent-burdened living
conditions and that the supply of rental housing has been shrinking, especially for extremely low
and very low income families due to a variety of factors, including but not limited to a robust
housing market in Community Board 10, rising costs of construction, rising land prices, land-use
restrictions and conversions of units to market rate condominium and cooperative housing; and
WHEREAS, according to a 2015 NYU Furman Center study on housing affordability based on
Community Board districts, Central Harlem's severely rent-burdened households represent
38.8% of CB 10 households, has an unemployment rate of 13%; median household income of
$40,615, poverty rate of 29.2%, with a household income distribution (2015 dollars) as follows:
30% less than $20,000; 21% less than $40,000; 16% less than $60,000; 17% less than $100,000;
and 4% less than $250,000 for CB 10's 132,027 residents (2014 estimate).
WHEREAS, estimates are that for every 100 low-income households (which earn less than 50
percent of the area median income (AMI) Nationwide and in Community Board 10, there are
only 30 homes that are affordable and available to those households.
NOW THEREFORE, BE IT RESOLVED:
1) That Manhattan Community Board 10’s Land Use Committee will welcome any ULURP
Applicant seeking Community Board 10 approval of its application if that project
provides 50% of residential floor area to be for affordable housing units for residents with
incomes averaging 80% AMI for Harlem ($62,150 per year for a household of three); and
2) That Manhattan Community Board 10’s Land Use Committee will welcome any ULURP
Applicant seeking Community Board 10 approval of its application under any of the four
MIH options if that project provides 10% to 20% of residential floor area to be for
affordable housing units for residents with incomes averaging between 40% to 60% AMI;
and
3) That Manhattan Community Board 10’s Land Use Committee will highly recommend
any ULURP Applicant seeking Community Board 10 approval of its application that
seeks to utilize the “Fee in Lieu Option” if the Applicant demonstrates that the fee
proposed be dedicated to physical, social and/or historic preservation efforts within
Community Board 10; and
4) That Manhattan Community Board 10’s Land Use Committee will welcome any ULURP
Applicant seeking Community Board 10 approval of its application that seeks to utilize
the “Offsite Development Option” if the Applicant demonstrates that the offsite
development proposed is to be located within Community Board 10 and constructed
contemporaneously with the primary development project; and
5) That Manhattan Community Board 10’s Land Use Committee will welcome any ULURP
Applicant seeking Community Board 10 approval of its application for homeownership
housing if that application provides 20% to 25% of its units for moderate and middle
Manhattan Community Board 10 Resolution No. MIH 2016 Page 2 of 3
income Residents within Community Board 10; and
6) That the Mayor of the City of New York, the City Council and all Administrative
Agencies having oversight of the application of MIH require an Impact Study be
prepared prior to approval of the Application that reviews the impacts on schools, traffic,
and parking with respect to any development project proposed within Community Board
10 and that a public presentation is made prior to ULURP certification by the Department
of City Planning; and
7) That the Mayor of the City of New York, the City Council and all Administrative
Agencies having oversight of the application of MIH work with the US Department of
Housing and Urban Development to make appropriate adjustments in the AMI for
Central Harlem to more accurately reflect real household incomes within Community
Board 10; and
8) That the New York City Department of Housing, Preservation and Development monitor
and enforce compliance with Section 3 of the US Housing Act of 1936 requiring
employment and training opportunities particularly construction jobs, property
management jobs and all jobs tied to the development being approved for Residents and
Businesses within Community Board 10; and
9) That Manhattan Community Board 10’s Land Use Committee will welcome any ULURP
Applicant seeking Community Board 10 approval of its application that seeks to set aside
5 to 10% of its units for homeless or those individuals receiving homeless assistance
within CB10; and
10) That Manhattan Community Board 10’s Land Use Committee will welcome any ULURP
Applicant seeking Community Board 10 approval of its application that seeks to require
that there are homeownership opportunities for the working class in Harlem for first-time
homebuyers with units reflecting 2 bedrooms based on salaries started at incomes ranging
from $65,000 (80% AMI for a household of three) to $110,000 (130% AMI for a
household of three); and
11) That Manhattan Community Board 10’s Land Use Committee will welcome any ULURP
Applicant seeking Community Board 10 approval of its application that mitigates
displacement and provides a mechanism that quantitatively monitors the real access of
Central Harlem lower-income and long-term Residents, particularly seniors, to the new
affordable housing proposed within Manhattan CB10.
BE IT FURTHER RESOLVED that on June 1, 2016, Manhattan Borough Community Board
10 supports the aforementioned resolution with a vote of 41 in favor, 0 opposed and 3
abstentions.
BE IT FURTHER RESOLVED that Manhattan Community Board 10 partner and
collaboratively work with the Real Estate Development Industry, Community Stakeholders and
our Elected Officials to advance the goals articulated in this Resolution.
Manhattan Community Board 10 Resolution No. MIH 2016 Page 3 of 3",0,9,1,regex_single_resolution
ccfe4ce5-60f1-4520-ae54-37c4037776be,b5253b24-b49d-5ba8-990d-115677fb498e,MCB10,https://cbmanhattan.cityofnewyork.us/cb10/wp-content/uploads/sites/11/2021/09/bb_reso_passive_house.pdf,2021-09-01,1,MANHATTAN BOROUGH BOARD,"MANHATTAN BOROUGH BOARD
RESOLUTION
IN SUPPORT OF THE INTERNATIONAL PASSIVE HOUSE STANDARD FOR NEW YORK
CITY
WHEREAS, buildings are a major source of greenhouse gasses, accounting for 39% of CO2 emissions
and consuming 70% of the electrical load in the U.S., according to the U.S. Green Building Council
(USGBC); and
WHEREAS, the energy used in New York City buildings contributes nearly three-quarters of citywide
emissions, according to One City: Built to Last, and that to successfully reduce the threat of climate
change, the CO2 emissions of our buildings need to be dramatically cut back while maintaining and
improving the services they provide; and
WHEREAS, the Passive House (PH) Standard is a recognized worldwide standard for energy-saving
buildings of all types, which reduces heating and cooling energy requirements by 90% and overall
energy demand by up to 75% compared to conventional buildings while also providing the most
comfortable and healthy inside environment; and
WHEREAS, energy inefficient buildings in Manhattan have resulted in costly tenant utility bills,
contributing to housing unaffordability; and
WHEREAS, the effectiveness of the PH Standard has been illustrated by tens of thousands of Passive
Houses in the world, from Shanghai, China, to New York City; and
WHEREAS, Brussels, Belgium adopted its 2015 building regulations based on the PH Standard and is a
core component of the European Union's planned mandate of ""nearly zero energy"" buildings by 2020. A
growing number of cities in the U.S., from San Francisco to Philadelphia, officially acknowledge the PH
Standard as part of their efforts to promote sustainability; and
WHEREAS, Passive House is directly focused on reducing energy needs through the application of
building physics, high quality construction and proven construction technologies including insulation,
airtightness, heat recovery, solar energy, solar shading, and incidental internal heat gains. Resulting
reductions in building energy requirements can enable renewable sources to meet 100% of energy needs
(""Net Zero"" performance) or to supply surplus energy to the utility grid (""Net Positive"" performance);
and
WHEREAS, New York City is an environmental thought leader and standard setter. The City Council
unanimously approved a plan to reduce greenhouse gas emissions by 80% by 2050. Mayor Bill de
Blasio issued the policy, One City Built to Last: Transforming New York City's Buildings for a Low
Carbon Future (2014), which recognizes the PH Standard and serves as an affordability, economic
development, and public health plan. Further, former Mayor Michael R. Bloomberg published PlaNYC:
A Stronger, More Resilient New York, a long-term sustainability plan in 2013 that the de Blasio
administration revised in 2015 with the release of One New York: The Plan for a Strong and Just City;
and
WHEREAS, New York City is one of the world's leaders in real estate development, architecture and
engineering firms, skilled labor unions, financial institutions, and research universities and therefore is
uniquely poised to develop the solutions needed to transform our city and share these solutions with the
world; and
WHEREAS, New York City has exceptional potential as an economic engine for sustainability in the
U.S. and the world. The integrated urban lifestyle of the city results in a low carbon footprint, ranking
NYC's carbon profile as the 4th lowest in the nation. Passive House innovations can help solidify and
extend sustainability leadership efforts; and
WHEREAS, New York Passive House (NYPH) is an established local resource of Passive House
expertise. NYPH works with other local low-energy and sustainability stakeholders, and is in continual
collaboration with the Passive House Institute (PHI), for the development and transfer of engineering
and environmental technologies. PHI is an independent scientific institute in Darmstadt, Germany, that
is responsible for developing the PH Standard and the evolving scientific research that underpins its
worldwide implementation; and
WHEREAS, cost is a major consideration in construction projects and it is essential that all publicly
supported PH undertakings be focused on reaching cost parity with conventional construction; and
WHEREAS, PH cost parity has been accomplished on projects in Europe, in the U.S. and New York
City and, with the collaboration of global PHI and NYC planning and policy expertise, it would be
possible to undertake an initiative of Passive House construction best practices with a goal of achieving
cost parity in local demonstration projects; and
WHEREAS, New York City has in the range of 69,000 existing buildings according to the Department
of Finance in 2007 and renovating our existing building stock to an energy efficient standard is critical
to meeting carbon reduction goals and an incremental renovation plan is needed; and
WHEREAS, Passive House Standard can be applied to both new construction and renovations, with the
majority of Passive House projects completed to date in New York City being renovations; and
WHEREAS, the performance standard for renovating existing buildings is slightly more lenient but still
results in a roughly 90% reduction in average heating and cooling energy usage and up to a 75%
reduction in primary energy usage, according to One City Build to Last; and
WHEREAS, maximizing energy efficiency in residential buildings would reduce tenant utility costs and
improve overall housing affordability; and
WHEREAS, Passive House could facilitate community storm resilience under the coldest and hottest
weather conditions, the importance of which is described in New York City's Building Resiliency Task
Force (BRTF) Report, issued in response to Hurricane Sandy, as Proposal #27 Maintain Habitable
Temperatures Without Power; and
WHEREAS, New York City is committed to reducing its Greenhouse Gas (GHG)
Emissions by 80% by 2050-the level that the United Nations projects is needed to avoid the most
dangerous impacts of climate change-and will chart a long-term course for a total transition away from
fossil fuels to renewable sources of energy; and
WHEREAS, in New York City, our buildings are responsible for the overwhelming share of our GHG
emissions, accounting for nearly three-quarters of our contribution to climate change, according to One
City Build to Last; and
WHEREAS, President Barack Obama announced new actions to bring renewable energy and energy
efficiency to households across the country, and New York State Homes and Community Renewal
(HCR) intends to work closely with NYSERDA to monitor the ongoing energy use intensity of any
Passive House projects that may be selected for funding in order to provide valuable data to the market
to accelerate the trend toward construction of Passive-House-certified affordable multifamily buildings;
and
WHEREAS, on Roosevelt Island, Cornell Tech has started work on a 26-story dormitory building
which will be the tallest and largest Passive-House high-rise in the world when it is completed in 2017;
and
THEREFORE, BE IT RESOLVED THAT the Manhattan Borough Board supports the investigation
of the implementation of the Passive House Classic, Passive House Plus (net zero) and Passive House
Premium (net positive) Standards for potential application to new construction and renovation in our
community; and
BE IT FURTHER RESOLVED THAT the Manhattan Borough Board encourages the completion of a
public project in Manhattan to demonstrate a zero-net energy standard and cost saving potentials; and
BE IT FURTHER RESOLVED THAT the Manhattan Borough Board supports working towards the
adoption of a zero net energy standard, such as the Passive House Standard, into the New York City
building code by adjusting existing regulations to accommodate differences in methodology and
performance; and
BE IT FURTHER RESOLVED THAT the Manhattan Borough Board urges New York City
administration to leverage its eco-leadership in construction, finance, and innovation with an integrated
promotional and green awareness campaign to gain support from government agencies and officials,
developers, contractors, unions, real estate, buyers, and the public and to normalize a zero net energy
standard and the use ofrenewable energy in our city and across our country.
Adopted by the Manhattan Borough Board on the 21st day of April 2016
Gale A. Brewer
Manhattan Borougl President
Chair of the Manhattan Borough Board",0,22,2,regex_single_resolution
86349a0f-8902-4041-833a-f58652378166,3a8dcbd3-a22a-5628-afab-c261f5754e90,MCB10,https://cbmanhattan.cityofnewyork.us/cb10/wp-content/uploads/sites/11/2021/08/pep_officer-resolution_final.pdf,2021-08-01,1,Resolution in Support of The Need for Assignment of Increased Number of Park Enforcement Patrol Officers to Manhattan Community Board 10,"CITY OF NEW YORK
MANHATTAN COMMUNITY BOARD 10
215 West 125th Street, 4th Floor—New York, NY 10027
T: 212-749-3105 F: 212-662-4215
HENRI ETTA LYLE
Chairperson
ANDREW LASSALLE
District Manager
Manhattan Community Board 10 Resolution Re: The Need for Assignment of Increased Number of
Park Enforcement Patrol Officers to Manhattan Community Board 10
Whereas: two (2) Park Enforcement Patrol (PEP) Officers cover four (4) Community Boards; 9, 10, 11
and 12; and
Whereas: the two (2) PEP Officers covering Community Boards 9, 10, 11 and 12 are assigned to patrol
park pools in addition to area parks, recreation centers, playgrounds, green and public spaces during the
summer months; and
Whereas: the importance of park safety is vital to the community and parks need to feel safe for people
to use them. Research shows that perception of safety can be more significant in influencing human
behavior than actual crime statistics. If citizens perceive a park as unsafe, they might not make use of it at
all; and
Whereas: PEP Officers patrol and monitor parks, playgrounds, recreation centers, green and public
spaces to ensure compliance with NYC Park Rules and Regulations; and
Whereas: Central Harlem has a population of approximately 118,000 residents; and
Whereas: Manhattan CB 10 has a total of twenty-nine (29) parks and playgrounds, covering
approximately 241 acres and approximately eleven (11) acres of community gardens; and
Whereas: PEP officers educate the public on proper usage of our parks and playgrounds, and watch over
our beaches and marinas, recreation centers, and other public spaces; and
Whereas: PEP is available to assist the public with first aid, crowd control during special events, such as
parades and concerts, and reaching out to individuals in need of shelter and housing; and
Whereas: St. Nicholas Playground North and Martin Luther King, Jr. Playground are undergoing
extensive renovations under the Community Partnerships Initiative (CPI) Program in CB 10; and
Whereas: on January 13th, the CB 10 Parks and Recreation Committee and the Community emphasized
the urgent need for the assignment of PEP Officers to be in proportion to the number of parks,
playgrounds, recreation centers, green and public spaces in CB10 in order to facilitate residents feeling
safe in using area park facilities;
THEREFORE, BE IT RESOLVED, that on March 2, 2016, the Manhattan Borough Community Board
10 supports the resolution regarding the need for assignment of increased number of park enforcement
patrol officers to Manhattan Community Board 10 with a vote of 31 in favor, 0 opposed and 0
abstentions.",0,10,1,regex_single_resolution
0ca858a9-5b2c-4f7f-8f0f-40f137ace838,ac7b9a09-247d-5900-b253-91d06dc240df,MCB10,https://cbmanhattan.cityofnewyork.us/cb10/wp-content/uploads/sites/11/downloads/pdf/full_board_resolutions/2016/Chez-Lucienne-Resolution.pdf,,1,Chez Lucienne Resolution,"CITY OF NEW YORK
MANHATTAN COMMUNITY BOARD 10
215 West 125th Street, 4th Floor—New York, NY 10027
T: 212-749-3105 F: 212-662-4215
HENRIETTA LYLE
Chairperson
ANDRE W LASSALLE
District Manager
January 6, 2016
Resolution: Support of the Liquor License Application of Malcolm 308 LLC for “Chez
Lucienne” to be Located at 308 Lenox Avenue, New York, NY 10027.
WHEREAS, the New York State Liquor Authority (SLA) has jurisdiction to issue on-premises
licenses according to the Alcoholic Beverage Control Laws, and is responsible for enforcing
those laws; and
WHEREAS, Manhattan Community Board 10 reviews all new applications and offers guidance
to the SLA about the potential impact of a license on public safety and quality of life in our
neighborhoods; and
WHEREAS, Community Boards, as part of their due diligence process, review an applicant’s
ownership and funding; floor plans of the proposed location, food and beverage to be served,
operational aspects of the restaurant/bar or lounge, price points, employee hiring processes,
employee wages and benefits, and community involvement; and
WHEREAS, Malcolm 308 LLC is applying for a Liquor License for the existing establishment
known as “Chez Lucienne” located at 308 Lenox Avenue, Ground Floor, New York, NY 10027
(between 125 - 126th St., east side); and
WHEREAS, the Applicant appeared before Community Board 10’s Economic Development
Committee on December 10, 2015 and presented the following information:
1. The Applicant’s establishment has been operated on the ground floor of the subject
premises for over seven years. Chez Lucienne will continue to operate as a French
Bistro under new ownership.
2. Malcolm 308 LLC’s principals are Thierry Gaetan Guizone and Eric Levy. Mr.
Guizone has extensive experience in financial services and Mr. Levy has extensive
experience managing and serving in the restaurant industry. Then have both been
managing Chez Lucienne for the past year.
3. The current lease for Chez Lucienne runs until the end of 2019.
4. The restaurant accommodates 66 seated patrons and 6 patrons at the bar. The
restaurant also has a sidewalk café.
5. Gin Fizz is open Monday to Thursday from 11:00 am to Midnight, Friday from 11:00
am to 2:00 am, Saturday from 9:00 am to 2:00 am and Sunday from 9:00 am to 11:00
pm.
6. The Applicant employs 50 – 60 people, including wait staff, bussers, hosts, kitchen
staff and porters. Waiters and bussers will be paid minimum wage plus tips and
kitchen workers will be paid an average wage of $10.00 per hourly. The new owners
will continue the restaurant’s current practice of primarily hiring residents of Harlem.
7. The premises are on the ground level and are the entrance, dining area, bar area and
bathroom are disabled and wheelchair accessible.
WHEREAS, the Applicant has submitted a letter of support from the Corner Social, and
WHEREAS, the Applicant has submitted petitions of support signed by adjoining residents, and
WHEREAS, the Economic Development Committee voted 7-yes, 2-no, and 0 abstentions to
support this application;
THEREFORE, BE IT RESOLVED, that on January 6, 2016, the Manhattan Borough
Community Board 10 supports the Liquor License application of Fizzle Tov LLC with a vote of
23 in favor, 6 opposed and 0 abstention.",0,8,1,regex_single_resolution
c7d7f65b-894c-4f94-8faa-eaf846eeabd6,f47aa5d2-cfa7-554d-b74b-4bdd1c5ab75d,MCB10,https://cbmanhattan.cityofnewyork.us/cb10/wp-content/uploads/sites/11/downloads/pdf/full_board_resolutions/2016/Electra-Enterprises-Resolution-ed.pdf,,1,Electra Enterprises Resolution,"CITY OF NEW YORK
MANHATTAN COMMUNITY BOARD 10
215 West 125th Street, 4th Floor—New York, NY 10027
T: 212-749-3105 F: 212-662-4215
HENRIETTA LYLE
Chairperson
ANDRE W LASSALLE
District Manager
January 6, 2015
Resolution: Support of the Liquor License Application of Electra Enterprises LLC, d/b/a
“City Island in the City,” for a new establishment to be located at 301 West 151st Street,
New York, NY 10039.
WHEREAS, the New York State Liquor Authority (SLA) has jurisdiction to issue on-premises
licenses according to the Alcoholic Beverage Control Laws, and is responsible for enforcing
those laws; and
WHEREAS, Manhattan Community Board 10 reviews all new applications and offers guidance
to the SLA about the potential impact of a license on public safety and quality of life in our
neighborhoods; and
WHEREAS, Community Boards, as part of their due diligence process, review an applicant’s
ownership and funding; floor plans of the proposed location, food and beverage to be served,
operational aspects of the restaurant/bar or lounge, price points, employee hiring processes,
employee wages and benefits, and community involvement; and
WHEREAS, Electra Enterprises LLC is applying for a Wine and Beer License for a new
establishment to be known as “City Island in the City” located at 301 West 151st Street, New
York, NY 10039 (between Frederick Douglass Blvd. and Bradhurst); and
WHEREAS, the Applicant’s principal, Ms. Stacia Means, appeared before Community Board
10’s Economic Development Committee on July 20, 2015 and presented the following
information:
1. Ms. Means is a lifetime resident of Harlem and the sole owner of Electra Enterprises
LLC. Ms. Means has previously worked in entertainment marketing.
2. Applicant has obtained a 15-year lease for the premises.
3. The restaurant will accommodate 31 patrons (25 at tables and 6 at the bar).
4. The restaurant will be a “family friendly” establishment serving moderately priced
seafood, fish and chips, steamed fish and vegetables, and burgers. The restaurant will
provide take-out and delivery service. Prices will be affordable.
5. The restaurant will be open seven days, for lunch and dinner. Hours will be 11:00 am
to 1:00 am Sunday to Thursday and 11:00 am to 4:00 am Friday and Saturday. The
restaurant will provide take-out and delivery service.
6. The restaurant will not provide any live music. It will provide recorded background
music only.
7. The Applicant plans to employ 4 people, who will be compensated at above minimum
wage.
8. The Applicant intends to hire employees from the District.
9. The establishment will be handicapped and wheelchair accessible.
WHEREAS, the Applicant has submitted a petition of support signed by 42 area residents and a
letter of support from Walter Edwards of Full Spectrum NY; and
WHEREAS, the Economic Development Committee voted 8-yes, 0-no, and 0-abstentions to
support this application;
THEREFORE, BE IT RESOLVED, that on January 6, 2016, the Manhattan Borough
Community Board 10 supports the Liquor License application of Electra Enterprises LLC with a
vote of ___ in favor, ___ opposed and ___ abstention.",0,7,1,regex_single_resolution
4a1a8c05-5bb4-4975-999b-2d8a8ddbb6ac,43291191-1483-5812-92ff-ba0989640aa7,MCB10,https://cbmanhattan.cityofnewyork.us/cb10/wp-content/uploads/sites/11/downloads/pdf/full_board_resolutions/2016/Gin-Fizz-Resolution.pdf,,1,Gin Fizz Resolution,"CITY OF NEW YORK
MANHATTAN COMMUNITY BOARD 10
215 West 125th Street, 4th Floor—New York, NY 10027
T: 212-749-3105 F: 212-662-4215
HENRIETTA LYLE
Chairperson
ANDRE W LASSALLE
District Manager
January 6, 2016
Resolution: Support of the Liquor License Application of Fizzle Tov LLC for “Gin Fizz” to
be Located at 308 Lenox Avenue, 2nd Floor, New York, NY 10027.
WHEREAS, the New York State Liquor Authority (SLA) has jurisdiction to issue on-premises
licenses according to the Alcoholic Beverage Control Laws, and is responsible for enforcing
those laws; and
WHEREAS, Manhattan Community Board 10 reviews all new applications and offers guidance
to the SLA about the potential impact of a license on public safety and quality of life in our
neighborhoods; and
WHEREAS, Community Boards, as part of their due diligence process, review an applicant’s
ownership and funding; floor plans of the proposed location, food and beverage to be served,
operational aspects of the restaurant/bar or lounge, price points, employee hiring processes,
employee wages and benefits, and community involvement; and
WHEREAS, Fizzle Tov LLC is applying for a Liquor License for an proposed establishment to
known as “Gin Fizz” located at 308 Lenox Avenue, 2nd Floor, New York, NY 10027 (between
125 - 126th St., east side); and
WHEREAS, the Applicant appeared before Community Board 10’s Economic Development
Committee on December 10, 2015 and presented the following information:
1. The Applicant’s establishment Gin Fizz operates on the second floor of the subject
premises. The restaurant Chez Lucienne is operated on the ground floor of the
premises
2. Gin Fizz is a cocktail lounge and jazz music venue. Patrons can order food from the
ground floor restaurant Chez Lucienne.
3. The Applicant’s principal, Mr. Alain Chevreaux has managed Chez Lucienne since
its inception. Chez Lucienne is controlled by an entity that is owned by Mr.
Chevreaux’s wife Nadine Chevreaux. Mr. Chevreaux also owns an interest in the
licensed establishment La Marina on Dyckman Street and the Hudson River. Mr.
Chevreaux previously owned the French bistro Chazal on East 26th Street.
4. None of Mr. Bernstein’s existing restaurants in the CB 10 District have been the
subject of complaints or violations regarding alcohol service, noise, public safety or
quality of life.
5. Applicant’s current lease runs until 2024.
6. The restaurant will accommodate 38 seated patrons and 12 patrons at the bar.
7. Gin Fizz is open Tuesday to Thursday from 8:00 pm to 3:00 am, and Friday --
Saturday from 8:00 pm to 4:00 am. Gin Fizz is closed on Mondays.
8. The Applicant employs approximately 12 people: 2 managers, 3 waiters, 2 bussers
and 2 bartenders. The majority of the establishment’s staff are Harlem residents and
applicant intends to continue to focus on hiring employees from the Community
9. The premises are not disabled and wheelchair accessible because it is located on the
second floor and is accessible only via a stairway. The building owner has rejected
the Applicant’s request to have an elevator installed or to consider other means of
making the second floor disabled accessible. The building owner has stated that she
does not have funds available to make any such renovations and that she is planning
to sell the building. If the building is sole, the Applicant intends to request that the
new owner undertake appropriate alterations.
WHEREAS, the Applicant has submitted a letter of support from the Corner Social, and
WHEREAS, the Applicant has submitted petitions of support signed by adjoining residents, and
WHEREAS, the Economic Development Committee voted 7-yes, 2-no, and 0 abstentions to
support this application;
THEREFORE, BE IT RESOLVED, that on January 6, 2016, the Manhattan Borough
Community Board 10 supports the Liquor License application of Fizzle Tov LLC with a vote of
23 in favor, 6 opposed and 0 abstention.",0,8,1,regex_single_resolution
1d374dbd-06e0-4d0d-95c1-615e42c4a64b,30bdf40e-2ba1-5443-a262-cbbb8a940ce5,MCB10,https://cbmanhattan.cityofnewyork.us/cb10/wp-content/uploads/sites/11/2021/09/bishop_bonner_street_co-naming_resolution.pdf,2021-09-01,1,Bishop Bonner Street Co-Naming Resolution,"CITY OF NEW YORK
MANHATTAN COMMUNITY BOARD 10
215 West 125th Street, 4th Floor—New York, NY 10027
T: 212-749-3105 F: 212-662-4215
HENRIETTA LYLE
Ch airperson
ANDRE W LASSALLE
District Manager
BISHOP WILLIAM LEE BONNER STREET CO-NAMING RESOLUTION
RESOLUTION: To support the Co-Naming at the intersection of West 124th street and Adam Clayton
Powell Blvd Jr. to BISHOP WILLIAM LEE BONNER SQUARE
WHEREAS: William Lee Bonner, affectionately known as Bishop Bonner, was pastor of the Greater
Refuge Temple Church (GRT) in Harlem and Chief Apostle of the Churches of Our Lord Jesus Christ.
WHEREAS: Bishop Bonner was a world renowned Pentecostal Leader, builder, college founder, book
author who built an international organization, landmark educational institutions and churches reaching
millions in his ministry.
WHEREAS: Bishop Bonner leaves a rich legacy of spiritual leadership and community contributions
which includes the repair of Refuge Temple; distribution of food within the community; giving of
scholarships such as STRIVING FOR EXCELLENCE; building a water transportation system in
villages in Liberia, Africa where his wife also taught.
WHEREAS: Bishop William Lee Bonner, third of five children, was born to Emmett and Janie Bonner,
in the small town of Milledgeville, Georgia, on November 12, 1921.
WHEREAS: Bishop William Lee Bonner was sent to become the pastor of the GRT after the death of its
founder Bishop Robert Clarence Lawson, in 1961. He then, as general contractor, renovated the edifice
that stands today on Adam Clayton Powell Boulevard.
WHEREAS: Bishop William Lee Bonner served as senior prelate of the General Assembly of the
Churches of Our Lord Jesus Christ of the Apostolic Faith. Under his administration, the assembly has
grown from 155 churches in 1961, to over 500 churches and missions throughout the world.
WHEREAS: His supporters experienced his evangelistic ministry via “The Hour of Truth” broadcast-
which aired on the nationally syndicated BET and The Word Network, as well as, radio stations across
the country and via live stream.
WHEREAS: Bishop William Lee Bonner established W.L. Bonner College in 1995. The college has
educational opportunities for bachelor, associate, certificate and continuing education in religious studies
and Christian ministries.
WHEREAS: Bishop William Lee Bonner passed away on Friday, April 3, 2015. While a grand home
going celebration of his life was held in Detroit, MI and other celebrations were held at the Greater
Refuge Temple on Thursday, April 23, 2015 and at the Palace Cathedral on Friday,
April 24, 2015 in New York City.
THEREFORE, BE IT FURTHER RESOLVED, that Manhattan Community Board 10 wishes to
remember Bishop William Lee Bonner by formally requesting that New York City Council and the
Mayor of New York City enact legislation to Co-Name the intersection of West 124th Street and Adam
Clayton Powell Blvd Jr. to BISHOP WILLIAM LEE BONNER SQUARE on December 2, 2015 by a
vote of 25 YES 4 NO 2 ABSTENTIONS.",0,9,1,regex_single_resolution
b0b4940f-90d9-4617-a10d-b722bffe2446,360860d3-a9d1-5531-b1e5-33b5188318c6,MCB10,https://cbmanhattan.cityofnewyork.us/cb10/wp-content/uploads/sites/11/2020/03/237_west_138th_street.pdf,2020-03-01,1,237 West 138th Street,"CITY OF NEW YORK
MANHATTAN COMMUNITY BOARD 10
215 West 125th Street, 4th Floor—New York, NY 10027
T: 212-749-3105 F: 212-662-4215
HENRIETTA LYLE
Chairperson
ANDRE W LASSALLE
District Manager
December 30, 2015
Honorable Meenakshi Srinivasan
Commissioner
New York City Landmarks Preservation Commission
Municipal Building
1 Centre Street, 9th Floor, North
New York, NY 10007
Dear Chair Srinivasan:
Manhattan Community Board 10 has no objections to the following items at 237 West 138th
Street, New York, NY 10030:
1. Replace windows at rear or side non-street facing façade
2. New/Modify windows at rear or side non-street facing façade
3. Replace/Modify doors
4. First floor rear yard deck addition
5. A rear wall with garage doors
The applicants presented their proposal at a public hearing, during which no objections were
raised.
Please do not hesitate to contact us should you need any additional information.",0,0,0,regex_single_resolution
e4a16452-8bd8-43de-82d3-84298f0478d0,15d13765-3e1f-5624-8ec2-afb28bd51dbb,MCB10,https://cbmanhattan.cityofnewyork.us/cb10/wp-content/uploads/sites/11/2021/08/admiral_services_resolution.pdf,2021-08-01,1,Admiral Services Resolution,"CITY OF NEW YORK
MANHATTAN COMMUNITY BOARD 10
215 West 125th Street, 4th Floor—New York, NY 10027
T: 212-749-3105 F: 212-662-4215
HENRIETTA LYLE
Chairperson
ANDRE W LASSALLE
District Manager
January 6, 2016
Resolution: Support of the Liquor License Application of Admiral Services NY LLC for
Establishment to be Located at 185 St. Nicholas Avenue, New York, NY 10026.
WHEREAS, the New York State Liquor Authority (SLA) has jurisdiction to issue on-premises
licenses according to the Alcoholic Beverage Control Laws, and is responsible for enforcing
those laws; and
WHEREAS, Manhattan Community Board 10 reviews all new applications and offers guidance
to the SLA about the potential impact of a license on public safety and quality of life in our
neighborhoods; and
WHEREAS, Community Boards, as part of their due diligence process, review an applicant’s
ownership and funding; floor plans of the proposed location, food and beverage to be served,
operational aspects of the restaurant/bar or lounge, price points, employee hiring processes,
employee wages and benefits, and community involvement; and
WHEREAS, Admiral Services NY LLC is applying for a Liquor License for a new
establishment to be located at 185 St. Nicholas Avenue, New York, NY 10026 (NW corner of
119th Street); and
WHEREAS, the Applicant appeared before Community Board 10’s Economic Development
Committee on December 10, 2015 and presented the following information:
1. The Applicant’s establishment will be located in the premises previously occupied by
Cedric Bistro. Applicant’s restaurant will serve modern, upscale Mexican cuisine.
2. The Applicant’s principals have operated two other licensed establishments that have
had no violations or adverse impact on the surrounding communities.
3. The lease for the premises runs for 20 years.
4. The restaurant will accommodate 54 patrons.
5. The establishment will open seven days from 11:00 am to 11:00 pm.
6. The Applicant employs seven people, including 3 cooks, 2 waiters and 2 bartenders.
The new owners will reach out to local employment agencies to identify applicants
from the Community.
7. The premises are on the ground level and the entrance, dining area, bar area and
bathroom are disabled and wheelchair accessible.
WHEREAS, the Applicant has submitted a petition of support signed by 26 area residents, and
WHEREAS, the Economic Development Committee voted 9-yes, 0-no, and 0 abstentions to
support this application;
THEREFORE, BE IT RESOLVED, that on January 6, 2016, the Manhattan Borough
Community Board 10 supports the Liquor License application of Admiral Services NY LLC
with a vote of 26 in favor, 2 opposed and 0 abstention.",0,7,1,regex_single_resolution
9e0ab27a-5edc-4878-94b2-ae35b1c45abb,a141aeb5-2fcc-5538-aa5f-4f2e8bec483b,MCB10,https://cbmanhattan.cityofnewyork.us/cb10/wp-content/uploads/sites/11/downloads/pdf/state_liquor_authority_resolutions/2014/Dec%202014/Blujeen_Resolution.pdf,,1,Blujeen Resolution,"CITY OF NEW YORK
MANHATTAN COMMUNITY BOARD 10
215 West 125th Street, 4th Floor—New York, NY 10027
T: 212-749-3105 F: 212-662-4215
HENRIETTA LYLE
Chairperson
ANDRE W LASSALLE
District Manager
December 3, 2014
Resolution: Support of the Wine and Beer License Application of Indigo Kitchen Harlem,
LLC, d/b/a “Blujeen”, 2143 Frederick Douglass Blvd., New York, NY 10026.
WHEREAS, the New York State Liquor Authority (SLA) has jurisdiction to issue on-premises
licenses according to the Alcoholic Beverage Control Laws, and is responsible for enforcing
those laws; and
WHEREAS, Manhattan Community Board 10 reviews all new applications and offers guidance
to the SLA about the potential impact of a license on public safety, quality of life and economic
development in our neighborhoods; and
WHEREAS, Community Boards, as part of their due diligence process, review an applicant’s
ownership and funding; floor plans of the proposed location, food and beverage to be served,
operational aspects of the restaurant/bar or lounge, price points, employee hiring processes,
employee wages and benefits, and community involvement; and
WHEREAS, Indigo Kitchen Harlem, LLC, is applying for a Wine and Beer License for a
proposed establishment to be known as “Blujeen” located at 2143 Frederick Douglass Blvd. New
York, NY 10026 (between 115th – 116th Streets); and
WHEREAS, the Applicant’s manager and chef, Lance Knowling, appeared before Community
Board 10’s Economic Development Committee on November 13, 2014 and presented the
following information:
1. Indigo Kitchen Harlem, LLC’s sole shareholder is Victor Newman. The
establishment will be managed by Lance Knowling, who has worked in the restaurant
industry for 21 years. Mr. Knowling owned his own restaurant and catering business
in New Jersey for 12 years and has owned a restaurant design and consulting business
for 4 ½ years.
2. “Blujeen” will serve “modern comfort food,” and will be open for lunch and dinner 7
days a week, and will serve brunch on weekends. Hour of operation will be noon to
11:00 pm Sunday to Thursday and 11:00 am to Midnight on Friday and Saturday.
3. The restaurant’s price points food will be: appetizers $5.00 – $14.00 and entrees
$15.00 - $22.00. Wine will be $8.00 – $14.00 per glass and $35 - $120 per bottle.
Craft beer will be $5.00 – $7.00.
4. Applicant has obtained a 5-year lease, with a 5-year option, for the premises.
5. The restaurant will seat 40 patrons at tables, with 10 additional seats at the bar.
6. The restaurant’s main entrance, interior space and bathrooms are wheelchair and
handicapped accessible.
7. The restaurant will provide background music only.
8. The Applicant plans to employ 10 workers: a chef, assistant chef, cooks,
dishwashers, wait staff and bartenders. Employees will be hired from the Harlem
community. Mr. Knowling has been working on construction at the premises, and
has already hired local residents to work in the restaurant.
WHEREAS, the Applicant has submitted a petition of support signed by 15 neighboring
residents and businesses; and
WHEREAS, the Applicant has submitted letters of support from its next-door neighbor, Harlem
Shambles, and St. Stephen Community A.M.E. Church, the applicant’s landlord; and
WHEREAS, the Economic Development Committee voted without objection 9-yes, 0-no, and 0-
abstentions to support this application;
THEREFORE, BE IT RESOLVED, that on December 3, 2014 the Manhattan Borough
Community Board 10 supports the Wine and Beer License application of Indigo Kitchen Harlem,
LLC with a vote of 27 in favor, 4 opposed and 0 abstentions.",0,8,1,regex_single_resolution
a7c8f46d-39d8-44d4-aed6-163795126b57,09aa7959-fdb7-534a-b559-3631640d372a,MCB10,https://cbmanhattan.cityofnewyork.us/cb10/wp-content/uploads/sites/11/2021/09/resolution__renovation_st_nicholas_playground_north.pdf,2021-09-01,1,Resolution Renovation St Nicholas Playground North,"CITY OF NEW YORK
MANHATTAN COMMUNITY BOARD 10
215 West 125th Street, 4th Floor—New York, NY 10027
T: 212-749-3105 F: 212-662-4215
HENRIETTA LYLE
Chairperson
ANDRE W LASSALLE
District Manager
June 3, 2015
Resolution for St. Nicholas Playground North - NYC Parks Renovation Project
WHEREAS, St. Nicholas Playground North is located on Adam Clayton Powell, Jr. Blvd.
between West 129th and 131st Streets in the borough of Manhattan in Community Board 10; and
WHEREAS, a public design charrette was held on December 9, 2014, which included the
collaboration of New York City Parks Department architects and the local community; and
WHEREAS, on January 14, 2015 the Parks Department presented to the Manhattan CB 10
Parks and Recreation Committee the proposed concept design for the renovation of St. Nicholas
Playground North and solicited our comments; and
WHEREAS, on May 13, 2015 the Parks Department presented to the Manhattan CB 10 Parks
and Recreation Committee the proposed final design incorporating community input for St.
Nicholas Playground North; and
WHEREAS, the proposed renovation will upgrade the active play amenities, enhance the
environmental qualities of the site, facilitate increased passive recreational use of the site, clarify
user circulation and improve the experience of arriving at and entering the park; and
WHEREAS, the existing comfort station will undergo renovation as a separate project; and
WHEREAS, construction is expected to begin in the Fall of 2016 and be ongoing for one year,
ending in 2017; and
WHEREAS, the NYC Parks Community Parks Initiative program will include funding for
ongoing maintenance post-renovation; and
WHEREAS, improving public parks and open space is integral to livable communities and has a
direct impact on the everyday quality of life for our residents, from fighting blight to facilitating
physical activity and better health in our neighborhoods;
THEREFORE, BE IT RESOLVED, that on June 3, 2015 the Manhattan Community Board 10
supports the City’s efforts to upgrade through renovation and a new design St. Nicholas
Playground North with a vote of 34 in favor, 0 opposed and 0 abstentions.",0,9,1,regex_single_resolution
5fa912e0-273c-4f74-a4cb-4405f0c0a774,f527cbad-e20c-5874-b711-6537a0d940c7,MCB10,https://cbmanhattan.cityofnewyork.us/cb10/wp-content/uploads/sites/11/2021/08/sottocasa_pizza_resolution.pdf,2021-08-01,1,Sottocasa Pizza Resolution,"CITY OF NEW YORK
MANHATTAN COMMUNITY BOARD 10
215 West 125th Street, 4th Floor—New York, NY 10027
T: 212-749-3105 F: 212-662-4215
HENRIETTA LYLE
Chairperson
ANDRE W LASSALLE
District Manager
October 7, 2015
Resolution: Support of the Liquor License Application of Pappa & Ciccia Inc., d/b/a
“Sottocasa Pizza” for a new establishment to be located at 227 Lenox Avenue, New York,
NY 10039.
WHEREAS, the New York State Liquor Authority (SLA) has jurisdiction to issue on-premises
licenses according to the Alcoholic Beverage Control Laws, and is responsible for enforcing
those laws; and
WHEREAS, Manhattan Community Board 10 reviews all new applications and offers guidance
to the SLA about the potential impact of a license on public safety and quality of life in our
neighborhoods; and
WHEREAS, Community Boards, as part of their due diligence process, review an applicant’s
ownership and funding; floor plans of the proposed location, food and beverage to be served,
operational aspects of the restaurant/bar or lounge, price points, employee hiring processes,
employee wages and benefits, and community involvement; and
WHEREAS, Pappa & Ciccia Inc. is applying for a Wine and Beer License for a new
establishment to be known as “Sottocasa Pizza” located at 227 Lenox Avenue, New York, NY
10027 (between (between 121st – 122nd, west side); and
WHEREAS, the Applicant’s principal, Mr. Luca Arrigoni, appeared before Community Board
10’s Economic Development Committee on September 10, 2015 and presented the following
information:
1. The Applicant is the owner of two similar “Sottocasa Pizzerias” in Brooklyn, both of
which hold Wine and Beer licenses.
2. Applicant has obtained a 10-year lease for the premises.
3. The restaurant will accommodate 56 patrons.
4. The restaurant will be a neighborhood pizzeria serving traditional Italian antipasti and
thin-crust, wood-burning stove pizza. The price points will be $4.00 - $9.00 for
appetizers and $9.00 - $20.00 for pizzas.
5. The restaurant will be open seven days, for lunch and dinner. Hours will be noon to
midnight Sunday through Thursday and noon to 1:00 am Friday and Saturday. The
restaurant will provide take-out and delivery service in the neighborhood.
6. The restaurant will not provide any live music. It will provide recorded background
music only.
7. The premises will have handicapped and wheelchair accessible entranceway, interior
and restrooms. The entryway is several steps below street level and will require an
available ramp for wheelchair access.
8. The Applicant plans to employ 12 people: 1 full-time General Manager; 3 pizza
makers, 1 prep cook, 2 dishwashers, 3 waiters and 2 bussers.
9. The Applicant intends to hire employees from the District through postings at the
location and internet outreach. The Applicant will also work with NYC SBS
Workforce 1 to find employees from the community.
10. The Applicant has been active in the local BID and other community activities at its
location in Brooklyn, and the principals intend to establish similar connections in the
Harlem community.
WHEREAS, the Applicant has submitted a petition of support signed by ____ area residents …;
and
WHEREAS, the Economic Development Committee voted 7-yes, 1-no, and 2 abstentions to
support this application;
THEREFORE, BE IT RESOLVED, that on October 7, 2015, the Manhattan Borough
Community Board 10 supports the Liquor License application of Pappa & Ciccia Inc. with a vote
of ___ in favor, ___ opposed and ___ abstention.",0,7,1,regex_single_resolution
1f1cc57d-ff23-440b-8e7b-a2724536cb15,1cfe995a-d319-5cde-ae1f-d1cfa0da4372,MCB10,https://cbmanhattan.cityofnewyork.us/cb10/wp-content/uploads/sites/11/2021/09/resolution_for_martin_luther_king_jr_playground.pdf,2021-09-01,1,Resolution for Martin Luther King Jr. Playground,"CITY OF NEW YORK
MANHATTAN COMMUNITY BOARD 10
215 West 125th Street, 4th Floor—New York, NY 10027
T: 212-749-3105 F: 212-662-4215
HENRIETTA LYLE
Chairperson
ANDRE W LASSALLE
District Manager
June 3, 2015
Resolution for Martin Luther King, Jr. Playground - NYC Parks Renovation Project
WHEREAS, Martin Luther King, Jr. Playground is located on Lenox Avenue/Malcolm X
Boulevard between West 113th and West 114th Streets in the Borough of Manhattan in
Community Board 10; and
WHEREAS, a public scoping session was held on February 26, 2015, which included the
collaboration of New York City Parks Department architects, consultants, and the local
community and stakeholders; and
WHEREAS, on March 11 , 2015 the Parks Department presented to the Manhattan CB 10 Parks
and Recreation Committee the proposed concept design for the renovation of Martin Luther
King, Jr. Playground and solicited our comments; and
WHEREAS, on May 13, 2015 the Parks Department presented to the Manhattan CB 10 Parks
and Recreation Committee the proposed final design incorporating community input for the
Martin Luther King, Jr. Playground; and
WHEREAS, the proposed renovation will upgrade the active play amenities, enhance the
environmental qualities of the site, facilitate increased passive recreational use of the site, clarify
user circulation and improve the experience of arriving at and entering the park; and
WHEREAS, the existing comfort station will undergo renovation as a separate project; and
WHEREAS, construction is expected to begin in the Fall of 2016 and be ongoing for one year,
ending in 2017; and
WHEREAS, the NYC Parks Community Parks Initiative program will include funding for
ongoing maintenance post-renovation; and
WHEREAS, improving public parks and open space is integral to livable communities and has a
direct impact on the everyday quality of life for our residents, from fighting blight to facilitating
physical activity and better health in our neighborhoods;
THEREFORE, BE IT RESOLVED, that on June 3, 2015 the Manhattan Community Board 10
supports the City’s efforts to upgrade through renovation and a new design Martin Luther King,
Jr. Playground with a vote of 34 in favor, 0 opposed and 0 abstentions.",0,9,1,regex_single_resolution
5ec291fb-ce74-4fec-a2f6-209f45f2fc1a,a295ddb8-375e-5862-a879-0c3a2f636b5d,MCB10,https://cbmanhattan.cityofnewyork.us/cb10/wp-content/uploads/sites/11/2021/08/seasoned_vegan_resolution.pdf,2021-08-01,1,Resolution Seasoned Vegan,"CITY OF NEW YORK
MANHATTAN COMMUNITY BOARD 10
215 West 125th Street, 4th Floor—New York, NY 10027
T: 212-749-3105 F: 212-662-4215
HENRIETTA LYLE
Chairperson
ANDRE W LASSALLE
District Manager
October 7, 2015
Resolution: Support of the Liquor License Application of Seasoned Vegan LLC for an
existing establishment located at 55 St. Nicholas Avenue, New York, NY 10026.
WHEREAS, the New York State Liquor Authority (SLA) has jurisdiction to issue on-premises
licenses according to the Alcoholic Beverage Control Laws, and is responsible for enforcing
those laws; and
WHEREAS, Manhattan Community Board 10 reviews all new applications and offers guidance
to the SLA about the potential impact of a license on public safety and quality of life in our
neighborhoods; and
WHEREAS, Community Boards, as part of their due diligence process, review an applicant’s
ownership and funding; floor plans of the proposed location, food and beverage to be served,
operational aspects of the restaurant/bar or lounge, price points, employee hiring processes,
employee wages and benefits, and community involvement; and
WHEREAS, Seasoned Vegan LLC is applying for a Wine and Beer License for an existing
establishment known as “Seasoned Vegan” located at 55 St. Nicholas Avenue, New York, NY
10026 (SW corner of 113th Street); and
WHEREAS, the Applicant’s principals Brenda Beener and Aaron Beener appeared before
Community Board 10’s Economic Development Committee on September 10, 2015 and
presented the following information:
1. Brenda Beener and her son Aaron Beener are residents of the CB 10 District. They
have been operating Seasoned Vegan for over one year.
2. Applicant has 6 years remaining on its lease for the premises.
3. The restaurant accommodates 49 patrons.
4. The restaurant is a full service vegan restaurant. The price points are appetizers from
$5.00 - $12.00, entrees from $11.00 - $18.50, and smoothies from $7.00 - $9.00.
Beer prices will be $5.00 - $9.00 and wine prices will be $7.00 - $9.00 per glass.
5. The restaurant will be open Monday – Thursday from 5:00 pm to midnight, Saturday
from 11:00 am to 2:00 am and Sunday from 11:00 am to 11:00 pm. The restaurant
provides take-out and delivery service.
6. The restaurant will not provide any live music. It will provide recorded background
music only.
7. The Applicant plans to employ approximately 33 people, including cooks, juicers,
dishwashers, delivery persons, expeditors and managers. The applicant will attempt
to provide full benefits to its employees.
8. The premises has handicapped and wheelchair accessible entranceways, interiors and
restrooms.
9. The Applicant intends to continue its current policy of hiring employees from the
District, and has employed over a dozen District residents during the past year.
10. The Applicant has been active in the local BID and other community activities at its
location in Brooklyn, and the principals intend to establish similar connections in the
Harlem community.
WHEREAS, the Applicant has submitted letters of support from the Harlem Community
Development Corporation, Harlem Park to Park, NYC Business Solutions and City National
Bank, and a petition of support signed by 11 area businesses and 75 area residents and
WHEREAS, the Economic Development Committee voted 10-yes, 0-no, and 0 abstentions to
support this application;
THEREFORE, BE IT RESOLVED, that on October 7, 2015, the Manhattan Borough
Community Board 10 supports the Liquor License application of Seasoned Vegan LLC with a
vote of 42 in favor, 0 opposed and 0 abstention.",0,7,1,regex_single_resolution
542fe8c7-d3a3-4ea1-8e12-5f71d5f69fe2,3a435b3f-79a1-5030-81a7-ba451d726a58,MCB10,https://cbmanhattan.cityofnewyork.us/cb10/wp-content/uploads/sites/11/downloads/pdf/full_board_resolutions/2015/June/Resolution%20for%20Martin%20Luther%20King%20Jr.%20Playground.pdf,,1,"Resolution for Martin Luther King, Jr. Playground – NYC Parks Renovation Project","CITY OF NEW YORK
MANHATTAN COMMUNITY BOARD 10
215 West 125th Street, 4th Floor—New York, NY 10027
T: 212-749-3105 F: 212-662-4215
HENRIETTA LYLE
Chairperson
ANDRE W LASSALLE
District Manager
June 3, 2015
Resolution for Martin Luther King, Jr. Playground - NYC Parks Renovation Project
WHEREAS, Martin Luther King, Jr. Playground is located on Lenox Avenue/Malcolm X
Boulevard between West 113th and West 114th Streets in the Borough of Manhattan in
Community Board 10; and
WHEREAS, a public scoping session was held on February 26, 2015, which included the
collaboration of New York City Parks Department architects, consultants, and the local
community and stakeholders; and
WHEREAS, on March 11 , 2015 the Parks Department presented to the Manhattan CB 10 Parks
and Recreation Committee the proposed concept design for the renovation of Martin Luther
King, Jr. Playground and solicited our comments; and
WHEREAS, on May 13, 2015 the Parks Department presented to the Manhattan CB 10 Parks
and Recreation Committee the proposed final design incorporating community input for the
Martin Luther King, Jr. Playground; and
WHEREAS, the proposed renovation will upgrade the active play amenities, enhance the
environmental qualities of the site, facilitate increased passive recreational use of the site, clarify
user circulation and improve the experience of arriving at and entering the park; and
WHEREAS, the existing comfort station will undergo renovation as a separate project; and
WHEREAS, construction is expected to begin in the Fall of 2016 and be ongoing for one year,
ending in 2017; and
WHEREAS, the NYC Parks Community Parks Initiative program will include funding for
ongoing maintenance post-renovation; and
WHEREAS, improving public parks and open space is integral to livable communities and has a
direct impact on the everyday quality of life for our residents, from fighting blight to facilitating
physical activity and better health in our neighborhoods;
THEREFORE, BE IT RESOLVED, that on June 3, 2015 the Manhattan Community Board 10
supports the City’s efforts to upgrade through renovation and a new design Martin Luther King,
Jr. Playground with a vote of 34 in favor, 0 opposed and 0 abstentions.",0,9,1,regex_single_resolution
69f2316f-d493-4857-a906-9b500b838d7b,2d00cc81-99e9-5891-84e2-421a1e54bc3a,MCB10,https://cbmanhattan.cityofnewyork.us/cb10/wp-content/uploads/sites/11/2021/08/resolution_155edgecombesaintnicholasplace_cb10_final.pdf,2021-08-01,1,Resolution 155 Edgecomb under December 2014,"CITY OF NEW YORK
MANHATTAN COMMUNITY BOARD 10
215 West 125th Street, 4th Floor—New York, NY 10027
T: 212-749-3105 F: 212-662-4215
HENRIETTA LYLE
Chairperson
ANDRE W LASSALLE
District Manager
Date: December 5, 2014
Committee of Origin: Transportation_Vision Zero Taskforce
RESOLUTION: 155th Street – St.Nicholas Place – Edgecombe Avenue – Macombs Bridge
Pedestrian Safety Measures Joint Resolution – MCB’s 9, 10, and 12
WHEREAS: the project area is a multi-leg complex intersection of: West 155th Street, St.
Nicholas Place, Edgecombe Avenue, Harlem River Driveway Entrance that spans Community
Boards 9, 10 and 12. Surrounding the intersection is the following: Macombs Dam Bridge –
with access to Major Deegan Expwy Entrance/Exit to the Bronx and Yankee Stadium; Harlem
River Drive Entrance/ Exit; High Bridge Park; Jackie Robinson Park; P.S. 28 and P.S. 46; Trains
C, B, and D (near the Polo Grounds); New Housing/Early Childhood Development
Center/Children's Museum; and
WHEREAS: background for the origin of the project includes but is not limited to:
• Former Council Member Jackson originally requested the pedestrian safety improvements
• NYPD 30th Precinct requested DOT safety investigation and indicated that this is a high
crash location
• Support from NYPD 30th and 33rd Precincts for proposed DOT improvements; and
WHEREAS: the goal of the project is to create a safer condition for pedestrians and drivers
whereby the main safety issues in this location include: long crosswalks, pedestrian crashes and
a multi-leg intersection with multiple conflicting movements (for vehicles as well as and
pedestrians in the intersection); and
WHEREAS: New York City Department of Transportation presented to CB 9 on October 2,
2014, CB 12 on October 6, 2014 & the CB 10 Transportation Committee Meeting on October
14, 2014; and
WHEREAS: various Public Meetings were conducted
• 12/06/12 – 1st site walk through and workshop with community members (first public
meeting)
• 8/13/13 – 2nd site walk through and workshop with community members
• 5/21/14 – Community forum and presentation
• 6/02/14 – Presentation to CB 12 committee
• 6/05/14 – Presentation to CB 9 committee
• 6/11/14 – Presentation to CB 10 committee; and
WHEREAS: on May 21, 2014, the New York City Department of Transportation (DOT);
Manhattan Community Board 10 (MCB10); Manhattan Community Board 9 (MCB9); and
Manhaattan Community Board 12 (MCB12) held a public hearing to propose changes to the
Intersection of St. Nicholas Place and West 155th Street which are now included in the
presentation to MCB10 by NYC Traffic and Planning Unit on October 14, 2014 as follows:
1. Add new pedestrian safety island on St. Nicholas Place at West 155th Street
2. Install five neckdowns at West 155th & St. Nicholas Place
3. Install two neckdowns at West 155th & St. Nicholas Avenue
4. Add left turn lane on West 155th Street (Eastbound)
5. Modify signal timing to process West 155th Street vehicles through St. Nicholas Place and
St. Nicholas Avenue
6. Ban southbound lefts off of West 155th Street
7. Ban southbound right from Edgecombe Avenue
8. Ban westbound lefts off of West 155th Street
9. Keeping the northbound and southbound turn banned; and
WHEREAS: proposed Changes to St. Nicholas Place are as follows:
1. Add pedestrian islands at 151st, 152nd, 153rd Streets
2. Add yield crosswalk on St. Nicholas Place at West 152nd Street; and
WHEREAS: the slip ramp has been opened up since the last proposal at the request of some of
the community residents; and
In Addition: Manhattan Community Board 10 Transportation Committee_Vision Zero Taskforce
makes the following recommendations:
1. Installation, at strategic locations, of Accessible Pedestrian Signals (APS) - (integrated
devices that communicate information about the Walk and Don’t Walk intervals at signalized
intersections in non-visual formats to pedestrians who are blind or have impaired vision. The
crossing aid features audible tones and vibrotactile surfaces) ; and
WHEREAS: Assemblyman Denny Farrell issued a statement that substantiated the official’s
opposition to “closing left and right turns by automobiles in some locations”. The Assemblyman
is however, in support of the bulk of the DOT plan. He has been in correspondence with DOT
and expressed that DOT agreed that “traffic signal timing of the lights in some areas might create
excessive traffic backups, especially east and westbound traffic on 155th Street during the
Yankee Home Games, Friday evenings or at other times”. He expressed great concern about the
re- routing, which would result in increased traffic, around the area of elementary school P.S. 28.
There is also concern from the community that the left and right turn bans will excessively
inconvenience residents in accessing their homes. Left hand turns should only be eliminated in
the evenings and not be allowed from 4 pm to 7 pm. This a practice that is common in other
boroughs such as Queens; and
WHEREAS: Community Board 10 is requesting that NYPD assign agents to manage this
complex intersection Monday through Friday, from 3 pm to 7 pm and during morning rush hours
specifically to address traffic congestion and support education to protect pedestrians. In
addition, CB10 would like to ensure that all Yankee games are also covered; and
WHEREAS: the Committee requests to meet in six months to gauge the community reaction to
the changes; and
WHEREAS: DOT will be amenable to reviews and changes in the plan should there be future
safety concerns and public input addressing improvements; and
WHEREAS: the committee recommends DOT to include an analysis of safety performance and
impacts of these new measures including:
• Streetscape changes
• Pedestrian and motorist safety improvements
• Improvements to mobility
• Impacts to congestion
• Maintenance and enhancement of the infrastructure; and
WHEREAS: 150th – 155th Street Edgeecombe Avenue Block Assocation and CB9 submitted
written /verbal approval of the proposal; and
WHEREAS: minutes of the Transportation Committee_Vision Zero Taskforce October,
November and December 2014 meetings and the minutes of the September and June 2014 Parks
Recreation and Transportation Committee including draft resolution language were admitted as
part of the development of this resolution; and
THEREFORE, BE IT RESOLVED THAT on January 7, 2015, the Manhattan Borough
Community Board 10 supports the NYC Depratment of Transportations’ reconfiguration plan for
155th Street – St.Nicholas Place – Edgecombe Avenue – Macombs Bridge Pedestrian Safety
Measures with the recommendations as stated above with a vote of 14 in favor, 12 opposed and 4
abstentions.
THEREFORE, BE IT FURTHER RESOLVED THAT on June 3, 2015, the Manhattan
Borough Community Board 10 supports the NYC Depratment of Transportations’
reconfiguration plan for 155th Street – St.Nicholas Place – Edgecombe Avenue – Macombs
Bridge Pedestrian Safety Measures with the recommendations as stated above with a vote of ___
in favor, ___ opposed and ___ abstentions.",0,15,2,regex_single_resolution
50c33b9b-b1ae-4c86-9101-1cf9d05eca6d,11d55784-83a3-5377-94e0-d0622ea1cb90,MCB10,https://cbmanhattan.cityofnewyork.us/cb10/wp-content/uploads/sites/11/2021/12/Leonard-Harper-Way-Resolution.pdf,2021-12-01,1,Leonard Harper Street Co-Naming Resolution,"CITY OF NEW YORK
MANHATTAN COMMUNITY BOARD 10
215 West 125th Street, 4th Floor—New York, NY 10027
T: 212-749-3105 F: 212-662-4215
HENR IETTA LYLE
Chair
ANDREW LASSALLE
Distr ict Manager
LEONARD HARPER WAY
STREET CO-NAMING RESOLUTION
RESOLUTION: To support the Co-Naming of the Southeast corner of West 132nd street and Adam
Clayton Powell Blvd Jr. to Leonard Harper Way.
WHEREAS: Leonard Harper left an everlasting imprint through his contributions to the Harlem
Renaissance, Broadway Musicals and American Arts and Culture. Leonard Harper as a theater organizer
was a prolific African-American producer/director/choreographer during the greatest Black cultural
renaissance the world has ever known.
WHEREAS: Leonard Harper was born in Birmingham, Alabama on April 9, 1899.
WHEREAS: Leonard Harper at 14 years old in 1914 became one of the first “Motion Picture Posers”
among Black performers, dancing in silent motion pictures for the Educational Film Company.
WHEREAS: Leonard Harper teamed up with Osceola Blanks in 1917 to form the song and dance team
of Harper and Blanks. Harper and Blanks performed on Broadway in Put and Take in 1921. In 1921
theater owners the Shubert Brothers sign Harper and Blanks to be their first Black act ever to tour
America in their all White circuit of theaters.
WHEREAS: Leonard Harper and his wife return to Harlem from London in June of 1923 and take an
apartment at 2067 Seventh Ave. between 124th and 123rd streets.
WHEREAS: Leonard Harper in 1923 showcases his Cabaret Floorshows and Black Musical Comedies in
theaters and nightclubs in Central Harlem. These venues were mainly located between 132nd and 131st
Street on 7th Avenues and its neighboring vicinity.
WHEREAS: Leonard Harper and Oscar Micheaux in 1931, mounted their Co-Directed, “First All-Black
Talking” motion picture The Exile, out of Harlem’s Lafayette Theater’s offices on 7th. Ave. between 132nd
& 131st Streets.
WHEREAS: Leonard Harper died on February 4th, 1943 of a severe heart attack he suffered while
rehearsing at the Murrain’s Nightclub on 132nd street and 7th Avenue.
THEREFORE, BE IT RESOLVED, that on December 1, 2014 Manhattan Community Board voted in
support of the Co-Naming of the Southeast corner of West 132nd street and Adam Clayton Powell Blvd Jr.
to Leonard Harper Way by a vote of 32 YES 0 NO 0 ABSTENTIONS.
THEREFORE, BE IT FURTHER RESOLVED, that Manhattan Community Board 10 wishes to
remember Leonard Harper by formally requesting New York City Council and the Mayor of New York
City to enact legislation to Co-Name the Southeast corner of West 132nd street and Adam Clayton Powell
Blvd Jr. – Leonard Harper Way.",0,8,2,regex_single_resolution
35b69186-fe5e-4447-9d66-dca60bbfb329,d72bb3a3-5ec0-5553-af46-55f1518d1de9,MCB10,https://cbmanhattan.cityofnewyork.us/cb10/wp-content/uploads/sites/11/2021/08/gloria_richardson_resolution.pdf,2021-08-01,1,Gloria Richardson Resolution,"CITY OF NEW YORK
MANHATTAN COMMUNITY BOARD 10
215 West 125th Street, 4th Floor—New York, NY 10027
T: 212-749-3105 F: 212-662-4215
HENRI ETTA LYLE
Chairperson
Manhattan Community Board 10, New York City,
Mourns the Death of Our Fellow Board Member,
The Honorable Gloria Richardson
Whereas, Gloria Richardson was appointed to Community Board 10 in Central Harlem by
former Borough President C. Virginia Fields, where she served for nearly 20 consecutive years,
and where she worked tirelessly addressing the needs of the residents in the Harlem
community in her role as a board member and a civil servant;
Whereas, Gloria Richardson served on Community Board 10's Housing Committee and Parks,
Recreation and Transportation Committee where she worked to better the housing conditions
in Central Harlem by focusing on the preservation and maintenance of all types of affordable
housing in Central Harlem and advocated for the improvement of Central Harlem parks,
recreational facilities and transportation infrastructure;
Whereas, Gloria Richardson served as a loyal and dedicated member of Shiloh Baptist Church,
2226 Adam Clayton Powell Jr Boulevard, under the leadership of Reverend Doctor Calvin G.
Sampson, Pastor;
Whereas, Gloria Richardson managed two Housing Development Finance Corporation buildings
in the Central Harlem community, where she presided over the tenant associations,
managed the buildings' finances, collected rents, paid the bills, and with legal counsel
represented the buildings in New York City's courts;
Whereas, Gloria Richardson's commitment to excellence and her spirit of humanity made her
an important and valued member of the Central Harlem community;
Whereas, Gloria Richardson contributed to the work of Central Harlem's distinguished elected
officials, U.S. Congressman Charles B. Rangel, New York State Senator Bill Perkins, New York
State Assemblyman Keith Wright, New York City Councilwoman Inez Dickens , along with
countless other elected officials;
Be It Resolved, that Gloria Richardson will be remembered as an exemplary community
advocate in the Central Harlem community, and that the family accepts this resolution as a
sincere remembrance of our sister, Gloria Richardson.
Community Board 10
Central Harlem
215 West 125th Street
New York, New York 10027
Officers
Henrietta Lyle, Chairperson
Keith L. Taylor, Ed.D, 1st Vice Chairperson
Brian Benjamin, 2nd Vice Chairperson
Crystal McKay, Secretary
John Lynch, Esq., Assistant Secretary",0,6,0,regex_single_resolution
189ee829-79ea-4d6b-80ee-79ecf4e85c92,1e93cdfa-ff59-5a8a-bf40-c6f4cca41d8f,MCB10,https://cbmanhattan.cityofnewyork.us/cb10/wp-content/uploads/sites/11/downloads/pdf/full_board_resolutions/2014/Jun%202014/street_improvements_on_morningside_avenue_resolution(final).pdf,,1,Street Improvements on Morningside Avenue Resolution,"CITY OF NEW YORK
MANHATTAN COMMUNITY BOARD 10
215 West 125th Street, 4th Floor—New York, NY 10027
T: 212-749-3105 F: 212-662-4215
HENRIETTA LYLE
Chairperson
ANDRE W LASSALLE
District Manager
Manhattan CB10 Resolution Re: The Proposed NYC Department of Transportation (DOT)
Traffic Safety Measures on Morningside Avenue and Hancock Place
Whereas, DOT data shows that there were 102 injuries along Morningside Avenue between
West 116th and West 126th Streets in the five year period between 2007 and 2011, putting it
near the top 33% of the most dangerous traffic corridors in Manhattan, which in turn has a
higher accident rate than other boroughs; and
Whereas, this corridor is crossed on foot by a high volume of local school children and the
elderly due to the high concentration of schools and churches in the area and the highly
popular renovated playgrounds in adjacent Morningside Park; and
Whereas, local residents, schools, local New York City Police Department Precincts and
neighborhood groups have been on record since 2006 asking DOT to implement safety
improvements along this corridor; and
Whereas, Kipp Star College Prep Charter School (at 433 West 123rd Street) is a DOT Priority
School based on the number of traffic accidents in its immediate vicinity; and
Whereas, DOT’s proposal as presented to the Transportation and Uniformed Services
Committee of CB9 on September 5, 2013 has been vetted and approved by the New York City
Fire Department (FDNY); and
Whereas, on October 23, 2013 Manhattan Community Board 10 (MCB10) and Manhattan
Community Board 9 (MCB9) held a public hearing on these proposed changes;
Whereas, residents in the area surrounding Morningside Avenue have expressed their full
support for the DOT plan, including the proposed lane reductions; and
Whereas, CB 10 wants to go on record as stating that lane reductions implemented by DOT in
other parts of the District have caused residents of those areas to complain of worsened traffic
congestion and urges DOT to implement appropriate measures to ensure that any reduction of
lanes on Morningside Avenue does not cause an increase in traffic congestion; and
Whereas, the community has expressed the need to increase traffic enforcement and
implement traffic calming measures in order to reduce speeding along Morningside Avenue;
and
Whereas, CB 10 supports adding pedestrian safety measures and crosswalks, which should be
ADA compliant; and
Whereas, CB 10 urges DOT to include Morningside Avenue in a signal timing study; and
Whereas, Manhattan Community Board 10 Parks, Recreation & Transportation Committee has
requested that DOT review the impacts of changes in street design on pedestrian and motorist
safety and mobility six months after their implementation; and
Whereas, DOT has agreed to study these recommendations before proceeding and to make any
necessary revisions to correct unforeseen problems as part of a clear and consistent design
review process; now
Therefore, be it resolved, that on June 4, 2014, Manhattan Community Board 10 supports
DOT’s proposal to improve traffic and pedestrian safety along Morningside Avenue and
Hancock Place with a vote of 22 in favor, 9 opposed, and 9 abstentions.",0,13,1,regex_single_resolution
6f1aafd1-9964-48c1-86b4-fa6a30e6afae,cab5d17f-5dad-5304-83f5-8e81e435c61c,MCB10,https://cbmanhattan.cityofnewyork.us/cb10/wp-content/uploads/sites/11/downloads/pdf/full_board_resolutions/2014/Jun%202014/cb10_resolution_for_low-income_affordable_housing.pdf,,1,CB10 Resolution for Low-Income Affordable Housing,"CITY OF NEW YORK
MANHATTAN COMMUNITY BOARD 10
215 West 125th Street, 4th Floor—New York, NY 10027
T: 212-749-3105 F: 212-662-4215
HENRI ETTA LYLE
Ch airperson
Resolution for Low-Income Affordable Housing in Community District 10
WHEREAS the City of New York is expected to grow to 9 million residents by the year 2030,
adding 1 million more people than it had in 20051; and
WHEREAS Harlem’s rich history and culture, together with its accessibility to public transit
and neighborhood amenities make it an attractive destination for many new residents, as
evidenced by a population increase of 8% between the years 2000 and 20102; and
WHEREAS New York City already faces a permanent crisis of affordable housing which
threatens low-income residents with displacement from their homes and their community; and
WHEREAS Community Board 10 has repeatedly heard from residents of the District that the
high and escalating cost of housing is a major concern; and
WHEREAS Community District 10 has a poverty rate of 22.5%, which is higher than the
poverty rate citywide3; and
WHEREAS 47% of households in Community District 10 pay over 30% of their income in rent
and are therefore considered to be rent-burdened4; and
WHEREAS all major affordable housing programs set rents based on the federal Department of
Housing and Urban Development’s (HUD) calculations of Area Median Income (AMI), which
include much wealthier neighborhoods in the City as well as suburban counties; and
WHEREAS this results in AMI being set at $85,900 for a family of four, when in fact the
median income for a family of four in Community District 10 is significantly lower; and
WHEREAS as a result affordable housing programs based on AMI greatly overestimate the
income of residents of Community District 10 and price the rents excessively high for many
local residents; and
WHEREAS Community District 10 needs affordable housing programs to target the real income
levels of the residents of our District; and
PlaNYC, April 2011 version, available at:
http://nytelecom.vo.llnwd.net/o15/agencies/planyc2030/pdf/planyc_2011_planyc_full_report.pdf.
Manhattan Community District 10 profile, available at http://www.nyc.gov/html/dcp/pdf/lucds/mn10profile.pdf.
Center for Economic Opportunity, Poverty Data Tool, available at:
http://www.nyc.gov/html/ceo/html/poverty/lookup.shtml.
2011 American Community Survey 1-year estimates, Household income by gross rent as a percentage of
household income in the past 12 months, PUMA5 03803.
WHEREAS such programs should include housing that is affordable to the many residents of
the City and our District who earn the minimum wage of just $8 per hour or $16,640 per year for
a full-time job; and
WHEREAS Mayor De Blasio’s housing plan has promised to create or preserve 200,000 units
of affordable housing throughout New York; and
WHEREAS Community Board 10 supports this goal and wants to ensure that these units are
priced at levels that are accessible to low-income Harlem residents;
THEREFORE, BE IT RESOLVED that Community Board 10 urges our local, state and
federal elected officials to:
1- Introduce legislation to amend affordable housing programs to ensure that they adequately
target low-income residents; and
2- Make available the subsidies and incentives that will be necessary to enable developers to
build to lower income levels, and to make this a priority in local, state and federal budgets; and
3- Create opportunities for affordable homeownership.
THEREFORE, BE IT RESOLVED that on Wednesday June 4, 2014, Community Board 10
supports the resolution for Low-Income Affordable Housing in Community District 10 with a
vote of 40 in favor, 0 opposed and 0 abstentions.",0,13,3,regex_single_resolution
846ee2f9-0ee3-4e37-a81b-9f769806d74a,653cfc6c-7a4c-50e3-82a4-5bf2a1a8a9c5,MCB10,https://cbmanhattan.cityofnewyork.us/cb10/wp-content/uploads/sites/11/2021/09/harlem_cafe_resolution.pdf,2021-09-01,1,Harlem Cafe Resolution,"CITY OF NEW YORK
MANHATTAN COMMUNITY BOARD 10
215 West 125th Street, 4th Floor—New York, NY 10027
T: 212-749-3105 F: 212-662-4215
HENR IETTA LYLE
Ch airperson
ANDREW LASSALLE
Distr ict Manager
Jun e 4, 2014
Resolution: Support of the Liquor License Application of Harlem Café LLC, located at
2374 Adam Clayton Powell Jr. Blvd., New York, NY 10030.
WHEREAS, the New York State Liquor Authority (SLA) has jurisdiction to issue on-premises
licenses according to the Alcoholic Beverage Control Laws, and is responsible for enforcing
those laws; and
WHEREAS, Manhattan Community Board 10 reviews all new applications and offers guidance
to the SLA about the potential impact of a license on public safety and quality of life in our
neighborhoods; and
WHEREAS, Community Boards, as part of their due diligence process, review an applicant’s
ownership and funding; floor plans of the proposed location, food and beverage to be served,
operational aspects of the restaurant/bar or lounge, price points, employee hiring processes,
employee wages and benefits, and community involvement; and
WHEREAS, Harlem Café LLC is applying for a Liquor License for a new establishment to be
located at 2374 Adam Clayton Powell Jr. Blvd., New York, NY 10030 (between 138-139 Sts.);
and
WHEREAS, the Applicant’s principal, Ms. Hyacinth A. Gilzean, appeared before Community
Board 10’s Economic Development Committee on May 8, 2014 and presented the following
information:
1. Ms. Gilzean is the sole owner of applicant Harlem Café LLC.
2. Ms. Gilzean is a resident of Harlem who has raised two children in the community
while maintaining a career in the financial services industry. Harlem Café will be her
first project in the restaurant industry.
3. Applicant’s proposed new establishment, Harlem Café, will specialize in American-
Caribbean-French cuisine.
4. Applicant has obtained a 5-year lease, with a 5-year renewal option for the premises.
5. The restaurant will be 928 square feet and will accommodate 44 patrons: 22 seats in
the dining room, 9 seats at the bar, and 8 seats in a outside patio.
6. The restaurant will be open seven days, serving breakfast from 8:00 am to 11:30 am,
lunch from 12:00 noon until 4:00 pm and dinner from 4:00 pm to 10:00 pm on
weekdays and until midnight on weekends.
7. The applicant will install security cameras and an ADP alarm system, and will
employ security if it appears to be necessary.
8. The restaurant will not provide any entertainment or live music, other than recorded
background music.
9. The restaurant’s price points for food will be: breakfast from $2.25 - $9.75 and lunch
and dinner from $8.99 - $19.95. Beer and cocktails will be priced from $7.00 to
$15.00.
10. The Applicant plans to employ 3 full-time workers (2 chefs and 1 Manager) at
salaries ranging from $30,000 to 39,000. Full-time workers will be provided with
sick days
11. The restaurant’s Manager will be a resident of Harlem, and applicant intends to hire
other employees from the community, using local news outlets and NYC Business
Solutions.
12. The main entrance of the restaurant is 4 steps below street level. Applicant will
provide a ramp to ensure wheelchair accessibility, and the restaurant will also have a
side door that can accommodate a wheelchair. The restaurant’s interior is on one
level, and the bathrooms will be handicapped accessible.
WHEREAS, the Applicant has submitted a petition of support signed by 71 area residents; and
WHEREAS, the Economic Development Committee voted 8-yes, 0-no, and 0-abstentions to
support this application;
THEREFORE, BE IT RESOLVED, that on June 4, 2014 the Manhattan Borough Community
Board 10 supports the Liquor License application of Harlem Café LLC with a vote of ___ in
favor, __ opposed and __ abstentions.",0,7,1,regex_single_resolution
0ac19ad6-3ead-403a-afc9-47a5f1c97c06,9aa50cdb-ebcc-5ead-8d0a-34e15708ebd3,MCB10,https://cbmanhattan.cityofnewyork.us/cb10/wp-content/uploads/sites/11/2021/09/la_teranga_resolution.pdf,2021-09-01,1,La Teranga Resolution,"CITY OF NEW YORK
MANHATTAN COMMUNITY BOARD 10
215 West 125th Street, 4th Floor—New York, NY 10027
T: 212-749-3105 F: 212-662-4215
HENR IETTA LYLE
C hairperson
ANDREW LASSALLE
Dist rict Manager
June 4, 2014
Resolution: Support of the Liquor License Application of La Teranga, Inc., located at 144
West 139th Street (a/k/a 2375 Adam Clayton Powell Jr. Blvd.), New York, NY.
WHEREAS, the New York State Liquor Authority (SLA) has jurisdiction to issue on-premise
licenses according to the Alcoholic Beverage Control (ABC) Laws, and is responsible for
enforcing those laws; and
WHEREAS, Manhattan Community Board 10 reviews all new applications and offers guidance
to the SLA about the potential impact of a license on public safety and quality of life in our
neighborhoods; and
WHEREAS, Community Boards, as part of their due diligence process, review an applicant’s
ownership and funding; floor plans of the proposed location, food and beverage to be served;
operational aspects of the restaurant/bar or lounge; price points; employee hiring processes;
employee wages and benefits; and community involvement; and
WHEREAS, La Teranga, Inc. is applying for a Liquor License for a new establishment to be
located at 144 West 139th Street (SE Corner of Adam Clayton Powell Jr. Blvd.), New York, NY;
and
WHEREAS, the Applicant’s principals, Mr. El Hadji Cisse and Mr. Alioune Cisse, appeared
behalf before Community Board 10’s Economic Development Committee on April 10, 2014 and
presented the following information:
1. Mr. El Hadji Cisse and Mr. Alioune Cisse are cousins who currently operate the
licensed premises known as “Ponty Bistro” located on Third Avenue and 18th Street.
Ponty has had no reported SLA violations and no incidents of police activity or noise
complaints.
2. The owners are both residents of Harlem.
3. Prior to opening their current restaurant, both of the owners had worked as chefs in
prominent restaurants in Manhattan.
4. The proposed new establishment will serve French/African/Mediterranean cuisine.
5. The restaurant location is currently empty and there are currently no tenants living
above the site.
6. The Applicant has a lease for the premises running to 2029.
7. The restaurant will accommodate up to 42 patrons (including 6 at the bar).
8. The restaurant’s hours will be Mon – Wed, 11 am to 11 pm Thurs., 11 am to 12
midnight, Fri – Sat., 11 am to 1 am, and Sunday, 10 am to 12 midnight (including
brunch service).
9. The restaurant will be open seven days per week from 11:30 am to midnight.
10. The restaurant will not provide any entertainment or live music, other than
background music.
11. The restaurant’s price points for food will be: appetizers from $7.00 - $14.00, salads
from $8.00 - $19.00, and entrees from $19.00 - $30.00.
12. The Applicant plans to employ at least 12 workers, and they plan to give preference
to neighborhood residents and to work with local agencies to accomplish this.
13. The restaurant will be handicapped accessible with a ground-level, wheelchair
accessible front entrance, and wheelchair accessible bathrooms.
WHEREAS, the Applicant has submitted a petition of support signed by 16 area residents; and
WHEREAS, the Economic Development Committee voted 7-yes, 0-no, and 0-abstentions to
support this application;
THEREFORE, BE IT RESOLVED, that on June 4, 2014 the Manhattan Borough Community
Board 10 supports the Liquor License application of La Teranga, Inc. with a vote of ___ in favor,
__ opposed and __ abstentions.",0,7,1,regex_single_resolution
d7b44de4-a1d9-40d5-bfd2-0aca9d392c4c,41551253-5d84-577e-bcd9-7868a9fddac5,MCB10,https://cbmanhattan.cityofnewyork.us/cb10/wp-content/uploads/sites/11/downloads/pdf/state_liquor_authority_resolutions/2014/Mar%202014/Made_En_Harlem_Resolution.pdf,,1,Made en Harlem,"CITY OF NEW YORK
MANHATTAN COMMUNITY BOARD 10
215 West 125th Street, 4th Floor—New York, NY 10027
T: 212-749-3105 F: 212-662-4215
HENRIETTA LYLE
Chairperson
ANDRE W LASSALLE
Assistant District Manager
March 5, 2014
Resolution: Support of the Liquor License Application of 304 Restaurant Group, Inc. for
“Made En Harlem Taqueria/Galeria”, located at 304 West 115th Street, New York, NY
10026.
WHEREAS, the New York State Liquor Authority (SLA) has jurisdiction to issue on-premise
licenses according to the Alcoholic Beverage Control (ABC) Laws, and is responsible for
enforcing those laws; and
WHEREAS, Manhattan Community Board 10 reviews all new applications and offers guidance
to the SLA about the potential impact of a license on public safety and quality of life in our
neighborhoods; and
WHEREAS, Community Boards, as part of their due diligence process, review an applicant’s
ownership and funding; floor plans of the proposed location, food and beverage to be served;
operational aspects of the restaurant/bar or lounge; price points; employee hiring processes;
employee wages and benefits; and community involvement; and
WHEREAS, 304 Restaurant Group, Inc. is applying for a Liquor License for a new
establishment to be known as “Made En Harlem Taqueria/Galeria”, located at 304 West 115th
Street (SW Corner of Frederick Douglass Blvd. and 115th St.), New York, NY 10026; and
WHEREAS, Mr. Jose Morales has appeared on the Applicant’s behalf before Community Board
10’s Economic Development Committee on two occasions and presented the following
information;
1. The Applicant’s principal is 100% owned by Mr. Jose Morales. Mr. Morales operates
the licensed premises known as “Apt 78” on Broadway in Washington Heights which has
had no reported SLA violations.
2. The proposed new establishment will be a traditional style Mexican restaurant. The
establishment will simultaneously operate as a full-service art gallery in conjunction
with a curating company called “Sound of Art” which focuses on artist from the five
boroughs of New York City.
3. The restaurant will accommodate up to 50 patrons in the dining area with 12
additional seats at the bar.
4. The restaurant’s hours will be Mon – Wed, 11 am to 11 pm Thurs., 11 am to 12
midnight, Fri – Sat., 11 am to 1 am, and Sunday, 10 am to 12 midnight (including
brunch service).
5. The restaurant will not provide any entertainment or live music, other than
background music.
6. The restaurant’s price points for food will be soups and salads from $6.00 - $12.25,
tacos from $3.25 - $3.75, sandwiches from $7.50 - $8.50, and entrees from $5.50 -
$12.50.
7. The restaurant will employ 15 - 20 workers, including 1 chef, 4 chefs’ assistants, 3
bartenders, 3 bus boys, 5 waiters/waitress, 1 assistant manager and 1 Manager/owner.
The Applicant will provide employees with two weeks of hands on training. The
Applicant intends to hire from within the local community, as is his current practice
at his restaurant in Washington Heights.
8. The restaurant will be handicapped accessible with a ground-level, wheelchair
accessible front entrance, and wheelchair accessible bathrooms.
WHEREAS, the Applicant has submitted letters of support from neighboring business owners
on Frederick Douglass Boulevard Alliance; and
WHEREAS, the Economic Development Committee voted 11-yes, 0-no, and 0-abstentions to
support this application;
THEREFORE, BE IT RESOLVED, that on March 5, 2014 the Manhattan Borough
Community Board 10 supports the Liquor License application of 304 Restaurant Group, Inc.
with a vote of 28 in favor, 5 opposed and 0 abstentions.",0,7,1,regex_single_resolution
fb6c4a02-4a2a-4391-9ce3-f7c6f19cf014,b0a64f65-ac4a-5e0f-91cc-28763aa96d5c,MCB10,https://cbmanhattan.cityofnewyork.us/cb10/wp-content/uploads/sites/11/downloads/pdf/full_board_resolutions/2014/Feb%202014/CB10_Resolution_117_118_streets_ULURP.pdf,,1,Resolution for approval on a zoning change at an area along St. Nicholas Avenue/West 117th /West 118th Streets ULURP number 140070ZMM,"CITY OF NEW YORK
MANHATTAN COMMUNITY BOARD 10
215 West 125th Street, 4th Floor—New York, NY 10027
T: 212-749-3105 F: 212-662-4215
HENR IETTA LYLE
Ch airperson
ANDREW LASSALLE
Assistant District Manager
February 5, 2014
RESOLUTION: approval for a zoning change at an area along St. Nicholas Avenue/West 117th /West
118th Streets ULURP number 140070ZMM
Committee: 11 yes; 2 no; 2 abstention
Board: 21 yes; 8 no; 2 abstention
WHEREAS, 117th Street Equities, LLC (“Artimus”) is requesting approval from Manhattan Borough
Community Board 10 (“CB10”) for a zoning map amendment regarding the block formed by St. Nicholas
Avenue, West 118th Street, Frederick Douglass Boulevard and West 117th Street, ULURP number
140070ZMM (the “Block”);
WHEREAS, the western most portion of the Block has been designated zone R8A and the remainder of
the block has been designated zone R7A;
WHEREAS, Artimus is requesting that the Block be designated R8A in its entirety;
WHEREAS, R7A districts have a maximum Floor Area Ratio (“FAR”) of 4.0 that allows for
approximately seven to eight story buildings and R8A districts have a maximum Floor Area Ratio
(“FAR”) of 6.02 that allows for approximately 10 to 12 story buildings;
WHEREAS, Artimus’ project consists of the following three (3) components:
1. Artimus will convert a vacant de-sanctified church building on West 118th Street into a
community space while preserving its façade and some of the remaining interior.
2. Artimus will add floors to the St. Thomas school on Saint Nicholas Avenue resulting in
approximately 73 total units of apartment housing.
3. Artimus will develop a vacant lot on West 117th Street into approximately 74 units of
apartment housing.
WHEREAS, on April 18, 2013, Artimus made an informal presentation to CB10’s Land Use Committee
announcing their intention to include affordable housing in the Project;
WHEREAS, on January 16, 2014, Artimus appeared before CB10’s Land Use Committee and presented
the following information:
1. Artimus plans to construct approximately 147 housing units, of which approximately 74 will
be in a newly constructed 12-story building located on the West 117th Street lot and
approximately 73 will be in a 10-story converted and expanded St. Thomas School structure
with a planned 5-story addition on top. The addition to the St. Thomas School and the new
construction will have a setback as required under R8A zoning.
2. 20% of the new construction housing units will be affordable at 60% of AMI, in compliance
with the requirements for receiving tax-exempt bond financing.
3. Artimus will also add new parking spaces to be constructed underneath the new residential
building as required by R8A zoning.
4. Artimus will convert a vacant church on West 118th Street into a community space while
preserving its façade and some of the remaining interior. The community space will be
provided to local community based organizations at affordable rental rates.
WHEREAS, on January 20, 2014, Artimus made certain agreements with CB10 as outlined in a letter
addressed to CB10;
THEREFORE, BE IT RESOLVED, that on February 5, 2014, the Manhattan Borough Community
Board 10 supports the zoning change at an area along St. Nicholas Avenue/West 117th /West 118th Streets
ULURP number 140070ZMM from R7A to R8A with a vote of 21 in favor, 8 opposed with 2 abstentions.",0,8,1,regex_single_resolution
d10102dc-9043-4917-80d7-4605c02f718c,63332f84-da91-5421-9c81-75ba3540931c,MCB10,https://cbmanhattan.cityofnewyork.us/cb10/wp-content/uploads/sites/11/downloads/pdf/full_board_resolutions/2014/Feb%202014/CB10_Resolution_492_Saint_Nicholas_Avenue.pdf,,1,10 yes; 4 no; 2 abstention,"Vote: 10 yes; 4 no; 2 abstention
General Board Vote: 23 yes; 4 no; 1 abstention
RESOLUTION: Disposition of land owned by the City of New York and Urban Development Action
Area Program designation at 492 St. Nicholas Avenue.
WHEREAS, GHHDC and FLD is requesting a letter of support from CB10 for the disposition of land
owned by the City of New York and a designation as an Urban Development Action Area Program for a
lot located at 492 St. Nicholas Avenue (the “Lot”);
WHEREAS, the Lot was initially transferred from the City to GHHDC under UDAAP and did not go
through the Uniform Land Use Review Process (“ULURP”),
WHEREAS, in March 2013, GHHDC and FLD made an informal presentation to CB10’s Land Use
Committee announcing the project team’s intention to sell and develop the Lot.
WHEREAS, GHHDC is seeking to sell the Lot for $1.2 million in order to sustain their 117 units of
affordable housing along 135th Street,
WHEREAS, the potential buyer for the Lot is FLD, which proposes a 9 to 12-unit condo development,
WHEREAS, on December 19, 2013, GHHDC & FLD appeared before CB10’s Land Use Committee and
presented the following information:",0,6,0,regex_single_resolution
a4603daf-98c1-44bb-8627-636cc2c1852b,63332f84-da91-5421-9c81-75ba3540931c,MCB10,https://cbmanhattan.cityofnewyork.us/cb10/wp-content/uploads/sites/11/downloads/pdf/full_board_resolutions/2014/Feb%202014/CB10_Resolution_492_Saint_Nicholas_Avenue.pdf,,2,23 yes; 4 no; 1 abstention,"Vote: 23 yes; 4 no; 1 abstention
RESOLUTION: Disposition of land owned by the City of New York and Urban Development Action
Area Program designation at 492 St. Nicholas Avenue.
WHEREAS, GHHDC and FLD is requesting a letter of support from CB10 for the disposition of land
owned by the City of New York and a designation as an Urban Development Action Area Program for a
lot located at 492 St. Nicholas Avenue (the “Lot”);
WHEREAS, the Lot was initially transferred from the City to GHHDC under UDAAP and did not go
through the Uniform Land Use Review Process (“ULURP”),
WHEREAS, in March 2013, GHHDC and FLD made an informal presentation to CB10’s Land Use
Committee announcing the project team’s intention to sell and develop the Lot.
WHEREAS, GHHDC is seeking to sell the Lot for $1.2 million in order to sustain their 117 units of
affordable housing along 135th Street,
WHEREAS, the potential buyer for the Lot is FLD, which proposes a 9 to 12-unit condo development,
WHEREAS, on December 19, 2013, GHHDC & FLD appeared before CB10’s Land Use Committee and
presented the following information:",0,6,0,regex_single_resolution
f62f0683-1481-42aa-b1d5-90cadd009d0d,1c57e0ae-daca-5fe8-93ea-72a84367275d,MCB10,https://cbmanhattan.cityofnewyork.us/cb10/wp-content/uploads/sites/11/downloads/pdf/full_board_resolutions/2014/Feb%202014/CB10_Resolution_260_West_153_Street_HCCI_LM.pdf,,1,Resolution to support disposition of land owned by the City of New York and Urban Development Action Area Program designation at 260 West 153 Street,"CITY OF NEW YORK
MANHATTAN COMMUNITY BOARD 10
215 West 125th Street, 4th Floor—New York, NY 10027
T: 212-749-3105 F: 212-662-4215
HENR IETTA LYLE
Ch airperson
ANDREW LASSALLE
Assistant District Manager
February 5, 2014
RESOLUTION: Disposition of land owned by the City of New York and Urban Development Action Area
Program designation at 260 West 153rd Street.
Committee: 14 yes; 0 no; 1 abstention
Board: 28 yes; 0 no; 0 abstention
WHEREAS, Harlem Congregations for Community Improvement, Inc. (“HCCI”) and L+M Development
Partners (“LM”) is requesting a letter of support from Manhattan Borough Community Board 10 (“CB10”) for
the disposition of land owned by the City of New York and a designation as a Urban Development Action
Area Program for two lots located at 260 West 153rd Street;
WHEREAS, HCCI and LM is proposing to construct 51 units of affordable housing, a 10,000 square feet
daycare facility, and 6,000 square feet of office space to be occupied by HCCI at 260 West 153rd Street (the
“Project”);
WHEREAS, in September 2012, CB10 voted 21 for and 8 against a letter for HCCI & LM to obtain site
control from New York City’s Department of Housing Preservation and Development (“HPD”) at 260 West
153rd Street;
WHEREAS, in May 2013, HCCI and LM made an informal presentation to CB10’s Land Use Committee
announcing the project team’s intention to include affordable housing in the Project;
WHEREAS, on January 16, 2014, HCCI & LM appeared before CB10’s Land Use Committee and presented
the following information:
1. HCCI & LM’s plans to construct 8 studios, 33 one-bedroom, and 10 two-bedroom units.
2. 43 units will be available to persons earning 50% of the Average Median Income (“AMI”) or
approximately $23,897 to $42,950 depending on the size of the unit.
3. 8 units will be available to persons earning 30% of AMI who receive vouchers from the New
York State Division of Housing and Community Renewal.
4. 8 units will be designated for individuals with HIV/AIDS and be administered by HCCI.
5. Rental rates offered at 50% of AMI will be approximately $685 for a studio, $715 for a one-
bedroom, and $870 for a two bedroom.
THEREFORE, BE IT RESOLVED, that on February 5, 2014, the Manhattan Borough Community Board 10
supports the disposition of land owned by the City of New York and the designation as an Urban Development
Action Area Program at 260 West 153rd Street with a vote of 28 in favor, 0 opposed with 0 abstentions.",0,5,1,regex_single_resolution
1441ba62-3c15-47a9-b322-6df508bd918e,c420d788-1499-5248-b00e-db017a72b591,MCB10,https://cbmanhattan.cityofnewyork.us/cb10/wp-content/uploads/sites/11/downloads/pdf/full_board_resolutions/2013/Dec%202013/CB10_Harlem_Valley_Farms_Resolution_2013-12-04.pdf,2013-12-04,1,Resolution on Letter of Support for Comprehensive Composting Project at 197 West 134th Street,"CITY OF NEW YORK
MANHATTAN COMMUNITY BOARD 10
215 West 125th Street, 4th Floor—New York, NY 10027
T: 212-749-3105 F: 212-662-4215
HENR IETTA LYLE
Ch airperson
ANDREW LASSALLE
Assistant District Manager
Resolution on
Letter of Support for
Comprehensive Composting Project at Block 1919 Lot 5
th
At 197 West 134 Street
Whereas, Harlem Valley Farms is seeking a letter of support from Community Board 10 for a
composting project on an HPD owned lot (Block 1919 Lot 5 at West 134th Street),
Whereas, Harlem Valley Farms intends to use the HPD lot as an educational tool to promote healthy
living and sustainability for local youth through the installation of a composting station,
Therefore, be it resolved, that Manhattan Community Board 10 votes to provide a letter of support to
Harlem Valley Farms for the use of Block 1919 Lot 5 at West 135th Street with a unanimous vote of 26 in
favor.",0,2,1,regex_single_resolution
8fa932e9-3fc8-486d-bdec-3c3031e5fba2,fe830639-c57a-521f-9f24-c9f6719c6eb6,MCB10,https://cbmanhattan.cityofnewyork.us/cb10/wp-content/uploads/sites/11/downloads/pdf/full_board_resolutions/2013/Dec%202013/CB10_Lemor_Resolution_2013-12-04.pdf,2013-12-04,1,"Resolution on Site Control and Land Disposition at 407, 409 and 415 Lenox Avenue by Lemor Realty Corporation","CITY OF NEW YORK
MANHATTAN COMMUNITY BOARD 10
215 West 125th Street, 4th Floor—New York, NY 10027
T: 212-749-3105 F: 212-662-4215
HENR IETTA LYLE
Ch airperson
ANDREW LASSALLE
Assistant District Manager
Resolution on
Site Control and Land Disposition at
407, 409, and 415 Lenox Avenue
by Lemor Realty Corporation
Whereas, Lemor Realty Corporation (“Lemor”) has submitted an application seeking Community Board
10’s support for site control at 407, 409, and 415 Lenox Avenue for the purpose of developing a mix use
facility to include 130 units of affordable residential rental units, and commercial and community space;
Whereas, Lemor will offer studio, one, and two, bedroom apartments at an average price range of $996
to $1,698, $1,070 to $1,823, and $1,287 to $2,190 respectively; studio, one, and two bedroom apartments
will be offered based on 100%, 80%, and 60% of AMI;
Whereas, Lemor will offer community space to Street Corner Resources Inc. free of charge; Street
Corner Resources Inc. is a community based organization dedicated to reducing gun and gang violence
via music, education, job training, and access to employment opportunities;
Whereas, Lemor has developed over 603 units of affordable housing in the central Harlem community,
including:
1. 106 units at West 140th Street and Adam Clayton Powell with an average AMI of 40% in 1998;
2. 97 units at West 123rd Street and Fredrick Douglass Blvd with an average AMI of 60% in 2001;
3. 200 units at West 140th Street and Adam Clayton Powell with an average AMI of 40% in 2004;
4. 49 units at West 145th Street and Adam Clayton Powell with an average AMI of 60% in 2007;
5. 100 units at West 132nd and West 137th Streets, and Lenox with an average AMI of 70% in 2007;
and
6. 51 units at West 145th Street and Adam Clayton Powell with an average AMI of 77% in 2013.
Therefore, be it resolved, that Manhattan Community Board 10 votes to support Lemor Realty
Corporation’s application for site control at 407, 409, and 415 Lenox Avenue with a unanimous vote of
26 in favor.",0,4,1,regex_single_resolution
375d2083-35c6-48d8-9bdb-e7cd8593e0c3,ac40bdd0-9ec9-52b3-88c8-73a85d081490,MCB10,https://cbmanhattan.cityofnewyork.us/cb10/wp-content/uploads/sites/11/2021/09/co_location_resolution_10_13.pdf,2021-09-01,1,Co-Location resolution,"CITY OF NEW YORK
MANHATTAN COMMUNITY BOARD 10
215 West 125th Street, 4th Floor—New York, NY 10027
T: 212-749-3105 F: 212-662-4215
HENRIETTA LYLE
Chairperson
ANDRE W LASSALLE
Assistant District Manager
November 6, 2013
Resolution: Against New Charter Applications That Pursue Co-Location as Their Campus
Facilities
WHEREAS, Community Board 10 encourages new schools to open in Districts 3 and 5 within
the geographic boundaries of Community Board 10;
WHEREAS, Community Board 10 supports quality educational opportunities for its students
from public, private or independent efforts;
WHEREAS, Community Board 10 recognizes the challenges incurred by co-locating schools;
and
WHEREAS, this practice often pits co-located schools against each other for scarce resources;
WHEREAS, Community Board 10 understands this practice to be harmful to co-located schools
by disrupting the educational processes of non-charter school students; and
WHEREAS, the non-charter school students of co-located schools can be subjected to unequal
access to educational resources, including but not limited to:
I. Libraries
II. Computer laboratories
III. Physical education facilities
IV. Educational programs
V. Extracurricular programs
VI. Special education programs
VII. Performing Arts spaces
VIII. Continuous space
IX. Flexibility of operations
X. Meal service and times
THEREFORE, BE IT RESOLVED, that on November 6, 2013, the Manhattan Borough
Community Board 10 does not support new Charter applications that pursue co-location as their
campus facilities with a unanimous vote of 36 in favor, 0 opposed with 0 abstentions.",0,6,1,regex_single_resolution
4710d22c-3af3-4991-b68e-3f2afcafabbb,ad1f2250-0f0a-5360-9408-b684d4d8b0e2,MCB10,https://cbmanhattan.cityofnewyork.us/cb10/wp-content/uploads/sites/11/downloads/pdf/full_board_resolutions/2013/Nov%202013/Co-location_Resolution_10.13.pdf,,1,Resolution against New Charter School Applications That Pursue Co-Location as Their Campus Facilities,"CITY OF NEW YORK
MANHATTAN COMMUNITY BOARD 10
215 West 125th Street, 4th Floor—New York, NY 10027
T: 212-749-3105 F: 212-662-4215
HENRIETTA LYLE
Chairperson
ANDRE W LASSALLE
Assistant District Manager
November 6, 2013
Resolution: Against New Charter Applications That Pursue Co-Location as Their Campus
Facilities
WHEREAS, Community Board 10 encourages new schools to open in Districts 3 and 5 within
the geographic boundaries of Community Board 10;
WHEREAS, Community Board 10 supports quality educational opportunities for its students
from public, private or independent efforts;
WHEREAS, Community Board 10 recognizes the challenges incurred by co-locating schools;
and
WHEREAS, this practice often pits co-located schools against each other for scarce resources;
WHEREAS, Community Board 10 understands this practice to be harmful to co-located schools
by disrupting the educational processes of non-charter school students; and
WHEREAS, the non-charter school students of co-located schools can be subjected to unequal
access to educational resources, including but not limited to:
I. Libraries
II. Computer laboratories
III. Physical education facilities
IV. Educational programs
V. Extracurricular programs
VI. Special education programs
VII. Performing Arts spaces
VIII. Continuous space
IX. Flexibility of operations
X. Meal service and times
THEREFORE, BE IT RESOLVED, that on November 6, 2013, the Manhattan Borough
Community Board 10 does not support new Charter applications that pursue co-location as their
campus facilities with a unanimous vote of 36 in favor, 0 opposed with 0 abstentions.",0,6,1,regex_single_resolution
f10f9379-8695-4c8e-884c-8310ed749a72,55ffcd9e-7e8e-587a-a6bf-84ba73ff3c74,MCB10,https://cbmanhattan.cityofnewyork.us/cb10/wp-content/uploads/sites/11/2021/09/harlem_shakespeare_resolution.pdf,2021-09-01,1,4 in favor 0 opposed 1 abstention,"Vote: 4 in favor 0 opposed 1 abstention
General Board Meeting",0,0,0,regex_single_resolution
deb54ad3-26ce-4da3-903f-fa021312e2f4,55ffcd9e-7e8e-587a-a6bf-84ba73ff3c74,MCB10,https://cbmanhattan.cityofnewyork.us/cb10/wp-content/uploads/sites/11/2021/09/harlem_shakespeare_resolution.pdf,2021-09-01,2,32 in favor 0 opposed 1 abstention,Vote: 32 in favor 0 opposed 1 abstention,0,0,0,regex_single_resolution
3eddd5a7-3d8a-406b-b58f-84a89640e7d6,473a24c0-1418-57ec-9409-a9fa7b013ee4,MCB10,https://cbmanhattan.cityofnewyork.us/cb10/wp-content/uploads/sites/11/downloads/pdf/full_board_resolutions/2013/Jun%202013/Harlem-Dowling-Resolution.pdf,,1,"Resolution to Support HPD’s City Planning Commission Application for UDAAP Designation, Project Approval, Disposition of City Land and Zoning Map Amendment Regarding Harlem Dowling Affordable Housing","CITY OF NEW YORK
MANHATTAN COMMUNITY BOARD 10
215 West 125th Street, 4th Floor, New York, NY 10027
T: 212-749-3105 F: 212-662-4215
`
HENRIETTA LYLE
Chairperson
ANDREW LASSALLE
Assistant District Manager
June 5, 2013
Resolution: Support of HPD’s City Planning Commission Application for UDAAP
Designation, Project Approval, Disposition of City Land and Zoning Map Amendment
Regarding Harlem Dowling Affordable Housing Project
WHEREAS, the Department of Housing Preservation and Development (“HPD”) has submitted
a Land Use Review Application to the New York City Department of City Planning for (a)
approval of an Urban Development Action Area Plan (“UDAAP”) designation and project
approval, (b) the disposition of City-owned property, and (c) a zoning map amendment (the
“Application”) to facilitate the development of a mixed-use, affordable housing project in
Central Harlem, to be known as “Harlem Dowling,” at a site located at 2135-2139 Adam Clayton
Powell Jr. Boulevard (between West 126th and 127th Streets)(Block 1911, Lots 61 and 62); and
WHEREAS, a Public Hearing on the Application was held before Manhattan Community Board
10 on June 5, 2013; and
WHEREAS, the Application described the Harlem Dowling development as, inter alia,
1. A 10-story building with a height of approximately 110 feet, with a 10-foot
setback on Adam Clayton Powell Jr. Boulevard and a 15-foot setback on West 127th
Street.
2. Containing approximately 60 affordable rental units with 8,771 square feet of
community facility space on the ground level and 7,354 square feet of community facility
space on the cellar level.
3. Including an 850 square- foot community room and 3,987 square feet of
outdoor recreational space for residents.
4. Including 30 bicycle parking spaces in the basement and eight trees planted
on-site.
5. Conforming to Quality Housing Project standards and featuring sustainable
elements (such as water-saving fixtures, organic paints and adhesives, heating and
cooling efficient ventilation, highly-efficient insulation and Energy Star Appliances) that
will qualify the project for participation in the New York State Energy Research and
Development Authority and Enterprise Green Communities program.
THEREFORE, BE IT RESOLVED, that on June 5, 2013 the Manhattan Borough Community
Board 10 supports the above-described Application of the Department of Housing Preservation
and Development with a vote of 27 in favor, 9 opposed and 2 abstentions.",0,3,1,regex_single_resolution
f679a4c3-bce5-4d3e-8f42-5720ce640093,1c88d311-cb50-5141-bd5d-5f85f878bed0,MCB10,https://cbmanhattan.cityofnewyork.us/cb10/wp-content/uploads/sites/11/downloads/pdf/state_liquor_authority_resolutions/2013/May%202013/Joes_Crab_Resolution.pdf,,1,Joe’s Crab,"CITY OF NEW YORK
MANHATTAN COMMUNITY BOARD 10
215 West 125th Street, 4th Floor—New York, NY 10027
T: 212-749-3105 F: 212-662-4215
HENR IETTA LYLE
Ch airperson
CHRISTOPHER T. WOODLEY, Esq.
Dist rict Manager
ANDREW LASSALLE
Assistant District Manager
Ma y 1, 2013
Resolution: Support of the Liquor License Application of Crab Addison, Inc. for “Joes
Crab Shack”, located at 2349 Frederick Douglass Boulevard, New York, NY 10027.
WHEREAS, the New York State Liquor Authority (SLA) has jurisdiction to issue on-premise
licenses according to the Alcoholic Beverage Control (ABC) Laws, and is responsible for
enforcing those laws; and
WHEREAS, Manhattan Community Board 10 reviews all new applications and offers guidance
to the SLA about the potential impact of a license on public safety and quality of life in our
neighborhoods; and
WHEREAS, Community Boards, as part of their due diligence process, review an applicant’s
ownership and funding; floor plans of the proposed location, food and beverage to be served;
operational aspects of the restaurant/bar or lounge; price points; employee hiring processes;
employee wages and benefits; and community involvement; and
WHEREAS, Crab Addison, Inc. is applying for a Liquor License for an establishment to be
known as “Joes Crab Shack”, located at 2349 Frederick Douglass Boulevard (at 125th St.), New
York, NY 10027; and
WHEREAS, Mr. John Schick appeared on the Applicant’s behalf before Community Board 10’s
Economic Development Committee on March 14, 2013 and presented the following information;
1. The Applicant operates approximately 150 Joe’s Crab Shack restaurants throughout
the United States, including several in New York State that are licensed by the New
York State Liquor Authority.
2. The proposed new establishment will be a casual, full-service seafood restaurant with
a seating capacity of 280 persons.
3. The restaurant’s hours will be Sunday – Thursday, 11 am to 12 midnight and Friday
and Saturday, 11 am to 1 am.
4. There will be no entertainment or live music. There will be light background music
only.
5. The restaurant’s price points will be $4.00 - $12.00 for salads and appetizers, $10.00 -
$12.00 for sandwiches, and $12.00 - $21.00 for entrees.
6. The restaurant is expected to create over 100 new employment opportunities and the
Applicant intends to hire from within the local community.
7. The restaurant will pay its General Manager and Managers, respectively, $74,000 and
$53,000. Kitchen workers will be paid $10.00/hour, servers and hosts minimum
wage plus tips and bartenders $6.00/hr plus tips. The applicant offers employees
medical, dental, vision, disability, life and pre-paid legal benefits, and full-time
employees can participate in a 401(k) plan.
8. The applicant provides employees with a three-day in-house training program that
includes specific training for bartenders, waiters and greeters and Alcohol Service
Awareness.
9. The restaurant will be handicapped accessible with a ground-level, wheelchair
accessible front entrance, wheelchair accessible bathrooms and an elevator from the
ground floor entrance to the second floor dining area.
10. The Applicant makes efforts at its restaurants to be involved in and contribute to local
community affairs.
WHEREAS, the Applicant has submitted letters of support from the Harlem Economic
Development Corporation and the Frederick Douglass Boulevard Alliance; and
WHEREAS, the Economic Development Committee on March 14, 2013 voted 6-yes, 1-no, and
3-abstentions to support this application;
THEREFORE, BE IT RESOLVED, that on May 1, 2013 the Manhattan Borough Community
Board 10 supports the Liquor License application of Crab Addison, Inc. with a vote of 32 in
favor, 0 opposed and 0 abstentions.",0,7,1,regex_single_resolution
d82df0f3-92d1-47f6-8a27-a6f5f241e049,7c5116a0-f985-54f4-9f9f-5a27637f16a0,MCB10,https://cbmanhattan.cityofnewyork.us/cb10/wp-content/uploads/sites/11/2021/08/Harlem-Shakespeare-Resolution.pdf,2021-08-01,1,4 in favor 0 opposed 1 abstention,"Vote: 4 in favor 0 opposed 1 abstention
General Board Meeting",0,0,0,regex_single_resolution
cbd3c0c3-8d3f-4f09-b292-46a7d20c1993,7c5116a0-f985-54f4-9f9f-5a27637f16a0,MCB10,https://cbmanhattan.cityofnewyork.us/cb10/wp-content/uploads/sites/11/2021/08/Harlem-Shakespeare-Resolution.pdf,2021-08-01,2,32 in favor 0 opposed 1 abstention,Vote: 32 in favor 0 opposed 1 abstention,0,0,0,regex_single_resolution
8f92b769-8d90-4218-9882-01bcda9f42fa,8b7b9ade-7ccf-5b06-882d-fbb3092789c9,MCB10,https://cbmanhattan.cityofnewyork.us/cb10/wp-content/uploads/sites/11/downloads/pdf/full_board_resolutions/2013/Feb%202013/sylvia_woods_resolution.pdf,,1,Resolution to Support West 126th Street and Malcolm X Blvd. be Co-named Sylvia p. Woods Way,"CITY OF NEW YORK
MANHATTAN COMMUNITY BOARD 10
215 West 125th Street, 4th Floor—New York, NY 10027
T: 212-749-3105 F: 212-662-4215
HENRIETTA LYLE
Chairperson
CHRISTOPHER T. WOODLEY, Esq.
District Manager
ANDREW LASSALLE
Assistant District Manager
SYLVIA P. WOODS WAY
STREET CO-NAMING RESOLUTION
RESOLUTION: To support West 126th Street and Malcolm X Blvd. be Co-Named Sylvia P.
Woods Way.
WHEREAS Sylvia P. Woods was born on February 2, 1926. Her father was a WWI military
veteran. She married Herbert Woods in 1944 and worked at various jobs, including: a beauty
shop; hat factory; and from 1954 to 1962, she worked in a restaurant.
WHEREAS Sylvia brought her own restaurant in 1962, with an initial total capacity limited to
35 patrons. Her success and hard work resulted in the restaurant’s expansion to accommodate
450 patrons. Her family subsequently developed a catering business and an expansive line of
Sylvia’s food products, which includes: many of her special sauces; vegetables; spices; syrup;
corn bread and pan cake mixes. Her products are sold in local shops and specialty stores
throughout the world. Sylvia developed two franchises at John F. Kennedy Airport Terminal, as
well as having purchased the two remaining stores on Lenox Avenue and several nearby
brownstones on 126th street. She produced two cookbooks, entitled: “Sylvia’s Soul Food
Cookbook,” published in 1992 and “Sylvia’s Family Soul Food Cookbook,” published in 1999.
WHEREAS Sylvia Woods defined strength, ambition and determination, coupled with her
entrepreneurial spirit allowed her to establish a world renowned restaurant. Guests from all over
the world dine at her place: “Sylvia’s Restaurant.”
WHEREAS Sylvia Woods worked tirelessly in creating a legacy, which she ultimately passed
on to her children and grandchildren. She received countless awards, noteworthy proclamations
and appeared in numerous national and international media outlets, as well as having been
acknowledged by dignitaries from all over the world. The Woods family founded the Sylvia and
Herbert Scholarship Fund, offering college scholarships to local residents of Harlem.
WHEREAS Sylvia Woods passed away on July 19, 2012, at her home in Mount Vernon, New
York, at the age of 86. She will forever be known as “The Queen of Soul Food.”
THEREFORE, BE IT RESOLVED, Manhattan Community Board #10 wishes to honor
Sylvia Wood’s legacy by Co-Naming the street where her restaurant is located on West 126th
Street and Malcolm X Blvd. - Sylvia P. Woods Way.
THEREFORE, BE IT FURTHER RESOLVED, that on February 6, 2013 the Manhattan
Borough Community Board 10 supports West 126th Street and Malcolm X Blvd. be Co-Named
Sylvia P. Woods Way with a vote of 40 in favor, 0 opposed and 0 abstentions.",0,5,2,regex_single_resolution
263964ad-bae0-41be-940f-f0bd772b7e13,27fcf842-420e-530c-b48a-133f9391ff34,MCB10,https://cbmanhattan.cityofnewyork.us/cb10/wp-content/uploads/sites/11/downloads/pdf/full_board_resolutions/2012/Nov%202012/literacy_across_harlem_day_resolution.pdf,,1,Resolution to support Literacy across Harlem Day,"CITY OF NEW YORK
MANHATTAN COMMUNITY BOARD 10
215 West 125th Street, 4th Floor—New York, NY 10027
T: 212-749-3105 F: 212-662-4215
HENRIETTA LYLE
Chairperson
CHRI STOPHER T. WOODLEY, Esq.
District Manager
ANDREW LASSALLE
Assistant District Manager
Resolution in support of “Literacy Across Harlem Day”
WHEREAS Harlem residents are heirs to a rich legacy of literacy and literature anchored by a
long line of ingenious writers and voracious readers;
WHEREAS carrying reading materials in public are a simple yet powerful expression of one’s
identity as a reader, learner, and community member;
WHEREAS engaging individual, families, local educational and cultural institutions, and local
businesses in collective action for a positive cause, such as reading, strengthen community
relationships;
WHEREAS highlighting literacy initiatives, programs, and resources across Harlem encourages
community members to utilize and support them;
WHEREAS it takes a village to model and promote education and civic participation for Harlem
children, youth, and adults;
WHEREAS the Educations and Libraries Committee on October 16, 2012 voted 7-yes, 0-no,
and 0-abstentions to support “Literacy Across Harlem Day” (to be held on the first day of every
month) and encourages all community members to carry books, magazines, newspapers, audio
books, and other reading materials publicly that day.
THEREFORE BE IT RESOLVED that on November 6, 2012 Manhattan Community Board
10 supports “Literacy Across Harlem Day” with a vote of 27 in favor, 0 opposed, 0 abstentions
and 1 no vote.",0,6,1,regex_single_resolution
d587a0d1-5d46-4980-ab18-2d207d1fc248,7cb8b41c-68e4-5a08-bda9-ce7aeda47a18,MCB10,https://cbmanhattan.cityofnewyork.us/cb10/wp-content/uploads/sites/11/downloads/pdf/full_board_resolutions/2012/May%202012/resolution_of_support_for_amending_nys_education_law_with_subdivision_22.pdf,,1,Resolution to Support Amending New York State Education Law,"CITY OF NEW YORK
MANHATTAN COMMUNITY BOARD 10
215 West 125th Street, 4th Floor—New York, NY 10027
T: 212-749-3105 F: 212-662-4215
HENR IETTA LYLE
Chair
PAIMAAN LODHI
Distr ict Manager
May 2, 2012
Resolution to Support Amending New York State Education Law
Sections 2590-e and 2590-g with the proposed Subdivision 22.
WHEREAS The Harlem community has experienced a large number of co-locations of charter
schools within currently existing public schools;
WHEREAS Harlem parents do not have a sufficient mechanism to approve school co-
locations, closures, truncations, and phase outs;
WHEREAS The proposed amendment to existing New York State Education Law directly
addresses the need for community input in the decision-making process by allowing Community
Education Councils to exert local representation;
WHEREAS The Education, Libraries, and Youth committee voted 6 in favor 0 opposed.
THEREFORE BE IT RESOVED THAT Manhattan Community Board 10 supports the
proposed amendment to New York State Education Law Sections 2590-e and 2590-g with the
proposed Subdivision 22.",0,4,1,regex_single_resolution
cc33f3ee-98f8-4116-b4c7-4a43bd41e68d,4d1da527-f31c-5695-9eb5-ca0f99ba1dc4,MCB10,https://cbmanhattan.cityofnewyork.us/cb10/wp-content/uploads/sites/11/downloads/pdf/full_board_resolutions/2012/May%202012/resolution_of_support_for_heas_charter_school.pdf,,1,Resolution of Support for HEAS Charter School,"CITY OF NEW YORK
MANHATTAN COMMUNITY BOARD 10
215 West 125th Street, 4th Floor—New York, NY 10027
T: 212-749-3105 F: 212-662-4215
HENR IETTA LYLE
Chair
PAIMAAN LODHI
Distr ict Manager
May 2, 2012
Resolution in support of Harlem Engineering and Applied Science Charter School (HEAS)
application for Charter.
WHEREAS The Founder and Board of Directors of Harlem Engineering and Applied Science
Charter School (HEAS) stipulate that they are committed to establishing an independent school
facility and under no circumstances, will they co-locate in a department of education school
building;
WHEREAS HEAS plans to open in September 2014 allowing for significant time for securing
their independent facility, incorporating community feedback, and further developing university
partnerships;
WHEREAS A curriculum geared toward Science, Technology, Engineering, and
Mathematics(STEM) is an area we believe to be lacking in our community schools;
WHEREAS The founding trustees of the school include community members involved invested
in education and the sciences – Board Members Milagros Garcia, Dr. Carlos Pagan, Karen
Bruce, Dr. Cardinal Warde, Carolyn Ellison, Walter Booker, and Anisa Keith and educational
advisors including Dr. Edmund Gordon, Dr. Sherrish Holloman, Arun Loomba, and Honorable
Alexander Mathew Tisch;
WHEREAS The HEAS facility plans to match and support their mission by having each
classroom have a smart board, projector, student lap tops, and kindle devices for textbook and
supplemental reading;
WHEREAS The ambitiously rigorous program will allow students to graduate with an Associate
Degree in addition to having taken five Advanced Placement courses, and gaining proficiency in
a foreign language;
WHEREAS HEAS plans to create sustainable partnerships with universities, colleges, civic
groups, and community organizations to supplement the classroom learning. These partners
include but are not limited to: Union Settlement Association, SUNY, Hunter College, Teachers
College, Massachusetts Institute of Technology (MIT), Columbia University, City College of
New York, New York Needs You, Society of Hispanic Professional Engineers (HSPE), The New
York Academy of Sciences (NYAS), Children’s Aid Society, National Society of Black
Engineers (NSBE), The Society of Women Engineers (SWE), Council for Urban Professionals
(CUP), and Sponsors For Educational Opportunity Program (SEO);
WHEREAS HEAS must take particular care to support its English Language Learners and
Special Education students as they navigate its demanding curriculum. Thus they have developed
a curriculum which is in accordance with the Individuals with Disabilities Education Act,
Section 504 of the Rehabilitation Act, the Americans with Disabilities Act, and Limited
Language Proficiency;
WHEREAS HEAS will have a six-week summer program, a longer school day, and longer
school year;
WHEREAS HEAS plans to keep a class size of twenty-five students, beginning with enrolling
one hundred and sixty-students in sixth grade, culminating with eleven hundred and sixty- two
students in sixth through twelfth grade. The first graduating class will be in June 2025;
WHEREAS HEAS will engage families through strong family partnership programs and
involvement in school governance through a School Leadership Team and Parent Advisory
Committee. The School Leadership Team, made up of the principal, lead teachers, and parents,
will be charged with advising the Principal on all major management, development, and planning
decisions.
WHEREAS Professional development of the faculty will be prioritized through extensive
ongoing workshops in the school and annual stipends;
WHEREAS HEAS will institute an International Baccalaureate (IB) curriculum for its eleventh
and twelfth graders;
WHEREAS HEAS has articulated clear performance and promotion benchmarks for its
students, including 90% attendance, achieving a 70% grade average on English and Math
courses, and achieving at or above a level 2 on the ELA and Math state assessments;
WHEREAS The HEAS founding team will continue to gather and engage community feedback
as they further develop their curriculum and program;
WHEREAS The Education, Libraries, and Youth committee voted 4 in favor 2 opposed; and
THEREFORE BE IT RESOVED THAT, Manhattan Community Board 10 supports the new
charter application from Harlem Engineering and Applied Science Charter School",0,16,1,regex_single_resolution
7387cea4-b7ba-4300-813e-bc1cd8107bc8,e26798f2-e633-5cde-b928-0d130b8e4b07,MCB10,https://cbmanhattan.cityofnewyork.us/cb10/wp-content/uploads/sites/11/downloads/pdf/full_board_resolutions/2012/May%202012/western_beef_resolution_lu_cmtte.pdf,,1,Resolution to disapprove BSA Application 31-12-BZ at 280 West 155th Street,"CITY OF NEW YORK
MANHATTAN COMMUNITY BOARD 10
215 West 125th Street, 4th Floor—New York, NY 10027
T: 212-749-3105 F: 212-662-4215
HENR IETTA LYLE
Chair
PAIMAAN LODHI
Distr ict Manager
May 2, 2012
Resolution on
BSA Application No. 31-12-BZ at 280 West 155th Street
Whereas, the applicant has requested a favorable recommendation of a special permit
application filed at the Board of Standards and Appeals to waive the rear yard requirement for
the property, in order to permit the construction of a two-story and mezzanine supermarket
building that would also permit the extension of the first floor to the rear lot line, providing a
more efficient floor plate for the supermarket;
Whereas, certain members of the Community objected to the requested variance on the bases
that construction of the store: (i) would dangerously increase traffic flow, especially with regard
to ingress and egress from the proposed underground parking charge as well as the safety of
children entering a playground whose entrance is directly across from proposed parking lot(ii)
was unnecessary in light of the fact that there were three other supermarkets in a ten (10) block
radius including one directly across the street; and (iii) would compromise the use of land which
could better serve the Community through the development of a library, center for after-school
programs, or other public service use;
Whereas, the Land Use Committee holistically considers all aspects of a zoning variance request
and its impact on the Community at-large, and not just the technical requirements relating to the
zoning variance request, to ensure that the District’s needs are both protected and satisfied;
Whereas, the Land Use Committee did not believe that the hazards or disadvantages to the
community at large of such special permit bulk regulations at the site are outweighed by the
advantages derived by the community by the grant of such special permit;
Whereas, the Land Use Committee was not convinced a special permit application for a rear
yard waiver was necessary to facilitate the development of the project, and believed that the
City’s Zoning Regulations should be adhered to for the construction of this development;
Therefore, be it resolved that in recognition of the Community’s objections and the District’s
needs, the Land Use Committee voted 16 against and 1 in favor of the zoning variance request;
Be it further resolved that at a regularly scheduled Community Board 10 General Board
Meeting on May 2, 2012, the Board voted to disapprove BSA application No. 31-12-BZ with a
vote of 31 in favor, 0 opposed and no abstentions.",0,5,1,regex_single_resolution
7e96f22c-6268-43df-b226-e37773ab5a0e,53fbf2f6-35a4-58cb-b28f-505a03813fde,MCB10,https://cbmanhattan.cityofnewyork.us/cb10/wp-content/uploads/sites/11/downloads/pdf/full_board_resolutions/2012/Apr%202012/resolution_to_stop_budget_cuts_to_after_school_programs.pdf,,1,Resolution to Stop Budget Cuts to After School Programs,"CITY OF NEW YORK
MANHATTAN COMMUNITY BOARD 10
215 West 125th Street, 4th Floor—New York, NY 10027
T: 212-749-3105 F: 212-662-4215
HENR IETTA LYLE
Chair
PAIMAAN LODHI
Distr ict Manager
April 4, 2012
RESOLUTION:
Calling upon the Mayor to Restore Adequate Funding to the Administration for Children’s Services and the
Department of Youth and Community Development for After-School Programs in the Fiscal Year 2013
Preliminary Budget.
WHEREAS, the Mayor’s FY13 Preliminary Budget puts 47,000 children at risk of losing their child care
and after-school program; and,
WHEREAS, this is the 5th straight year of cuts to both child care and after-school programs, and the newest
cuts in the FY 13 Preliminary Budget, combined with the current Early Learn NYC and Out-of-School Time
RFP’s, would mean that more than 90,000 children will be left without care since 2009; and,
WHEREAS, within Manhattan Community Board 10 Citizens Care Day Care Center, East Cavalry Day
Care Center, Salem Day Care, Utopia Day Care, Drew Hamilton Day Care, James L. Varick Day Care,
Sheltering Arms Learning Center, Graham Windham #2, Chama Child Development Center, Citizens Day
Care Center #4, Mary Walton Children’s Center, Morningside Day Care Center, and Prince Hall Colonia
Park Day Care Center are at risk of losing their funding; and,
WHEREAS, within Manhattan Community Board 10 afterschool programs at Dunlevy Milbank Center,
Truce, P.S. 154, P.S. 242, Drew Hamilton Center Elementary School, P.S. 175, Drew Hamilton Middle
School, P.S. 197, Harlem Temple Community Center, and Rangel Community Center are at risk of losing
their funding; and,
WHEREAS, both child care and after-school programs provide children with critical educational
opportunities that pave the way for future success, and kids who attend these programs do better in school,
are more likely to graduate, and have lower incidences of violence, drug-use and teen pregnancy; and,
WHEREAS, child care and after-school programs allow working parents to keep their jobs, and without
access to these programs, working parents will be forced to make potentially unsafe arrangements for their
children in order to keep their jobs; and,
THEREFORE BE IT RESOLVED, that Manhattan Community Board 10 endorses the Campaign for
Children, a partnership of The Emergency Coalition to Save Child Care and the NYC Youth Alliance;
BE IT FURTHER RESOLVED that Manhattan Community Board 10 call on Mayor Bloomberg to take
the steps necessary to support the child care and after-school systems in his Executive Budget by
restoring $104 million to the Administration for Children’s Services for child care and $66 million to the
Department of Youth and Community Development for after-school programs.
At a regularly scheduled General Board Meeting on April 4, 2012, Manhattan Community Board 10 voted to support
this resolution by a vote of 34 in favor, none opposed, and no abstentions.",0,6,1,regex_single_resolution
a6c7a7be-171b-4e6c-a0de-552e23faef22,1518b969-d71f-5e0d-9b44-22c617773f03,MCB10,https://cbmanhattan.cityofnewyork.us/cb10/wp-content/uploads/sites/11/downloads/pdf/full_board_resolutions/2012/Apr 2012/dream_act_bb_reso.pdf,,1,Resolution of Support for Borough Board Resolution on Dream Act,"THE CITY OF NEW YORK
OFFICE OF THE PRESIDENT
BOROUGH OF MANHATTAN
SCOTT M. STRINGER
BOROUGH PRESIDENT
MANHATTAN BOROUGH BOARD RESOLUTION
IN SUPPORT OF
PASSAGE OF THE NEW YORK STATE DREAM ACT AND DREAM FUND
WHEREAS, America is a nation of immigrants and New York City is sustained by our immigrant
past, present and future; and
WHEREAS, New York City is home to the largest population of immigrants of any city in the U.S.;
well over three million foreign-born residents comprise nearly 40 percent of New York City’s total
population; and immigrants compose over 40 percent of the city’s workforce and are essential to our
economic output and stability; and
WHEREAS, over 30 percent of Manhattan’s residents are foreign-born and a number of the
borough’s community districts are majority foreign-born; and
WHEREAS, the State of New York and the nation as a whole could benefit from passage of
DREAM legislation including the NYS DREAM Act (S.4179-b/A.6829-b) and NYS DREAM Fund
(A. 8689); and
WHEREAS, the federal DREAM Act Legislation has failed to pass; and
WHEREAS, the States of Texas, California, New Mexico and Illinois have voted to sign DREAM
legislation into law; and
WHEREAS, the State of New York must move to pass the NYS DREAM Act and NYS DREAM
Fund in order to enable our youth to maximize their potential and make valuable economic and social
impacts in our communities, strengthening our ability to compete and thrive in a global economy and
society
THEREFORE BE IT RESOLVED that the Manhattan Borough Board applauds Senator Perkins
and Assemblymember Linares for the introduction of the New York State DREAM Act; and
THEREFORE BE IT FURTHER RESOLVED that the Manhattan Borough Board applauds
Assemblymember Moya for his introduction of the New York State DREAM Fund; and
THEREFORE BE IT FURTHER RESOLVED that the Manhattan Borough Board offers full
support for the DREAM legislation introduced in the State Assembly and State Senate that will open
doors for higher education and civic engagement to all students in New York State regardless of their
immigration status; and
THEREFORE BE IT FURTHER RESOLVED that the Manhattan Borough Board urges passage
of the New York State DREAM legislation.
At a regularly scheduled General Board Meeting on April 4, 2012, Manhattan Community Board 10 voted to
support this resolution by a vote of 30 in favor, 2 opposed, and 1 abstention.
MUNICIPAL BUILDING  1 CENTRE STREET  NEW YORK, NY 10007
PHONE (212) 669-8300 FAX (212) 669-4305
www.mbpo.org bp@manhattanbp.org",0,7,4,regex_single_resolution
049ff959-0400-4378-bdc2-cce6067cde29,e7a0725e-0fd4-5eed-9529-6caca23baadc,MCB10,https://cbmanhattan.cityofnewyork.us/cb10/wp-content/uploads/sites/11/downloads/pdf/full_board_resolutions/2012/Feb 2012/resolution_on_dcp_zone_green_text_amendment.pdf,,1,Resolution on DCP Zone Green Text Amendment,"CITY OF NEW YORK
MANHATTAN COMMUNITY BOARD 10
215 West 125th Street, 4th Floor—New York, NY 10027
T: 212-749-3105 F: 212-662-4215
HENR IETTA LYLE
Chair
PAIMAAN LODHI
Distr ict Manager
Resolution on
ULURP Application No. N 120132 ZRY – Zone Green Text Amendment
by NYC Department of City Planning
Whereas, the Department of City Planning (“DCP”) is proposing a City-wide Zone Green Text
Amendment to remove zoning barriers to green building features in the City;
Whereas, the proposed text amendment would facilitate retrofitting of existing buildings and
construction of new buildings with features that help reduce energy consumption and carbon
emissions, generate clean and renewable energy, manage stormwater on site, reduce urban heat
island effect through vegetation on roofs, and otherwise promote a healthy and green city;
Whereas, the proposed text amendment would allow external insulation of existing buildings
within the property line while exempting it from floor area and yard calculations, and
encouraging new high-performance buildings by exempting thicker, more efficient walls from
floor area calculations;
Whereas, the proposed text amendment would permit sun control devices, which can help
reduce energy consumption for air conditioning through shading and also reduce energy
consumption for lighting by providing glare free natural light, which are sometimes prohibited
because of projection over required open areas;
Whereas, the proposed text amendment would allow solar panels, skylights, green roofs and
other rooftop features to project above a height limit, and allowing greater volume above the
maximum building height to accommodate modern bulkheads, with requirements for setback and
screening of equipment;
Whereas, the proposed text amendment would allow waivers of floor area and height limits for
rooftop greenhouses used for educational and agricultural purposes, by certification of the Chair
of the City Planning Commission, on buildings that do not contain residences or sleeping
accommodations;
Whereas, the proposed text amendment would allow small wind turbines of no taller than 55
feet on buildings taller than 100 feet and on waterfront blocks to rise above a maximum building
heights;
Whereas, Manhattan Community Board 10 generally supports DCP’s effort to modernize the
Zoning Resolution to remove impediments to the construction and retrofitting of greener
buildings, but has concerns with the more intensive uses described in the text amendment related
to rooftop greenhouses and wind turbines and therefore believes that the proposed text
amendment should be modified to meet the following conditions:
 The exclusion of wind turbines from this proposed text amendment due to concerns over
noise and contextual aesthetics.
 The height limits established in the 125th Street Rezoning be followed in regards to the
installation of green rooftop structures.
 A change in the approval process for the installation of significant green rooftop
structures (e.g. taller solar installations, rooftop greenhouses, and wind turbines) from the
proposed Certification by the Chair of the City Planning Commission to the City
Planning Commission Authorization process that provides Community Boards 45 days to
issue its recommendations.
Therefore, be it resolved that Manhattan Community Board 10 votes to approve ULURP No N
120132 ZRY subject to the satisfaction of the above stated conditions.
At a regularly General Board Meeting on February 1, 2012, Manhattan Community Board 10
voted 14 in favor, 13 opposed, and 2 abstentions on this resolution.",0,8,2,regex_single_resolution
b5960a7b-5118-483e-a911-45d45adee2d6,38e04f02-cd45-5ac7-a199-d3327e2afa8e,MCB10,https://cbmanhattan.cityofnewyork.us/cb10/wp-content/uploads/sites/11/downloads/pdf/full_board_resolutions/2012/Feb 2012/borough_board_resolution_on_sla_reform.pdf,,1,Borough Board Resolution on SLA Reform,"CITY OF NEW YORK
MANHATTAN COMMUNITY BOARD 10
215 West 125th Street, 4th Floor—New York, NY 10027
T: 212-749-3105 F: 212-662-4215
HENR IETTA LYLE
Chair
PAIMAAN LODHI
Distr ict Manager
February 1, 2012
Resolution:
SUPPORT FOR MANHATTAN BOROUGH BOARD RESOLUTION CALLING FOR
REFORMS TO IMPROVE PUBLIC AND POLICE ACCESS TO DETAILS OF SLA
LICENSES
WHEREAS, the New York State Liquor Authority (SLA) has the jurisdiction to issue on-
premise licenses according to the Alcoholic Beverage Control (ABC) Laws, and is responsible
for enforcing those laws; and
WHEREAS, Community Boards in Manhattan review and offer guidance to the SLA about the
potential impact of a license on public safety and quality of life in our neighborhoods; and
WHEREAS, all licenses include a Method of Operation which defines the specific terms for
how an establishment will be run and are legally enforceable; and
WHEREAS, Community Boards, as part of their review process, often negotiate stipulations
with applicants in order to clearly define what is and isn’t allowed including hours, the music
system (e.g. whether it is recorded, DJ or live), soundproofing requirements, security procedures,
use of outdoor space, how the entrances will be managed, and other considerations; and
WHEREAS, the existence and enforcement of such stipulations are generally viewed by the
local community as key factors in determining whether bar and restaurant establishments are
acting as good neighbors; and
WHEREAS, these stipulations form the basis for the Method of Operation and therefore dictate
the terms of the overall operating license; and
WHEREAS, representatives from the SLA have stated repeatedly that they depend on
Community Boards and members of the public to alert them to problem locations, so they can
address the issues and deploy their limited enforcement resources effectively; and
WHEREAS, currently, there is no easy way to find out the specific rules for any establishment
because this information is only available to the public if they file a request under the Freedom
of Information Act, which makes it onerous and time-consuming for members of the general
public to know whether a bar or restaurant is in compliance with the terms of their operating
license; and
WHEREAS, as a courtesy, the SLA honors Community Board requests for information but it is
a burdensome and slow process; and
WHEREAS, even the local police precincts do not have real-time access to this information
which makes it difficult, if not impossible, for an officer to enforce the terms of an operating
license when responding to a complaint; and
WHEREAS, every SLA license is legally available to any citizen who makes a request and
should be readily accessible online.
THEREFORE, BE IT RESOLVED, that the Manhattan Borough Board urges the SLA to
reform its public information system to make the Method of Operation for every license
available online; and
BE IT FURTHER RESOLVED, that the Manhattan Borough Board urges the SLA to require
operators of nightlife establishments to post the Method of Operations in a publicly accessible
location on premises or make it readily available upon request; and
BE IT FURTHER RESOLVED that the Manhattan Borough Board urges New York State
elected officials to take the necessary steps to support this important reform.
At a regularly General Board Meeting on February 1, 2012, Manhattan Community Board 10
voted to support this resolution by a vote of 25 in favor, 4 opposed, and no abstentions.",0,11,2,regex_single_resolution
d80e5c4b-8d94-4cc6-9b02-0b3bf12dcf1c,2df4649e-5704-5c05-a87b-2a43f18ad32c,MCB10,https://cbmanhattan.cityofnewyork.us/cb10/wp-content/uploads/sites/11/downloads/pdf/full_board_resolutions/2012/Jan 2012/bb_reso_on_stop_and_frisk.pdf,,1,Resolution of Support for NYPD’s Stop and Frisk Program,"CITY OF NEW YORK
MANHATTAN COMMUNITY BOARD 10
215 West 125th Street, 4th Floor—New York, NY 10027
T: 212-749-3105 F: 212-662-4215
HENR IETTA LYLE
Chair
PAIMAAN LODHI
Distr ict Manager
January 4, 2012
Resolution:
SUPPORT FOR MANHATTAN BOROUGH BOARD RESOLUTION
REGARDING NYPD’S STOP AND FRISK PROGRAM
WHEREAS, the New York City Police Department is on pace to execute 700,000 stops in 2011,
more than double the number of stops that occurred in 2003; and
WHEREAS, 85% of those stopped last year were Black and Latino; and
WHEREAS, only 7% of stops result in arrest, a figure consistent across racial groups; and
WHEREAS, no gun is found in 99.8% of stops; and
WHEREAS, many of these stops are not based on reasonable suspicion that a crime has or is
taking place, but instead rely on dubious grounds such as “furtive movement”, which was
recently banned as a basis for stops in Philadelphia; and
WHEREAS, one out of seven arrests in New York City are for low-level marijuana possession,
costing the City $75 million a year in police and court costs; and
WHEREAS, many youth are charged with these low-level offenses, which do not carry jail
time, but can compromise their chances at securing financial aid, accessing public housing,
obtaining gainful employment, and enlisting in the military; and
WHEREAS, in 2000, the United States Civil Rights Commission concluded that the NYPD stop
and frisk program amounted to racial profiling; and
WHEREAS, the United States District Court for the Southern District of New York found, in
August 2011, that serious questions remain about racial disparities in current stop and frisk
practices; about the constitutionality of thousands of stops that do not result in arrest; and about
the role quotas may play in driving the four-fold increase in stops over the last decade; and
WHEREAS, the current stop and frisk practice is creating a deep layer of distrust between
police and the city’s Black and Latino neighborhoods that makes solving crime harder, not
easier;
THEREFORE BE IT RESOLVED that that the NYPD must take steps to reform stop and frisk
immediately—by increasing the accountability for precinct commanders through CompStat;
providing new training at the Policy Academy to make stops more constitutional and less
confrontational; and by exploring proven alternatives to stop and frisk, like the “call-in”
approach pioneered by John Jay Professor David Kennedy, which has reduced violent crime by
up to 60% in cities such as Boston, Chicago, and Los Angeles; and
BE IT FURTHER RESOLVED that the United States Department of Justice should launch an
investigation into how stop and frisk is used in New York to determine whether racial profiling
remains a problem and, if so, whether the Department of Justice should appoint a special
monitor; and
BE IT FURTHER RESOLVED that legislation pending before the State Legislature should be
passed making possessing small amounts of marijuana in “public view” a violation, rather than a
misdemeanor.
At a regularly General Board Meeting on January 4, 2012, Manhattan Community Board 10
voted to support this resolution by a vote of 28 in favor, 5 opposed, and no abstentions.",0,10,1,regex_single_resolution
4fdd3317-52ca-4710-844d-ff3ca256e57e,b3685422-5f46-5fec-8b05-676850547145,MCB10,https://cbmanhattan.cityofnewyork.us/cb10/wp-content/uploads/sites/11/downloads/pdf/full_board_resolutions/2011/Nov 2011/bb_resolution_on_speed_cameras.pdf,,1,Resolution of Support for Automated Speed Enforcement Cameras,"CITY OF NEW YORK
MANHATTAN COMMUNITY BOARD 10
215 West 125th Street, 4th Floor—New York, NY 10027
T: 212-749-3105 F: 212-662-4215
HENR IETTA LYLE
Chair
PAIMAAN LODHI
Distr ict Manager
November 2, 2011
Resolution:
SUPPORT FOR MANHATTAN BOROUGH RESOLUTION IN SUPPORT OF
AUTOMATED SPEED ENFORCEMENT CAMERAS
WHEREAS, the Manhattan Borough Board is deeply concerned about speed-related roadway deaths and
injuries which resulted in the death of 63 people and the injury of 2,150 people in 2009; and
WHEREAS, pedestrians and cyclists are at a heightened risk of injury in speed-related crashes: if a
pedestrian is hit by a car at 40 mph there is an 70% chance the pedestrian will be killed, but if a driver
strikes a pedestrian at 30 mph there is an 80% chance the pedestrian will survive; and
WHEREAS, speeding is the number one cause of deadly crashes in New York City, claiming more lives
than drunken driving and distracted driving combined; and
WHEREAS, in 2009, 170 cyclists and pedestrians were killed on New York City’s roads; and
WHEREAS, law enforcement agencies, with increasing responsibility and without commensurate
increases in staffing levels, are considering technologies to improve their efficiency; and
WHEREAS, “automated speed enforcement cameras,” when used in conjunction with traditional means
of traffic enforcement and public education complement law enforcement’s traffic safety efforts and
enforcement programs; and
WHEREAS, automated speed enforcement cameras have been shown to reduce all crashes by
14-72% and injuries and fatalities by 40-45%; and
WHEREAS, the New York State Senate and Assembly will introduce legislation, which would authorize
the City of New York to use camera technology to enforce existing speed limits and support the efforts of
the NYPD;
NOW, THEREFORE, BE IT RESOLVED that the Manhattan Borough Board supports the use of
“automated speed enforcement cameras” and calls on the respective houses to pass this legislation and for
the Governor to sign it; and
BE IT FURTHER RESOLVED that the Manhattan Borough Board urges the New York City
Council and the Mayor to fully support this legislation
At a regularly General Board Meeting on November 2, 2011, Manhattan Community Board 10 voted to
support this resolution by a vote of 24 in favor, 15 opposed, and no abstentions.",0,8,1,regex_single_resolution
5f5d6820-ba4d-4eeb-8ca9-a25e066f3c18,b00f91a0-e2c6-5267-b115-52c7199b12aa,MCB10,https://cbmanhattan.cityofnewyork.us/cb10/wp-content/uploads/sites/11/downloads/pdf/full_board_resolutions/2011/Nov 2011/central_park_playground_resolution.pdf,,1,Resolution of Support for the Reconstruction of E. 110th Street Playground,"CITY OF NEW YORK
MANHATTAN COMMUNITY BOARD 10
215 West 125th Street, 4th Floor—New York, NY 10027
T: 212-749-3105 F: 212-662-4215
HENR IETTA LYLE
Chair
PAIMAAN LODHI
Distr ict Manager
November 2, 2011
Resolution:
SUPPORT FOR THE RECONSTRUCTION OF THE NORTH HARLEM MEER
LANDSCAPE, SHORELINE AND PLAYGROUND AT CENTRAL PARK
Whereas, the Central Park Conservancy presented a proposal to reconstruct the landscape, shoreline,
and playground of the North Harlem Meer in the area adjacent to 110th Street and Lenox
Ave/Malcolm X Boulevard to Community Board 10’s Parks, Recreation, and Transportation
Committee; and,
Whereas, this reconstruction effort is a continuation of the Conservancy’s earlier work around the
Harlem Meer to increase opportunities for interaction with the landscape, and reflects the goals of
Central Park’s playground planning document, entitled Plan for Play, which aims to bring all of
Central Park’s playgrounds up to the same level at the same time; and,
Whereas, the East 110th Street Playground was originally built in 1981 and its condition is
deteriorating and does not meet current safety and accessibility standards; and,
Whereas, the proposed project goals include: restoring and enhancing the character of the landscape on
the north side of the Meer, providing traditional play equipment and features that blend harmoniously
with the existing landscape, and providing opportunities for landscape play within a dedicated and
contained space that offers children more latitude to explore freely and fosters their relationship to the
Park; and,
Whereas, the proposed scope of work includes: reconstructing the landscape surrounding the
playground and realigning park paths, lawns, and the shoreline; providing play equipment and features
for active play; creating a transitional zone for landscape play around and between the structured play
spaces, using plantings, natural materials, and informal gathering spaces; containing the playground
with a fence that minimizes the visual impact on the Park; and constructing new drainage and irrigation
infrastructure and connections to water service to support a significant water feature in the playground;
and,
Therefore be it Resolved, that Manhattan Community Board 10 recommends approval of the
proposed plan for the reconstruction of the North Harlem Meer Landscape, Shoreline and Playground.
At a regularly General Board Meeting on November 2, 2011, the Board unanimously voted to support
this resolution by a vote of 39 in favor, 0 opposed, and no abstentions.",0,5,1,regex_single_resolution
51a8be95-8cde-42f5-8118-aac1848a1ed7,2b2b9a6e-26ab-5d2b-8997-46031df43f67,MCB10,https://cbmanhattan.cityofnewyork.us/cb10/wp-content/uploads/sites/11/downloads/pdf/full_board_resolutions/2011/Nov 2011/resolution_on_555_lenox_community_options.pdf,,1,Resolution to Disapprove Site Selection of Lenox Ave by Community Options,"CITY OF NEW YORK
MANHATTAN COMMUNITY BOARD 10
215 West 125th Street, 4th Floor—New York, NY 10027
T: 212-749-3105 F: 212-662-4215
HENR IETTA LYLE
Chair
PAIMAAN LODHI
Distr ict Manager
November 2, 2011
Resolution on
Site Selection of 555 Lenox Avenue
by Community Options of New York
Whereas, Community Options of New York has submitted an application seeking Community
Board 10's support for its acquisition of two condominium units in the building located at 555
Lenox Avenue for the purpose of housing seven (7) developmentally challenged men (the
""Application"");
Whereas, Community Board 10 passed a ""Resolution Calling for a Moratorium on
New/Additional or Expansion of Existing City, State, Federal, or Private Special Interest
Facilities"" in Harlem on April 28, 2008, opposing the creation of additional special interest
facilities in the District as a result of over-saturation and in conformance with the principles
espoused pursuant to the ""Fair Share Doctrine"";
Whereas, Community Board 10 believes the problem of over-saturation persists and objects to
the Application on the grounds that the proposed site is already saturated;
Therefore, be it resolved that Manhattan Community Board 10 votes to disapprove the
Application by a vote of 33 in favor, 2 opposed, with 3 abstentions.",0,3,1,regex_single_resolution
158a882d-f008-4cbb-8384-970a6c2aefd2,0283e54e-1870-55f2-8cbc-fb9900f5cef6,MCB10,https://cbmanhattan.cityofnewyork.us/cb10/wp-content/uploads/sites/11/downloads/pdf/full_board_resolutions/2011/Oct 2011/newsrack_enforcement_resolution.pdf,,1,Resolution of Support of Manhattan Borough Board’s Resolution on News rack enforcement,"CITY OF NEW YORK
MANHATTAN COMMUNITY BOARD 10
215 West 125th Street, 4th Floor—New York, NY 10027
T: 212-749-3105 F: 212-662-4215
HENR IETTA LYLE
Chair
PAIMAAN LODHI
Distr ict Manager
MANHATTAN BOROUGH BOARD RESOLUTION
REGARDING NEWSRACK ENFORCEMENT
WHEREAS, the proliferation of newsracks has created cluttered, dangerous, and
unsightly conditions on the streets of New York City; and
WHEREAS, the owners of the various publications distributed by the newsracks have
largely failed to maintain their newsracks according to applicable regulations; and
WHEREAS, the Department of Transportation has not effectively enforced newsrack
regulations because of deficiencies in the current law and lack of personnel; and
WHEREAS, use of 3-1-1 system for complaints about unlawfully placed or improperly
maintained newsracks has not produced meaningful results; and
WHEREAS, other cities have enacted legislation limiting the number of newsracks on
each corner, mandating size, appearance, maintenance, and other requirements and have
imposed fair licensing fees to fund enforcement activities;
THEREFORE BE IT RESOLVED that the Manhattan Borough Board requests that:
The City Council study newsrack legislation in other municipalities and enact a
newsrack law, which will curb the current abuses and unsafe conditions of our
sidewalks.
The Department of Transportation provide sufficient administrative and personnel
resources to satisfactorily enforce the newsrack regulations.
The Office of the Mayor take necessary action to encourage and enable the
Department of Transportation to more promptly and effectively respond to 3-1-1
newsrack complaints.
At its regularly scheduled General Board Meeting on October 5, 2011, Manhattan
Community Board 10 voted to unanimously approve this resolution by a vote of
33 in favor, none opposed, and no abstentions.",0,5,1,regex_single_resolution
0adfc356-719a-414a-b9d3-d57e09197bf1,09012d1d-5e5c-52e9-9e7a-52534cea86ff,MCB10,https://cbmanhattan.cityofnewyork.us/cb10/wp-content/uploads/sites/11/downloads/pdf/full_board_resolutions/2011/Oct 2011/resolution_on_lpc_timeline.pdf,,1,Resolution of Support of Manhattan Borough Board’s Resolution on a new LPC Timeline,"CITY OF NEW YORK
MANHATTAN COMMUNITY BOARD 10
215 West 125th Street, 4th Floor—New York, NY 10027
T: 212-749-3105 F: 212-662-4215
HENR IETTA LYLE
Chair
PAIMAAN LODHI
Distr ict Manager
MANHATTAN BOROUGH BOARD RESOLUTION
REGARDING COMMUNITY BOARD REVIEW OF LANDMARKS APPLICATIONS
WHEREAS Community Boards, as the most local form of City government, are uniquely
suited to offer input and expertise on individual landmarks applications and provide advisory
opinions to the Landmarks Preservation Commission (LPC); and
WHEREAS, unlike other land use review processes that abide by a distinct timeline or
schedule, LPC does not follow a uniform or defined timeline for the review of landmarks
applications; and
WHEREAS, although LPC refers landmarks proposals to Community Boards for input,
Community Boards are not afforded a consistent and defined period of time to provide
meaningful review and evaluation for these applications; and
WHEREAS, this arrangement has led to circumstances when Community Board
landmarks committees were unable to review a landmarks application prior to a LPC vote;
Community Board full boards have been unable to review and vote on an application prior to a
LPC vote; and Community Board full boards have overturned votes from their landmarks
committees, thereby changing the position of the Board;
THEREFORE, BE IT RESOLVED that the Manhattan Borough Board urges LPC to
adopt a formal and defined timeline that allows Community Boards to provide meaningful input
on all landmarks applications; and
THEREFORE, BE IT FURTHER RESOLVED that the Manhattan Borough Board
recommends that LPC provide Community Boards a minimum of 45 days of review between the
time when a given landmarks application is calendared to when the Commission takes the
official vote on the application.
At its regularly scheduled General Board Meeting on October 5, 2011, Manhattan Community
Board 10 voted to unanimously approve this resolution by a vote of 33 in favor, none opposed,
and no abstentions.",0,4,2,regex_single_resolution
3c796ba2-926c-433b-ba2d-8df5c5182af8,ea7ff4b5-ec64-5c44-b966-aaf8e1efd893,MCB10,https://cbmanhattan.cityofnewyork.us/cb10/wp-content/uploads/sites/11/downloads/pdf/full_board_resolutions/2011/Jun 2011/resolution_c_110243_zmm 116-117st Rezoning.pdf,,1,Resolution on West 116th/117th Streets Rezoning,"CITY OF NEW YORK
MANHATTAN COMMUNITY BOARD 10
215 West 125th Street, 4th Floor—New York, NY 10027
T: 212-749-3105 F: 212-662-4215
W. FR ANC PERRY
C hairman
PAIM AAN LODHI
Distr ict Manager
June 17, 2011
Resolution on
ULURP Application No. C 110243 ZMM- West 116th/117th Streets Rezoning
by West 116 Residential LLC
Whereas, the West 116 Residential LLC has submitted an application (C 110243 ZMM) pursuant to
Section 197-c and 201 of the New York City Charter for an amendment of the Zoning Map, Section
6b involving: eliminating from within an existing R7-2 District a C1-4 District bounded by West
117th Street, Fifth Avenue, West 116th Street, a line 450 feet easterly of Lenox Avenue—Malcolm
X Boulevard, a line midway between West 116th Street and West 117th Street, and a line 100 feet
westerly of Fifth Avenue; and changing from an R7-2 District to a C4-5X District property bounded
by West 117th Street, Fifth Avenue, West 116th Street, and a line 450 feet easterly of Lenox
Avenue—Malcolm X Boulevard;
Whereas, the proposed rezoning would affect Block 1600, Lots: 20, 21, 26, 27 and 30, but that an
increase in bulk or change of use is likely only to occur on Lots 20 and 21, as Lots 26, 27 and 30
consist of two newly constructed or renovated residential buildings and a church;
Whereas, the proposed C4-5X zoning district provides contextual controls, such as height limits, in
an area where the existing zoning of R7-2 is currently governed by height factor zoning;
Whereas, the proposed C4-5X zoning district is an extension of an existing zoning designation on
Block 1600 and matches the zoning of the block located immediately to the south;
Whereas, the proposed C4-5X zoning district would provide greater commercial flexibility along an
already active commercial strip by allowing: more types of commercial uses, retail to exist deeper
into the center of the block and the ability to add commercial space on the second floor;
Whereas, the proposed C4-5X zoning district would increase the amount of affordable housing
permitted on the site by increasing the residential FAR from 3.44 (4.0 with Quality Housing on a
wide street) to 5.0 FAR;
Whereas, the proposed rezoning will facilitate the development, on Lots 20 and 21, of a 12-story,
market rate residential building with 95 residential units and 20,000 sq ft of retail space on West
116th Street, and a 9-story, 100-unit affordable housing building on West 117th Street, with 9,000 sq
ft of community facility space and a 100-space sub-grade accessory parking garage with curb cuts on
117th Street;
Whereas, the proposed development will replace mostly underutilized land that includes a privately-
owned basketball court, vacant land and a 32-space parking lot;
Whereas, the proposed development will relocate the basketball court to the exterior common area
adjacent to the senior citizen activity room at 1428 5th Avenue;
Whereas, Manhattan Community Board 10 understands that the developer intends to develop
approximately 1,500-2,000 sq ft of the 9,000 sq ft community facility space as a senior center for the
community;
Whereas, Manhattan Community Board 10 understands that the developer intends to attain LEED
certified status for the proposed development;
Whereas, Manhattan Community Board 10 believes that the proposed rezoning and related
development proposal are consistent with surrounding land uses and constitutes sound zoning;
Whereas, Manhattan Community Board 10 believes the proposed development represents a superior
use of land compared to existing conditions by not only eliminating blight but by providing a
substantial amount of affordable housing and new commercial space along the 116th Street corridor;
Whereas, Manhattan Community Board 10 believes that the development of affordable housing is a
highly appropriate use of City funds and that the income targeted ranges associated with the proposed
development are within the range of many lower-income Harlem households;
Whereas, the development of 100 units of affordable housing fulfills a portion of the affordable
housing commitment agreed upon in the 125th Street Rezoning Points of Agreement;
Whereas, Manhattan Community Board 10 requests that the developer hold regularly scheduled
meetings with the tenants of 1428 5th Avenue, by retaining a third party liaison, to facilitate
community dialogue; update the tenants on the status of the proposed development; and to address
any concerns the tenants have with the conditions in their building;
Whereas, Manhattan Community Board 10 requests that the developer adhere to all NYC
regulations regarding the provision of parking spaces for tenants of 1428 5th Avenue;
Whereas, Manhattan Community Board 10 requests that the developer first notify all stake holders
on 116th and 117th Street of the proposed development and construction timeline;
Whereas, Manhattan Community Board 10 requests that the developer holds quarterly meetings with
the stake holders to provide updates on the status of the development for the duration of the project,
as well as provide updates to Community Board 10;
Whereas, Manhattan Community Board 10 requests that the developer must ensure that the pre-
construction survey identifies and addresses all conditions that may impact the integrity of all
surrounding properties;
Therefore, be it resolved that Manhattan Community Board 10 votes to approve ULURP No. C
110243 ZMM.
At a special Land Use Committee Meeting on June 16, 2011, Manhattan Community Board 10
voted to adopt this resolution by a vote of 11 in favor, 2 opposed and no abstentions.",0,20,1,regex_single_resolution
96184729-3d05-4b34-84b8-98ea1f72b6ac,3fce22ac-2006-5c3f-b38f-91f9f0e28229,MCB10,https://cbmanhattan.cityofnewyork.us/cb10/wp-content/uploads/sites/11/downloads/pdf/full_board_resolutions/2011/Jun 2011/resolution_opp_doe_layoffs.pdf,,1,Resolution on Community Board 10’s Opposition to DOE’s Proposed Layoffs,"CITY OF NEW YORK
MANHATTAN COMMUNITY BOARD 10
215 West 125th Street, 4th Floor—New York, NY 10027
T: 212-749-3105 F: 212-662-4215
W. FR ANC PERRY
C hairman
PAIM AAN LODHI
Distr ict Manager
June 1, 2011
Resolution:
COMMUNITY BOARD TEN’S OPPOSITION TO THE NYC DEPARTMENT OF
EDUCATION’S PROPOSED LAYOFFS OF 4,400 NYC PUBLIC SCHOOL TEACHERS
Whereas, the current resources provided to District 3 and 5 public schools within Community
Board 10 would be significantly negatively affected by the proposed layoffs;
Whereas, given the high number of persistently low-performing public schools within
Community Board 10, the effect of the proposed budget cuts and layoffs would further
exacerbate educational failure for students in this community; and
Therefore be It Resolved, Community Board 10 strongly and emphatically opposes any and all
budget cuts to the Department of Education which result in the loss of teachers specifically to
schools in Community Board 10, and within the City of New York in general.
At a regularly scheduled General Board Meeting on Wednesday June 1, 2011, Manhattan Community
Board 10 voted to approve this resolution with a vote of 38 Yes, 1 No, 0 Abstentions.",0,2,1,regex_single_resolution
439633ba-def3-4475-8bb0-90c97bacb50b,0733f142-d20e-52e2-9a17-3acb225035a3,MCB10,https://cbmanhattan.cityofnewyork.us/cb10/wp-content/uploads/sites/11/downloads/pdf/full_board_resolutions/2011/Mar 2011/resolution_on_transit_riders_bill_of_rights.pdf,,1,Resolution on the Transit Rider’s Bill of Rights,"CITY OF NEW YORK
MANHATTAN COMMUNITY BOARD 10
215 West 125th Street, 4th Floor—New York, NY 10027
T: 212-749-3105 F: 212-662-4215
W. FR ANC PERRY
C hairman
PAIM AAN LODHI
Distr ict Manager
March 2, 2011
Resolution on Transit Rider Bill of Rights
Whereas, the vast majority of New Yorkers have built their lives around the city’s transit system;
Whereas, with every bus and subway cut and every canceled line, the everyday experience of millions of
New Yorkers changes for the worse; and
Whereas, with the decision of Albany lawmakers to cut $143 million from the MTA, riders have faced
the loss of 2 subway lines, 38 bus routes, cuts to service Citywide and another fare hike in 2011.
Therefore be it resolved that Manhattan Community Board 10 believes that New York City’s Transit
Riding Public has the right to:
• Reliable travel throughout the five boroughs in an affordable and efficient manner by bus or by
train.
• Fare hikes that are only enacted as a last resort when all other funding options have been
exhausted, as well as stable funding for the MTA from the State and City, in good times and bad,
that does not increase the current proportion of the budget borne by riders.
• Accurate real-time information and clear announcements about when trains and buses will arrive
before swiping a Metro Card, or upon arrival at a bus stop.
• Well-lit and safe subway and bus facilities with MTA employees on hand to provide information
and respond in case of emergency
• Clean, regularly maintained MTA facilities including subway stations, subway cars, buses and bus
stops.
• A more accessible transit system, with level boarding for buses and working elevators and
escalators within all subway stations.
• Helpful, courteous service from station agents, bus drivers and other MTA employees to be
matched by respect and courtesy from the riding public.
• The official prioritization of operating, maintaining and improving the existing train and bus
network.
• Transparent and easily-used lines of communication between riders/MTA with mechanisms in
place to address rider concerns and complaints.
• A minimum of one transit worker and one transit rider as voting members of the MTA Board of
Directors
_______________________
Manhattan Community Board 10 votes to approve this resolution with a General Board vote of 31
in favor, 0 opposed and 0 abstentions.",0,3,1,regex_single_resolution
d627c808-b638-4f09-a0b0-ff7504428ae8,33ef867f-0cb9-5eda-932f-52ecc10d422b,MCB10,https://cbmanhattan.cityofnewyork.us/cb10/wp-content/uploads/sites/11/downloads/pdf/full_board_resolutions/2011/Jan 2011/129th_st_resolution.pdf,,1,Resolution on West 129th Street City Map Change,"CITY OF NEW YORK
MANHATTAN COMMUNITY BOARD 10
215 West 125th Street, 4th Floor—New York, NY 10027
T: 212-749-3105 F: 212-662-4215
W. FR ANC PERRY
C hairman
PAIM AAN LODHI
Distr ict Manager
January 6, 2011
Resolution on
ULURP Application No. C 110068 MMM- West 129th Street City Map Change
by the New York City Housing Authority
Whereas, the New York City Housing Authority (“NYCHA”) has submitted an application (C
110068 MMM) pursuant to Section 197-c and 199 of the New York City Charter, and Section 5-
430, et seq. of the New York City Administrative Code, for an amendment to the City Map
involving the elimination, discontinuance and closing of a cul-de-sac on West 129th Street west
of Adam Clayton Powell Jr. Boulevard; the establishment of West 129th Street westerly to
Fredrick Douglass Boulevard; and the modification of grades necessitated thereby;
Whereas, the application also includes the authorization for any acquisition or disposition of real
property thereto, in Manhattan Community District 10, in accordance with Map No. 30226,
dated November 8, 2010, and signed by the Borough President;
Whereas, NYCHA proposes to dispose of an approximately 30,000 square foot parcel of land
within the St. Nicholas Houses property to the City, under the jurisdiction of the New York City
Department of Transportation (“DOT”), for the operation of the proposed West 129th Street
extension;
Whereas, the City proposes to dispose of an approximately 2,077 square foot parcel of land in
the demapped portion of the cul-de-sac located outside the new street alignment, with 487 square
feet of the demapped portion transferred to the New York City Department of Education
(“DOE”), and the remaining 1,590 square feet disposed to NYCHA as part of the St. Nicholas
Houses property;
Whereas, NYCHA proposes to dispose of an approximately 30,000 square foot parcel of land
within the St. Nicholas Houses property to the Harlem Children’s Zone (“HCZ”) for the
development of a LEED certified, 132,000 square foot, 1,300 seat charter school for grades K-
12, constructed by HCZ in collaboration with Civic Builders, Inc;
Whereas, as studied in the Environmental Assessment Statement, NYCHA also proposes to
dispose of an approximately 13,500 square foot parcel of land within the St. Nicholas Houses
property to a private developer, through an RFP process, for the development of a 13-story,
175,500 square foot residential building with approximately 200 units of affordable housing with
49 accessory parking spaces below grade;
Whereas, the Environmental Assessment Statement also anticipates a loss of 100 trees (70
mature), 2 playgrounds and approximately 71,423 square feet of active and passive open space as
a result of the overall proposed development plan;
Whereas, the St. Nicholas Houses property is zoned R7-2, which is a medium density residential
district that permits a maximum of 6.5 FAR for community facility uses and a maximum of 3.44
FAR for residential uses;
Whereas, the proposed HCZ school building would not comply with all of the zoning
regulations in the R7-2 District with respect to height and setback, and minimum distance
between buildings;
Whereas, NYCHA requested and was granted a zoning override, from the Office of the Deputy
Mayor for Education and Community Development, to allow the project to be developed in non-
compliance with zoning requirements for height and setback, and minimum distance between
buildings;
Whereas, Manhattan Community Board 10 supports the mission of the HCZ to educate children
and improve the lives of families in the District and further supports the development of a new
school and affordable housing in the community, but is sensitive to how the overall development
will impact the quality of life for the approximately 3,389 St. Nicholas House residents;
Whereas, Manhattan Community Board 10 understands that the HCZ gymnasium will be made
available to members of the public and will offset the loss of recreational open space as a result
of the proposed development plan;
Whereas, Manhattan Community Board 10 understands that the HCZ school will offer first open
preference to the children of the St. Nicholas Houses;
Whereas, Manhattan Community Board 10 understands that the DOT has designed sufficient
safety measures (i.e., speed bumps and neck downs) to ensure the proposed West 129th Street
extension will be safe for residents and school children, and recognizes the importance of
reintegrating 129th Street into the City’s traffic system permitting it to be operated by the DOT,
rather than being a private street operated by the HCZ;
Whereas, Manhattan Community Board 10 understands that its vote has been limited to the
proposed action related to this ULURP; specifically, the mapping action of the West 129th Street
extension;
Whereas, Manhattan Community Board 10 understands that it has been denied the opportunity
to consider and vote on pertinent matters impacting upon this District and our community,
including, but not limited to: the disposition of NYCHA property, the development of the HCZ
school building, the development of the 13-story affordable housing building, and any zoning
variances related thereto; and
Whereas, Manhattan Community Board 10 believes that this ULURP application highlights
several problems with the regulations promulgated by the U.S. Department of Housing and
Urban Development (“HUD”) pursuant to Section 18 of the Housing Act of 1937 (“Section 18”)
governing the disposition and development of NYCHA property.
Therefore, be it resolved that Manhattan Community Board 10 requests:
• The Office of the Mayor forbear from issuing zoning overrides which disenfranchise
Community Boards responsible for land use issues pursuant to the City Charter and
undermine community engagement;
• State and City elected officials pass legislation requiring NYCHA, a State of New York
public benefit corporation operating in the City of New York, to seek and obtain
Community Board approval for the disposition and development of NYCHA property;
• In the absence of such legislation, NYCHA commit to a more thorough community
engagement process, beyond the Section 18 approval process mandated by HUD ,
including, but not limited to, seeking and obtaining Community Board approval for the
disposition and development of NYCHA property;
• NYCHA commit to the construction of LEED certified green buildings whenever it
disposes of or develops its property to, inter alia, offset the loss of trees and open space;
and
• The NYC Department of Housing Preservation and Development, and all State and City
agencies and entities, commit to obtaining Community Board approval for the disposition
and development of NYCHA property.
Therefore, be it further resolved that Manhattan Community Board 10 votes to disapprove
ULURP No. C 110068 MMM with a General Board vote of 31 in favor, 1 opposed and 2
abstentions.",0,17,2,regex_single_resolution
65290fac-f002-4d72-9534-18de012c805b,fd370c8c-f196-514e-a6a5-6781a15ff292,MCB10,https://cbmanhattan.cityofnewyork.us/cb10/wp-content/uploads/sites/11/downloads/pdf/full_board_resolutions/2010/Sept%202010/ennis_francis_resolution.pdf,,1,Resolution on ULURP Application No: M 840090(A) ZSM – Ennis Francis Houses Phase 2 by Abyssinian Development Corporation,"CITY OF NEW YORK
MANHATTAN COMMUNITY BOARD 10
215 West 125th Street, 4th Floor—New York, NY 10027
T: 212-749-3105 F: 212-662-4215
W. FR ANC PERRY
C hairman
PAIM AAN LODHI
Distr ict Manager
September 1, 2010
Resolution on
ULURP Application No. M 840090(A) ZSM- Ennis Francis Houses Phase 2
by Abyssinian Development Corporation
Whereas, the Abyssinian Development Corporation (""ADC"") has requested modifications to the
1983 Large Scale Development Plan (""LSDP"") governing the property (Block 1929, Lot 57) on
which the Ennis Francs Houses are located (ULURP No. M840090(A) ZSM);
Whereas, ADC requests four modifications to the LSDP: (1) a new 8-story, 60-unit affordable
housing development and corresponding increase in residential floor area from 211,800 sf to
285,592 sf; (2) the relocation of 28 existing on-grade parking spaces to the cellar of the new
building; (3) the change of use of approximately 3,200 sf of floor area on the ground floor of the
existing building 11-story building fronting on Adam Clayton Powell Jr. Boulevard, from
accessory residential use (type of space) to retail use; and (4) the change of use of approximately
570 sf of floor area on the 4th floor from accessory residential use (sky lobby) to a new dwelling
unit;
Whereas, the Land Use Committee recognizes that the proposed Phase 2 building will provide
60 units of affordable housing, resulting in a net loss of 11 affordable housing units;
Whereas, ADC has given the Community Board every assurance that the loss of 12 affordable
housing units will be rectified with approximately 200 units of affordable housing as part of
Phase 3;
Whereas the Committee supports the goal of ADC to provide affordable housing, but is
sensitive to Community concerns regarding safety and security at Ennis Francis Houses and to
the approach to planning for a majority of Block 1929 that result in the division of the project
between Phase 2 and Phase 3;
Whereas, ADC must address the following conditions on or before the September 1st
Community Board Meeting;
Whereas, these conditions include:
• The provision of adequate lighting in front of the Ennis Francis Houses on Adam
Clayton Powell Jr. Boulevard;
• The provision of a written action plan for the removal of the plywood barricade and
the creation of a permanent, fixed wall matching the contextual character of the block
along West 123rd Street where the ""temporary entrance"" to the Ennis Francis Houses
once existed, within 30 days. Additionally the repair of any and all broken windows
on the property and a written commitment to repair all broken windows or other
property damage within one-week of its occurrence;
• The provision of a written action plan to address the removal of garbage and
recycling on West 123 and 124th Streets and the disposal of garbage and recycling
upon completion of Phases 2 and 3. This plan should identify a permanent area for
disposal within the confines of the property that does not impact or interfere with the
already burdensome issue of collection and the proliferation of rodents on these two
blocks;
• The provision of a complete plan for phase 3 with periodic update to milestones such
as financing, architecture drawings, and EIS Study as an example.
• The development and implementation of a comprehensive action plan to improve the
security and safety of Ennis Frances Houses and its impact of the surrounding block.
• The provision of a written action plan to address the issue of vacancy as it relates to
safety and security on west 124th Street should phase 3 not commence immediately
following phase 2
• The provision of a written action plan detailing procedures to remedy the impact of
construction on pedestrian and vehicular traffic along West 123rd and West 124th
Streets.
• The replacement and/or repair of the lights in the parking lot on West 123rd Street so
that they are not directed into the adjacent homes.
Therefore, be it resolved that the Land Use Committee votes to support the four proposed
modifications to the LSDP subject to the satisfaction of the above stated conditions.1
At a regular scheduled Community Board 10 General Board Meeting on September 1, 2010, the
Board voted to approve with conditions ULURP No: M840090(A) ZSM with a vote of 24 in favor, 3
opposed and 6 abstentions.
At a special Land Use Committee meeting on August 18, 2010, the Committee voted to approve with conditions
the application, with a vote of 19 in favor, 3 opposed, and 1 abstention.",0,7,1,regex_single_resolution
