resolution_id,meeting_id,board_id,source_url,meeting_date,position_in_meeting,title,resolution_text_full,title_count,whereas_count,therefore_count,parser_name
86e9af41-5b4d-422d-a4ef-67984027973a,0dac1047-5303-5e9c-b687-e9c037fba542,MCB5,https://cb5.org/wp-content/uploads/2022/07/2022-06-08-HH-SupportingIntro0258-2022whichwouldrequirethecitytoestablishaplantoinstallatleastonepublicrestroomineveryzipcodeinNYC2-1.pdf,2022-06-08,1,K YLE ATHAYDE JESÚS PÉREZ,"K YLE ATHAYDE JESÚS PÉREZ
C HAIR DISTRICT MANAGER
M ARK THOMPSON, FIRST VICE CHAIR VACANT, TREASURER
S ANDRO SHERROD, SECOND VICE CHAIR MATT BONDY, SECRETARY
THE CITY OF NEW YORK
MANHATTAN COMM UNITY BOARD SIX
211 EAST 43RD ST REET, SUITE 1404
NEW YORK, NY 10017
VIA E-MAIL
June 10, 2022
Adrienne E. Adams
Speaker
New York City Council
City Hall
New York, NY 10007
Selvena N. Brooks-Powers
Chair
NYC Council Committee on Transportation and Infrastructure
250 Broadway, Suite 1865
New York, NY 10007
Supporting Intro 0258-2022, which would require the city to establish a
plan to install at least one public restroom in every zip code in NYC
At the June 8, 2022 Full Board meeting of Manhattan Community Board Six, the Board
adopted the following resolution:
WHEREAS, public bathrooms serve essential functions by providing toilets, clean and
safe personal care facilities, and diaper changing facilities; and the lack of public
bathrooms in New York City impacts public health, equity, human rights, and the
overall quality of life;
WHEREAS, the lack of public bathrooms impacts everyone by directly contributing to
public urination, resulting in an annual average of roughly 20,000 citations and 50,000
complaints to 311;
WHEREAS, existing federal, state, and city regulations require bathroom access for
employees, and for customers under certain circumstances, establishing such access as a
basic human need; but no regulations provide for bathrooms in public spaces that are
generally accessible;
WHEREAS, as a result of the lack of such regulation, there are very few bathrooms
available to the general public in most of the city, most only during limited hours; and
many are not accessible, poorly maintained, or difficult to find;
INFO@CBSIX.ORG  (212) 319-3750  WWW.CBSIX.ORG
WHEREAS, only 14 of the 550 privately-owned public spaces (POPS) and only 78 of
472 New York City Transit subway stations have bathrooms; and New York ranks 93rd
out of the nation’s 100 largest cities in per capita access to parks bathrooms, and the
comfort stations that do exist in our parks are often in poor repair due to a lack of
available operating funds in the Department of Parks and Recreation;
WHEREAS, the reliance by the Parks Department on external nonprofits and Business
Improvement Districts (BIDs) to provide and maintain bathrooms results in inequitable
distribution, according to a 2019 report by the Office of the New York City Comptroller;
WHEREAS, there are only 5 automated public toilets in the entire City of New York,
with the nearest to our district located adjacent to Madison Square Park;
WHEREAS, the 50,000 New Yorkers who are homeless and living in shelters, the
hundreds of thousands of New Yorkers whose jobs require them to be outdoors daily,
the elderly and those with special physical needs, and the 60 million annual tourists in
our city are in particular need of restroom access;
WHEREAS, concerns about the quality of life impacts of public bathrooms can be
mitigated via staffing to ensure cleanliness and public order, while still providing for the
dignity and human needs of the hundreds of thousands of New Yorkers who need them
every day;
WHEREAS, numerous tools and mechanisms exist to address the lack of bathroom
access, including innovative small-footprint outdoor toilets, public-private partnerships,
community toilet schemes, and public funding and regulation;
WHEREAS, Councilmember Rita Joseph, in coordination with Manhattan Borough
President Mark D. Levine, has introduced legislation (Intro 0258-2022) that would
direct the Departments of Transportation and Parks to designate at least one location in
each zip code in the City for the installation and operation of a public toilet, with the
collaboration of Community Boards;
WHEREAS, the City Council has the authority to designate funding to support the
Parks Department in renovating, maintaining, and operating comfort stations in our
1,700 parks;
THEREFORE, BE IT RESOLVED that Manhattan Community Board Six endorses
Intro 0258-2022 and urges the City Council to pass it and the Mayor to sign it into law;
BE IT FURTHER RESOLVED that Manhattan Community Board Six urges the City
to install additional fully staffed and maintained public bathrooms in our Community
District, beginning with one located within walking distance of Bellevue Hospital and
the 30th Street Men’s Shelter, which can serve the population of homeless New Yorkers
who are outdoors in that part of our District during the day;
BE IT FURTHER RESOLVED that Manhattan Community Board Six urges the City
Council to make available both capital and operating funds for the Parks Department
sufficient to enable it to renovate, maintain, and operate significantly more comfort
stations than it currently does.
VOTE: 39 In favor 0 Opposed 0 Abstain 0 Not entitled
Best regards,
Jesús Pérez
District Manager",0,12,1,regex_single_resolution
4658d326-c0d6-4a8b-9cdd-f21cbb8af330,d6295fc4-8ad5-5c92-ace4-6045eadc52ad,MCB5,https://cb5.org/wp-content/uploads/2022/07/DCP-MSMX.docx1_.pdf,2022-07-01,1,Manhattan Community Board Five,"Manhattan Community Board Five
April 11, 2025
Dan Garodnick
Director
Department of City Planning, 31st Floor
120 Broadway
New York, NY 10271
Re: Midtown South Mixed use Rezone Plan
Dear Director Gardonick:
At the regularly scheduled monthly Community Board Five meeting on Thursday, April 10,
2025, the following resolution passed with a vote of 33 in favor; 0 opposed; 1 abstaining:
WHEREAS, The New York City Department of City Planning (DCP) proposes a zoning map and text
amendment to foster a vibrant, mixed-use Midtown South neighborhood in Manhattan.
WHEREAS, According to DCP, the Proposed Actions would help foster a dynamic mixed-use
neighborhood through four key components.
1. Increase Housing Access: Allow residential uses as of right and require permanently
affordable housing through a Mandatory Inclusionary Housing (MIH) area, supporting equity
and fair housing goals. This would create approximately 9,676 dwelling units, including
1,940 to 2,890 affordable homes over 10 years.
2. Modernize Zoning Regulations: Update outdated zoning provisions and reduce barriers to
create a balanced mix of residential, commercial, and manufacturing uses, fostering
economic recovery and growth.
3. Establish FAR and Bulk Regulations: Incentivize mixed-use buildings with regulations that
ensure new developments blend with the surrounding built context.
4. Promote Adaptive Reuse of Commercial Buildings: Eliminate nonresidential floor area
preservation requirements, where applicable, to encourage the reuse of existing commercial
buildings; and
WHEREAS, The changes would apply to a 42-block, 141-acre area in Midtown South, spanning
Community Boards 4 and 5, and the Proposed Actions include:
1. Zoning Map Amendment: The Proposed Actions would rezone portions of the M1-6 and
M1-6D districts, which currently allow a density of 10 FAR (Floor Area Ratio) for commercial,
community facility (CF), and manufacturing uses, to high-density mixed-use districts
(M1-9A/R12, M1-8A/R12, and M1-8A/R11), allowing up to 18 FAR for residential use and 15
FAR for commercial, community facility, and manufacturing uses. The proposal would also
establish a new Special Midtown South Mixed Use District (MSX) and adjust the boundaries of
several overlapping special purpose districts.
2. Zoning Text Amendment: The Proposed Actions would establish regulations for the MSX
District, apply the MIH program to the Rezoning Area, and modify regulations in the Special
Garment Center, Special Midtown, and Special Hudson Yards Districts, among other changes;
and
WHEREAS, The Proposed Actions would lead to the development of approximately 9,676 dwelling units
(DUs), including 1,940 to 2,890 affordable units, along with 462,129 gross square feet (gsf) of local retail
space and 81,755 gsf of community facility space. This would add an estimated 16,256 residents to the
Affected Area compared to the No-Action scenario; and
WHEREAS, It could potentially displace 91 residents and 54 DUs within the district, out of a
total of 2,268 existing housing units; and
WHEREAS, Additionally, the Proposed Actions are anticipated to result in a decrease of 732,619 gsf of
office space and 69,782 gsf of industrial/warehouse space, leading to a reduction of approximately 5,523
workers in the Affected Area. along with 779 firms at risk within a 1/2- mile radius of MSMX; and
WHEREAS, At a public hearing held on March 19, 2025, the Committee heard testimony from the
community about differences between the quadrants and a number of specific concerns with the proposed
MSMX rezoning; and
WHEREAS, The four quadrants have significant differences despite a consistent Manufacturing zoning
including:
1. The quadrants are surrounded by different land uses and densities of development, from
low-rise residential in Chelsea in the Southwest to Midtown high-rise office buildings in the
Northeast;
2. The Southeast quadrant is almost 50% defined by two historic districts, the Ladies Mile and
Madison Square North;
3. The Northeast has access to Bryant Park and the Southeast to Madison Square while the
other two quadrants are lacking in public space access;
4. The quadrants are currently built to many different densities ranging from 8 FAR in the
Southeast to 13 in the Northwest;
5. While there is currently very little residential in any of the zones, the bulk of the existing units
resulted from rezonings and loft conversions in the Southwest quadrant and loft conversions
in the Southeast; and
WHEREAS, The concerns raised at the public hearing included the following:
1. Housing Production: Community members, outside groups and members of the committee
were focused on maximizing the number of affordable apartments built in the zone;
2. Landmark and Historic District Transferable Development Rights and Bonuses for Transit
and Open Space improvements: A representative of the Flatiron Nomad BID expressed
concern that at high Floor Area Ratios, particularly in the Southeast Quadrant, TDR’s and
bonuses would not be necessary to maximize building envelopes and would therefore not
be a revenue source for preservation or infrastructure;
3. Balanced Development: Members of the committee and the public raised the issues of
balance between commercial and residential buildings and the effect of different FAR levels
for each, and the balance between conversion and new construction which is impacted by
the difference between existing built and proposed FARs;
4. Planning Considerations: Residents and committee members felt that the proposed FARs
should be reduced in the midblock in order to preserve light and air and minimize travel
distances to transit and retail for residents;
5. Public Realm: In addition to concerns with the zoning proposal, community and committee
members raised a number of issues from the DEIS that had significant adverse impacts
without proposed mitigation measures including lack of open space, pedestrian circulation,
crime, emergency services, and preservation of landmarks; and
WHEREAS, In developing its own proposal, the Committee sought to find a balance between these issues
and to reach consensus on a revised plan that would meet the needs of the overall community; and
WHEREAS, It is MCB5’s position that any comprehensive neighborhood planning, zoning and/or
development initiative in Midtown must include the following:
1. Vision + Goals: Prioritize affordability, livability, and equity to create a thriving, diverse
community for future generations. Aim to create not just more housing, but a healthier, safer,
and more inclusive neighborhood for future generations.
2. Urban Planning Focus: Address housing needs while fostering public spaces, accessible
amenities, and essential infrastructure, with a focus on children’s needs.
3. Comprehensive Approach Required: A community-driven and interagency neighborhood
strategy that integrates affordability, sustainability, and public amenities is essential, rather
than relying solely on zoning regulations to address these complex challenges.
4. Housing Crisis: NYC faces a severe housing crisis, with rising costs and a 1.4% vacancy
rate, despite a population decline of 326,118 since 2020 according to July 2024 census
data. A majority of renter households are rent-burdened, with rental costs consuming more
than 30% of their income and nearly 30% of low-income renters across the five boroughs
are severely rent-burdened, spending more than 50% of their pre-tax income on housing.
5. Climate Crisis: Emphasize sustainable building practices to reduce carbon emissions,
improve energy efficiency, and enhance resilience through urban greening.
6. Mental Health Crisis: Combat loneliness and social isolation by restoring public spaces
and addressing physical health disparities through increased access to
community resources; and
WHEREAS, In collaboration with a zoning consultant and through a detailed review of feasibility
massing studies, FAR projections, and zoning lot mergers—as well as an analysis of existing buildings,
FAR, available transfer of development rights (TDRs) from landmarks and historic districts, the lack of
public open space, and future transportation infrastructure needs—we have identified the following key
concerns:
1. Excessive FAR on Typical Lots: The proposed FAR is so high that it would be difficult for
existing lots, typically 25’ or 50’ wide, to fully utilize the allowable FAR without merging with
adjacent lots, as the large FAR on existing individual lots would likely result in tall, slender
towers that are costly to build and financially impractical.
2. Challenges with Zoning Lot Mergers: Even with zoning lot mergers, the resulting FAR
would be so large that it could create towers exceeding the height of the Empire State
Building, potentially leaving FAR unused due to construction cost and feasibility constraints.
3. Disincentive for TDR Purchases: The scale of the proposed FAR could reduce the
incentive to purchase TDRs, which are critical for preserving landmark buildings and
maintaining the character and value of historic districts. This could undermine efforts to
sustain placemaking and preservation in Midtown South.
4. POPS Incentive Opportunities in MSMX Rezoning: The proposed FAR could also
diminish the incentive to utilize the POPS (Privately Owned Public Space) program, which is
essential to mitigating the rezoning’s impact on open space. To meet the City-wide median
open space ratio of 1.5 acres per 1,000 residents, a combination of city-funded initiatives
and public-private partnerships is necessary. Currently, CB5 has only 0.4 acres of city parks
per 1,000 residents—well below the median—even before accounting for future population
increases:
a). POPS incentives under the MSMX rezoning can provide significant development
rights and enhance the value of ground-floor space, making it more appealing to both
residents and tenants. The programs described below would receive a FAR bonus via a
special permit:
i. Covered Pedestrian Spaces: Allow covered pedestrian spaces within the MSMX
Special District to receive a Special Permit bonus of 11-14 square feet of additional
floor area for every 1 square foot of covered pedestrian plaza, capped at a 20% bonus.
ii. Arcade Bonus: Define arcades as publicly accessible open spaces, such as courts,
yards, or covered pedestrian areas, located within 10 feet of a street or lot line and
extended along such lines. Grant 3 square feet of additional bonus for every 1 square foot
of arcade space.
5. Transit Bonus Incentive Undermined: The proposed FAR could also weaken the incentive
to utilize the transit bonus, which is essential to improving subway accessibility and functionality.
The transit bonus allows for a 20% FAR increase through City Planning Commission
authorization, and the MSMX rezoning extends the radius for this bonus to 1,500 feet from a
subway or train station.
6. Conversions Undermined: A review of the existing FAR of large buildings in the NW
quadrant shows that they typically range from 15 to 18 FAR. Reducing the proposed 18 FAR
in this quadrant would encourage the preservation of these buildings, as conversions can be
costly. Preserving the existing building fabric not only maintains the neighborhood’s
character but also is critical to environmental sustainability and reducing embodied carbon; and
WHEREAS, These findings underscore the importance of recalibrating the proposed FAR the balance
development goals with financial feasibility, preservation incentives, and critical public space and
infrastructure improvements; therefore, be it
RESOLVED, MCB5 recommends approval of the Midtown South Mixed use Rezone Plan with the
following 12 conditions to better align with the unique character and needs of the Midtown South and
Flatiron NoMad districts. These adjustments aim to enhance the existing built environment, support
community goals, and foster a balanced approach to development:
1. Southeast Quadrant Density Mapping. We propose mapping the lower density M1- 8A/R11
(12 FAR for commercial uses / 15 FAR for residential) instead of M1-8A/R12 (12/18) in the Southeast
Quadrant. This adjustment aligns more closely with the extensive historic district, which is effectively a
12 FAR equivalent under LPC review, and will preserve the value of landmark transferable development
rights (TDRs). It will help preserve view corridors to the Empire State Building and mitigate afternoon
sunlight issues in Madison Square Park. Additionally, this change would retain more of the existing built
environment in the quadrant, which currently has the lowest existing FAR of 8, thereby eliminating the
need for lower midblock zoning.
2. Northwest Quadrant Midblock Zoning. We propose mapping R11 in the midblocks of the
Northwest Quadrant to support the conversion of existing buildings rather than demolition. This approach
meets the planning goal of maintaining lower density on narrow streets for improved light and air and
easier access to services for large buildings on the avenues. Given the block’s 750-foot width between 7th
and 8th Avenues, we propose that the R12 zoning on the west side of Broadway, both sides of 7th Avenue,
and the east side of 8th Avenue be designated at 200 feet in width to accommodate most existing
buildings and
reasonable-sized floorplates for both residential and commercial uses.
3. Southwest Quadrant Avenue Zoning. We do not currently propose any changes to the proposed
zoning in the Southwest Quadrant. However, CB5 received comments from area residents requesting a
reduction in density to R11 from R12 in the area between 29th and 30th Streets from 6th to 8th Avenues to
better align with the current built character. CB5 ultimately felt that R12 in this area was appropriate as a
buffer to the very high density that could exceed 30 FAR in the GPP on Block 780 and the neighboring
blocks.
4. No Change to NE Quadrant. We do not propose any changes to the proposed zoning in the
Northeast Quadrant. This quadrant is currently surrounded by very high density development.
5. Retention of Rear Yard for Large Sites. We propose the retention of rear yards for large sites
(greater than 1.5 acres) throughout MSMX. We believe that the two towers with a garden design is more
appropriate than a single supertall tower. However, we may need to consider an exception for school
construction due to complex structural challenges.
6. Addressing FAR Differential Concerns. Although we struggled with the effectiveness of the
proposed 3 FAR difference between commercial and residential uses (12/15 or 15/18) as an incentive to
build housing, we believe that implementing R11 in the NW Quadrant (15/18 Avenues, 12/15 midblock)
will address this concern by focusing commercial uses on large sites on the Avenues.
7. Broader Mapping of R11 to Expand TDR and Bonus Utilization. Mapping R11 more broadly
should help address historic district, theater, and landmark Transfer of Development Rights (TDR) issues
and preserve the fabric of these districts. This adjustment is also expected to increase the utilization of
open space and transit bonuses while maintaining a lower base FAR.
8. Comparison with Manhattan Institute Revisions. While our proposal shares some similarities
with the Manhattan Institute revisions, we find their approach too stringent in reducing the R12 zone. Our
adjustments aim to strike a better balance that considers the unique characteristics of our district.
9. Protection of Site #40 for School Development. We must protect Site #40 inthe Southeast
Quadrant, which the School Construction Authority (SCA) identified as the sole site feasible for school
development. This site is critical for meeting educational needs in the area.
10. Undercounting of Residential Units.. We assert that DCP’s CEQR methodology
significantly undercounts the number of units that could be delivered in MSMX. Past rezonings have also
resulted in multiples of the number of projected units. Therefore, the zoning adjustments proposed by
CB5 will still generate a number of new apartments at least equal to the current projections. Adverse
impacts will therefore be proportionally larger than presented in the DEIS.
11. Developer Insights on Housing Feasibility. Conversations with real estate industry contacts
reveal that due to the high prevailing wage requirements of 485x for larger apartment buildings, many
developers are focusing on smaller buildings or conversions under 467m. Additionally, as DCP has
indicated, contacts believe that condominium buildings with MIH but without 485x may not be feasible.
While this reflects the current situation, it could change as the housing shortage persists and tax
abatements evolve.
12. Follow-on Avenue Rezonings. Most of the MSMX areas are mid-block adjacent to older
Avenue zones. In order to rationalize the Avenue and midblock densities, we support follow- on
rezonings on 5th and 6th Avenues to increase densities relative to the new MSMX densities.
Conclusion. These proposals aim to create a zoning framework that respects the unique characteristics of
the Midtown South and Flatiron NoMad district while facilitating necessary development. By adopting
these adjustments, we can ensure that the MSMX area remains vibrant, balanced, and supportive of its
diverse community needs. We look forward to further discussions and feedback on these proposals; and
therefore, be it
FURTHER RESOLVED, MCB5 has drawn up 'Points of Agreement' on issues outside the scope of the
zoning text to ensure that the MSMX zoned communities thrive with all the amenities to create livable,
long term neighborhoods for residents, and will share the ’Points of Agreement,’ including but not limited
to the following topics, with our elected officials:
● Community Oversight and Accountability
● Affordable Housing
● Small Business and Retail Protections
● Residential Tenant Protection
● Open Space and Public Space
● Sustainability and Resilience
● Additional Community Facilities and Services
● Historic Buildings
● City Investment in Public Safety
Thank you for the opportunity to comment.",0,13,5,regex_single_resolution
0f2b80e3-4769-4a16-b6fc-98523dd44368,2d47cc51-59bb-5bb2-a203-bd9a09a75844,MCB5,https://cb5.org/wp-content/uploads/2022/07/MSMXPointsofAgreement.docx1_.pdf,2022-07-01,1,Manhattan Community Board Five,"Manhattan Community Board Five
May 29, 2025
Hon. Eric Adams
Mayor, New York City
Hon. Erik Bottcher
Council Member, New York City 3rd District
Hon. Keith Powers
Council Member, New York City 4th District
Re: Point of Agreement Items for the MSMX Rezoning
At the regularly scheduled monthly Community Board Five meeting on Thursday, May 8, 2025,
the following resolution passed with a vote of 37 in favor; 1 opposed; 1 abstaining:
WHEREAS, The New York City Department of City Planning (DCP) has proposed a zoning map and
text amendment for Midtown South (MSMX) to create a vibrant, inclusive, and mixed-use neighborhood
in the heart of Manhattan; and
WHEREAS, Manhattan Community Board Five (MCB5) unanimously approved the rezoning with a
modified, lower-density alternative in two of the four quadrants, affirming the urgent need for housing
while underscoring the equally critical importance of the public infrastructure, sustainability strategies,
and necessary services, such as open space, community facilities, public schools, and transit and safety
improvements, that is necessary to support long-term livability, equity, and resilience; and
WHEREAS, The approximately 84 Point of Agreement (POA) items outlined below provide a
comprehensive and community-informed roadmap for advancing these goals; these recommendations not
only respond to the needs of the existing neighborhood, but also aim to ensure that the new MSMX
neighborhood includes the essential infrastructure, public facilities, and services required to support both
current and future residents, workers, and visitors in the rezoning area, particularly in an area with limited
City-owned land that restricts traditional investment routes; and
WHEREAS, The POA items address a wide range of essential categories, including:
● Community oversight and accountability
● Affordable housing
● Small business and retail protections
● Residential tenant protections
● Open space, public space, and the public realm
● Sustainability and resiliency
● Additional community facilities and transit services
● Mental health services
● Public safety
● Preservation of historic buildings
● Tourism
WHEREAS, The proposed MSMX rezoning raises serious concerns by setting a precedent for allowing
the highest residential density ever permitted in New York City—without requiring on-site exterior
amenity space or sufficient open space mitigation in a neighborhood already severely underserved by
public open space; and
WHEREAS, These proposals include studies to explore targeted density bonuses and zoning mechanisms
that would allow increased development rights, potentially achieving or exceeding an 18 FAR, only when
paired with the delivery of community-serving investments, particularly those that support our most
vulnerable populations, including low-income residents, seniors, youth, individuals experiencing
homelessness, and those in need of healthcare and supportive services; and therefore, be it
RESOLVED, MCB5 urges the City to adopt the following POA items as binding commitments in tandem
with the rezoning and believe that a thoughtful, phased, and inclusive lower-density alternative, coupled
with the commitments outlined herein, will more effectively deliver a livable and equitable new
neighborhood than a high-density scenario absent the necessary infrastructure and safeguards and be it
further
RESOLVED, MCB5 calls upon City Council Member Bottcher and Powers, Manhattan Borough
President Levine and their successors to work closely with MCB5 and the local community to ensure that
MCB5’s recommended zoning modifications in our April 2025 resolution and all the other above
recommendations are implemented, and that the Mayor’s Office and City agencies follow through on the
implementation of the Programs, Projects and Initiatives; and be it further
RESOLVED, MCB5 calls upon State Assembly Members Glick, Rosenthal, Bores, Epstein and Simone
and State Senators Krueger, Hoylman-Sigal and Gonzalez and their successors to work closely with
MCB5 and the local community to ensure that below recommendations that re in the purview if New
York State are implemented; and, be it further
RESOLVED, MCB5 calls upon the Mayor’s office and indeed all city elected officials to continue to
work with members of New York City’s congressional representatives to aggressively oppose federal cuts
to programs for affordable housing, public housing, education, healthcare, community services, mass
transportation, environmental preservation, and community development, all of which are critical to the
well being of future residents of Midtown South, and without which the Proposed Actions cannot be
realized in a manner beneficial for the community. These section are listed in order of importance.
1. Community Oversight + Accountability
1.1. Community Oversight Group: Establish advisory board and community oversight
committees for MSMX to track progress of POAs and to monitor and respond to public
safety and quality-of-life impacts.
1.2. Public Accountability: Mandate annual public reporting on progress toward
commitments, with specific metrics on affordable and supportive housing, open space,
infrastructure, school space, community investments, health, and safety outcomes.
1.3. Enforcement Mechanisms: Include clawback provisions or penalties in development
agreements to ensure compliance, such as financial penalties, revocation of development
rights, or additional community benefits if targets are not met. Additionally, the City
should dedicate and fund sufficient enforcement staff to oversee all required obligations,
particularly for Privately Owned Public Spaces (POPs).
1.4. Require Outcome Reporting: Mandate regular data-sharing and public reporting from
city agencies on key quality-of-life indicators in the rezoned MSMX district. This should
include metrics on homelessness and public health outcomes, crime and safety statistics,
maintenance and cleanliness standards for public spaces, etc. in the rezoned area.
2. Affordable Housing
2.1. Extend 467-m Tax Abatement to Support MSMX Rollout: The 467-m tax abatement
phases out on July 1, 2026—too soon to support development under the new MSMX
zoning. Extend the program through 2031 to provide needed financial certainty and
encourage timely investment.
2.2. Increase percentage of affordable housing and provide deeper affordability:
Prioritize the use of the Affordable Housing Fund for projects as close to the rezoning
area as possible and maximize the creation and preservation of affordable homes
■ Priority Uses of Available Funds:
● Increase Affordability in New Projects: facilitate the allocation of
HPD subsidies to any project developed under MIH to ensure that a
higher percentage of units, i.e., an additional 10%, must remain
permanently affordable;
● Preserve Existing Affordable Housing: Acquire distressed buildings
and establish long-term affordability agreements, especially where
acquisition costs are high. Provide adaptive reuse of vacant hotels or
office buildings for affordable housing, particularly units for those
exiting the shelter system.
● Enhance Affordability Levels: Supplement MIH development projects
with additional subsidies to achieve deeper affordability, as well as to
include supportive housing with wraparound services and housing for the
formerly homeless.
2.3. Density Bonus Study to serve vulnerable populations: Study how to incentivize
developers to include on-site supportive housing, health clinics, shelters, transitional
housing, and drop-in centers due to lack of public owned land in MSMX district.
3. Small Business and Retail Protections
3.1. Commercial Displacement Protections: Enforce commercial anti-harassment policies
and provide relocation assistance for displaced businesses.
3.2. Innovation Support: Allocate funding for an Innovation Hub to promote
entrepreneurship and economic growth.
3.3. Affordable Retail Access: Encourage sustainable local mom and pop retail, potentially
with retail size restrictions or incentives. The Draft Environmental Impact Statement
(DEIS) notes that an estimated 114 businesses could potentially be displaced as part of
this proposal.
3.4. Business Services Outreach: Deploy SBS programs and services to local small business
owners to make them aware of available programs and services and to facilitate
businesses accessing these programs and services;
3.5. Space for Arts and Nonprofits: Expand space opportunities for non-profits and art and
cultural uses such as funding for storefront pop-ups; SBS’ Storefront Startup.
3.6. Retail Prioritization in New Development: Give priority to small business enterprises
for new ground-floor retail space created in new residential and commercial
developments;
3.7. Tenant Support Services: Funding for The Public Engagement Unit's (PEU) Tenant
Support Unit (TSU) activities to help prevent tenant displacement by providing outreach,
education on tenant rights, and connections to free legal services and rental assistance.
3.8. Targeted Workforce Development Funding: Prioritize funding for workforce
development programs in construction, green building, healthcare, tech, fashion, design
and performing arts, for local residents impacted by the rezoning.
3.9. Youth Employment Opportunities: Include funding for youth job training and paid
internships with employers setting up shop in the new MSMX district.
3.10. Inclusive Hiring Incentives: Incentivize inclusive hiring practices by providing City
subsidies or bonus zoning incentives to developers who commit to hiring formerly
homeless, justice-involved, or long-term unemployed individuals.
3.11. Support for Local Anchor Institutions: Support anchor employers and public
institutions like Baruch High School, Bellevue, and NYPL branches as local workforce
pipelines.
3.12. Entrepreneurship Support for Vulnerable Populations: Expand access to NYC
Business Pathways programs for formerly incarcerated or homeless entrepreneurs seeking
to launch small businesses.
3.13. Local Hiring and Small Business Recovery Incentives: Incentivize small business
recovery and local hiring through zoning bonuses or grant linkages.
3.14. Community Benefit Agreements (CBAs): Include provisions for community benefit
agreements with major developments to fund job training, education programs, or local
infrastructure.
3.15. Affordable Commercial Space for Workforce Anchors: Maintain and expand
affordable commercial space for nonprofits, social enterprises, and education/training
centers.
3.16. Concessions - Small Business and Nonprofit Vendor Opportunities: Prioritize
concession opportunities in public spaces for local small businesses. Provide subsidized
vending opportunities for local nonprofits. Create a technical assistance program to help
local vendors navigate permitting processes
4. Residential Tenant Protection:
4.1. Targeted Tenant Legal Support for MSMX District: To increase capacity for tenant
legal services, the City of Yes points of agreement included $7.6M for the
Anti-Harassment Tenant Protection (AHTP) program. City of Yes plans to generate
80,000 units and MSMX plans to generate 10,000. We should request funding for the
AHTP program specifically for the new MSMX district for the protection of the existing
2,300 residential units.
5. Open Space, Public Space + Public Realm
5.1. Fund Existing Parks and Open Spaces: Commit to adequately funding the
maintenance, operations and capital needs of existing parks and open spaces across the
city - particularly within and around the affected area - recognizing that New York City is
already well below its own standards for open space per capita, adn that additional
development must not exacerbate inequities in access to quality public space.
5.2. Active and Passive Spaces: Create new open spaces, plazas, and public parks, including
playgrounds, pools, ballfields and other active recreation facilities for both passive and
active spaces. Study feasibility of adding community gardens, pocket parks with outdoor
exercise stations and dog runs.
■ The DEIS reported that the open space ratios in the MSMX area are well below
the CEQR standards. For open space per 1,000 people, MSMX has only 0.420,
compared to the CEQR standard of 2.5. For passive space per 1,000 people,
MSMX is at 0.345, below the standard of 0.5. Most concerning, for active space,
MSMX is at a mere 0.075, compared to the CEQR standard of 2.0.
5.3. Broadway Vision Initiative: Fully fund and implement the DDC Broadway Vision
program across the MSMX area, from 23rd to 40th Streets, including both capital budget
and ongoing operations, supported by annual maintenance funding indexed to inflation.
■ DOT should commit to undertake a study of freight delivery strategies, including
ways to encourage the Commercial Cargo Bike Program and Neighborhood
Loading Zones, and parking regulations within the MSMX area, the Broadway
Vision area and impacted side streets.
■ Create designated pedestrian plazas with unified design elements at key
intersections along Broadway.
■ Revise the upcoming plaza designs for Broadway between 38th and 39th Streets
to be car-free, as the current plan allows traffic and parking despite the intended
plaza conversion.
■ Earmark funds for improvements to Herald Square and Greeley Square.
5.4. Broadway Linear Park: Fully fund a design and feasibility study for a Broadway Linear
Park. Midtown South has an almost complete lack of greenery, and thus needs significant
heat and flood mitigation, we propose a design study for a larger reconfiguration of
Broadway than the Broadway Vision Plan.
● In consultation with the Office of the Chief Public Realm Officer and community
stakeholders to design a cohesive ""linear park"" on Broadway, from Union Square
to Columbus Circle, turning the street into a new park. Explore the feasibility and
options to maximize greenery, permeable pavement, trees and community
elements such as playgrounds, stages etc.
5.5. MSMX Public Realm Improvement Fund: Establish an MSMX Public Realm
Improvement Fund modeled after the East Midtown Public Realm Improvement Fund1,
ensuring representation from CB5 as a designated member of the Public Realm
Committee that oversees how the Fund’s monies are allocated. Given that the proposed
18 FAR is so very generous and the additional high costs of engineering and constructing
supertall towers, it is very unlikely that a developer would either need or want to use the
proposed Transit Bonus or Covered Public Space Bonus. Which means all of the
development and the estimated additional 10,000 residential units could occur without
any commensurate improvements in transit or public space. We need a mechanism that
ensures that this area, that is just as bereft of open space and accessible transit as East
Midtown, can see improvements to the public realm while development is happening.
5.6. Incentivizing Outdoor Communal Space in High-Density Residential Buildings:
Support a study to develop a policy that requires or incentivizes outdoor communal space
in new high-density residential construction or office-to-residential conversions. The
policy should mandate urban greening or landscaped outdoor space equal to the
development site’s size, located on the ground, rooftops, or terraces, and accessible to
residents or the public.
● Given that an 18 FAR results in high-density development on a single lot, roof
space becomes limited for providing adequate open space for the number of
residents. With such density, the roof area is often fully occupied by mechanical
equipment,, leaving little to no room for outdoor communal space. To address
this, the City should require or incentivize developers to include open space at
multiple levels, such as mid-level terraces, to enhance livability, health, and
wellness. The study should explore requiring residential buildings to provide
outdoor space equivalent to at least 100% of the lot area for resident use.
5.7. Support a study to increase public space by making zoning map changes: mapping
5-1/2 Ave in the NE quadrant, in order to make the 900-foot long blocks more walkable
1 ZR 81-613 special regulations for the East Midtown Subdistrict
and integrated; and mapping 7-1/2 Ave in the NW quadrant, in order to alleviate the
sidewalk congestion on 7th and 8th Ave.
5.8. BID Funding: Assess the impact of the rezoning on the funding for BIDs since this could
impact their ability to maintain public spaces in the area. The city should make plans to
fund any deficits.
5.9. Incorporating Recreation Spaces on City-Owned Lots: Identify sites for converting
city-owned lots and parcels into permanent parkland, playgrounds, and community
gardens to provide essential active and passive recreational opportunities for residents of
all ages in the MSMX district.
5.10. ADA Accessibility Enhancements:
■ Upgrade all public plazas and parks within the district to meet or exceed ADA
standards and allocate sufficient funding to retrofit existing spaces
■ Install pedestrian ramps at all intersections
5.11. Pedestrian Safety and Public Space Enforcement:
■ Implement leading pedestrian intervals at all signalized intersections adjacent to
parks and public spaces
■ Create shared streets with reduced vehicle speeds adjacent to public spaces
5.12. Inclusive Public Spaces: Funding for public bathroom access, baby changing tables, etc.
to ensure spaces are fully accessible to all users.
5.13. Required setbacks on Broadway, 7th Ave & 8th Ave: Require all new developments
with frontage on Broadway, 7th, & 8th Aves set back from the street line on their wide
street frontage only by a standard amp (at least 8 feet), to allow for additional space and
more light onto the Broadway Vision’s linear “park” plazas, and for reducing pedestrian
congestion on 7th and 8th Avenues.
5.14. Achieve Vision Zero: Achieve Vision Zero, ending road casualties using NYC DOT’s
toolbox, including: raised crosswalks and shorter pedestrian crossings; protected bike
lanes; hardened barriers that prevent conflict between automobiles and more vulnerable
road users; turn calming; and slow speed, low traffic neighborhood zones.
5.15. Improve sidewalks to improve pedestrian safety and comfort: Every New Yorker is a
pedestrian. Sidewalks should protrude into crosswalks (bulb outs) to provide shorter
crossings and better visibility. Sidewalks must be built wide, at one level (not a two-level
“pedestrian area”: sidewalk at curb-height level but the pedestrianized street bed at
gutter-level and the curb line becomes unused walking space because it is a tripping
hazard), and accommodate multiple uses typical of an urban sidewalk. Sidewalks should
be planned and designed as an important contributing factor to a mixed-use
neighborhood: tree-lined, have periodic bench locations, and, where deemed necessary,
protected by planters and not fortress-style metal bollards and boulders.
5.16. Expand sidewalks on 7th Ave & 8th Ave: Immediately fund permanent expansion of
the sidewalks on 7th and 8th Avenues between 34th and 42nd St to replace the current
temporary measures;
5.17. Sidewalk widenings non 6th Ave: Identify areas on 6th Ave that could benefit from
temporary sidewalk widenings that could become permanent by the 2034 timeframe in
the EIS;
5.18. Investigate sidewalk circulation on side streets: Identify areas on side streets where
obstructions can be removed or temporary widenings installed by 2034;
5.19. Permeable materials and replaceable pavers: Wherever possible, the DOT should use
permeable materials and replaceable pavers to improve flood resilience and reduce
resident’s exposure to asphalt fumes
5.20. Implement street changes to improve operations and safety: Implement
road/intersection reconfigurations, signal timing changes, new bike lanes, and other
measures to improve traffic operations and pedestrian/cyclist safety;
6. Sustainability + Resiliency
6.1. Incorporate resiliency and sustainability measures in new buildings: With 10,000
new units being added to the neighborhood, it's essential that these developments
incorporate resiliency and sustainability measures aligned with the city’s climate goals.
Affordable housing is already setting high standards by integrating a robust thermal
envelope, energy-efficient systems, and use of sustainable materials. Market-rate
buildings must follow suit. By adopting similar practices such as high-performance
insulation, passive design strategies, nature based solutions, climate responsive design,
stormwater management, renewable energy, and smart building technologies, market-rate
projects can contribute to the city’s efforts in environmental stewardship and climate
resilience while improving the quality of life for all residents.
■ Comprehensive Resiliency Standards - Apply the NYC Climate Resiliency
Design Guidelines to both new and renovated public and private developments to
reduce heat, manage stormwater, lower energy demand, improve air quality, and
enhance biodiversity. Urban greening, permeable pavers, bioswales, shade
structures, light-colored materials, and similar measures should be standard
requirements for all projects to optimize development in MSMX, promoting both
livability and sustainability.
■ Stormwater management - Establish a plan to create new bioswales and rain
gardens along major corridors and replace hard surfaces with permeable surfaces
where possible.
■ Heat Island Mitigation Measures -
● Public Spaces - Incorporate cool pavement installations at key locations,
research feasibility of green roof and urban farm projects on existing
municipal buildings, install new shade structures in existing public
spaces and study and allocate sufficient funding for heat mitigation
projects.
● Private Developments - Support a study to incentivize urban greening to
reduce the urban heat index, clean air, manage stormwater and promote
biodiversity.2 See Item 5.5 above.
6.2. Incorporate efficiency and alternative energy measures in new buildings: New
development zoning requirements should foster building efficiency and alternative
energy. And given that MSMX district is consistently within the highest sampled areas
for Black Carbon, Nitric Oxide, Nitrogen Dioxide, and Fine Particles in every NYC
Community Air Survey conducted by DOHMH and CUNY3, we need demolition,
construction, and building operations to, at very least, not contribute to the community’s
already very poor air quality.
6.3. Tree Canopy: Fund a major investment in tree canopy expansion with the goal of
materially increasing the number of street trees, whether containerized or in-ground.
● Fund a study to identify priority locations where expanded tree canopy would
have the greatest environmental and public health benefits.
● Increase the number of street trees within the MSMX zone. Prioritize the
following corridors and areas:
○ Broadway, from 23rd to 42nd Streets
○ 7th and 8th Avenues
○ 34th Street corridor
○ Mid-block connections and pedestrian plazas
6.4. Support a Study and Policy Framework for Reducing Embodied Carbon through
Demolition Material Reuse: The City should commission and support a comprehensive
study to evaluate opportunities for material reuse and recycling in demolition and
deconstruction projects. This study should inform the development of a policy that
requires the salvage, reuse, and/or recycling of materials from public and private
demolition sites. The goal is to reduce construction-related landfill waste, significantly
lower embodied carbon emissions, and foster a circular construction economy. This
initiative should also explore potential job creation in material recovery, partnerships with
local reuse organizations, and incentives for developers who prioritize low-carbon
construction practices.
6.5. Partner with NYC Emergency Management and Columbia University’s GSAPP on
emergency preparedness and building resilience: Use the example of the Gowanus
redevelopment to similarly partner with NYC Emergency Management and Columbia
University’s GSAPP to develop community mitigation strategies and neighborhood
specific recommendations for emergency preparedness and building resilience.
6.6. Engage emergency response planning process alongside city agencies: NYC
Emergency Management and FDNY should engage community members and
organizations in a community emergency response planning process, especially for
occupants in supertall towers and occupants in buildings that neighbor supertalls.
6.7. Transportation Resiliency: Engage the MTA to make significant investments in the
modernization of transportation and utility infrastructure, including all traffic signal and
alert systems where demand exceeds capacity.
6.8. Non-zoning City Investment in Utility Upgrades:
2 Cooling down a city
3The New York City Community Air Survey
■ Replace antiquated sewers and install sustainable stormwater management
systems, and electrical service upgrades for this area.
■ Secure capital commitments and timelines to ensure that this work occurs before
new development
7. Additional Community Facilities and Transit Services
7.1. Expand Muhlenberg Library: Support the physical expansion and programmatic
growth of the Muhlenberg Library to meet future community needs.
7.2. Assess and Address School & Childcare Needs: Ensure that new developments account
for impacts on local schools and childcare facilities, including overcrowding, and provde
additional facilities in the district including an SCA school at Site 40.
7.3. Create Space for Youth Programming: Promote the inclusion of youth centers,
afterschool programs, and vocational training hubs within rezoned areas.
7.4. Coordinate with Educational Agencies: Require coordination with the Department of
Education (DOE) and the Department of Youth and Community Development (DYCD)
to anticipate changing demand for educational and youth services.
7.5. Support School Seat Expansion: Prioritize funding for the creation of new schools and
the expansion of Baruch College Campus High School to provide additional seats for
future Midtown South residents.
7.6. City Recreation Center: The establishment of a City recreation center in our
neighborhood, as there are currently no such facilities available. The nearest centers are
located at the extreme west or east ends of the four quadrants, making access difficult for
many residents. A centrally located recreation center would offer various programs and
activities for all age groups, promoting health, wellness, and community engagement.
7.7. Civic spaces: Create and support multi-use civic spaces that can serve both education and
public health functions.
7.8. Public Art and Cultural Programming: Increase funding for the city’s public arts
program to provide new permanent public art installations in new and existing parks and
plazas in the MSMX district through the public realm fund. Prioritize partnerships with
local art organizations and artists.
7.9. Improve Bus and Subway Service: Invest in new or expanded bus service, including,
but not limited to, enhanced cross-town routes and to specifically:.
■ Improve the M20 bus frequency and add subway elevators: Non-zoning City
Investment in Transportation Improvements: Identify specific projects, funding
and timelines to ensure improvements to the current transit system, including
new or expanded bus routes to meet projected demand, especially the infrequent
M20 bus as the only bus line running on 8th Ave from 14th St to 42nd St; and
subway station elevators:
■ All 23rd St stations (Bway, 6th, 7th, & 8th) are ADA inaccessible
■ Both 18th St stations (Bway & 7th) are ADA inaccessible
■ 34th/8th has been only partially accessible for almost a year because of 2 broken
elevators - no access to the express platform or the downtown local platform, and
because of a broken platform elevator at 14th/8th station, West 4th is currently
the next accessible station to get back to Penn Station at an accessible platform
(high volume stations need redundancies)
■ 42nd/Bryant Park/5thAve station complex is ADA inaccessible for all train
platforms (2 elevators to mezzanine & no access to any platforms)
8. Mental Health Services
8.1. Expand Bellevue Emergency Capacity: Fund the expansion of Bellevue Hospital’s
emergency services to meet the mental health needs of unhoused individuals.
8.2. Establish a Mental Health Hub: Create a Neighborhood Mental Health Hub in MSMX
to provide community-based preventative care, crisis response, and social work services.
8.3. Embed Mental Health Professionals in Emergency Services: Integrate mental health
professionals into NYPD and EMS responses within the district, in line with the
B-HEARD model (Behavioral Health Emergency Assistance Response Division).
8.4. Fund School Mental Health Counselors: Fund school-based mental health counselors
at area schools to support students affected by trauma, displacement, or instability from
new development patterns.
8.5. Include Mental Health in Public Programs: Incorporate mental health programming
into community facilities and public libraries. Advocate for funding using the clubhouse
model.
8.6. Secure Capital for Mental Health Beds: Advocate for capital funding for existing
mental health emergency room beds and mental health in-patient hospital beds.
8.7. Alternatives to Incarceration:Coordinate with the Mayor’s Office of Criminal Justice to
pilot alternatives to incarceration and court-based diversion programs accessible to
residents of MSMX.
8.8. Create a Homeless Services Coordination Zone: Coordinate with DHS, DSS, and local
nonprofit providers to designate Midtown South as a “Priority Outreach Zone” for rapid
rehousing, mobile street outreach, and mental health referrals.
8.9. Safe Havens and Drop-In Centers: Develop Safe Haven and Drop-In Centers that
provide basic services for unhoused individuals in lieu of carceral responses to
quality-of-life complaints
9. Public Safety
9.1. Neighborhood Safety Study: MCB5 calls upon DCP and the Mayor’s Office to
undertake a neighborhood-wide traffic and pedestrian safety study, with special attention
given to pedestrian safety for senior citizens, and to identify and implement safety and
streetscape improvements to include (APS) audio pedestrian signals.
9.2. Hearing and Vision Impaired Public Realm Improvement: Advocate for expansion of
audio assisted services audio pedestrian signals across key intersections and transit areas.
9.3. Public Safety Service Delivery: Monitor the delivery of public safety and emergency
response and preparedness services over the course of implementing the Proposed
Actions and provide additional capital and operating funds as required to maintain at
current or enhanced levels these services, the facilities from which they are provided, and
the staff dedicated to providing them.
9.4. Launch a Community Safety Ambassador Program: Employ trained civilian safety
ambassadors to provide non-police presence in transit corridors, plazas, and parks.
Increased housing results in increased resident’s and the increased need of safety and
protection, therefore, support the addition of NYPD in the district.
9.5. 7th & 8th Avenue Strategies: Create a 7th Avenue Corridor crime prevention strategy
and Expand 8th Avenue Corridor crime prevention strategies to include targeted lighting
upgrades, street furniture redesign, and 24/7 sanitation patrols to improve environmental
conditions that deter crime. Enhance policing along the 8th Avenue Corridor through
improved coordination with social service providers and the creation of a community
oversight committee.
9.6. CPTED and Trauma-Informed Design: Promote crime prevention through
environmental design (CPTED) and trauma-informed public space design.
9.7. Violence Interruption Programs: Support violence interruption programs and peer-led
outreach in partnership with local organizations.
9.8. Park Safety: Establish dedicated Parks Enforcement Patrol (PEP) officers for MSMX
district parks and plazas
9.9. E-Bike Regulations + Signage: Recognizing the lack of current enforcement, institute
strict enforcement of laws and regulations governing bicycle and e-bike use on public
sidewalks to ensure pedestrian safety. Create clear signage about bicycle/e-bike
regulations at all park and plaza entrances
10. Historic Buildings
10.1. Funding for inspections and enforcement: Provide adequate funding to the Landmarks
Preservation Commission (“LPC”) for inspections and enforcement to ensure that
landmarked properties are not altered without proper review and approval in accordance
with applicable regulations.
10.2. Funding for transfer development rights study: Provide adequate funding for a
comprehensive study to assess the value and market conditions for landmark transfer
development rights in the MSMX district in order to ensure that designated landmarks are
able to fully leverage their development rights to support preservation efforts.
10.3. Review landmark-eligible buildings: Initiate an LPC review of the approximately
twenty five (25) buildings eligible for designation as New York City Landmarks in the
MSMX district (in addition to the 5 buildings already under LPC review in this district)
as soon as practical with the goal of evaluating their potential for designation and
ensuring appropriate preservation measures are in place.
10.4. Funding for Flower District initiatives: Provide adequate funding to celebrate and
sustain the Flower District. Initiatives may include, without limitation:
■ Establishing a permanent space in the MSMX district for a flower market;
■ Establishing a permanent space for a museum dedicated to the history of the
Flower District;
■ Documenting the history of the Flower District through photography, oral
histories and/or interviews with past and present employees and business owners;
■ Offering public tours of the Flower District;
■ Encouraging new privately owned public spaces to incorporate elements that
maintain a connection to the Flower District; and
■ Conducting outreach to present wholesale flower retailers to gather input and
ideas on how best to celebrate and support the Flower District.
11. Tourism:
● Dedicated funding for CB5 to review the Citywide Hotel Special Permit: CB5
will be studying the Citywide Hotel Special Permit and its impact on the addition
of new hotels in the neighborhood, and specifically the MSMX District, and
potentially proposing changes to the Citywide Hotel Special Permit. We are
asking for dedicated funding to be provided from the City or from our Council
Members to hire consultants to assist CB5 in that goal.",0,6,2,regex_single_resolution
a0cd1d20-d0a8-41f9-b989-662230d89a46,2f6367bd-7a6f-5a39-8e5d-f93f4aa095ba,MCB5,https://www.cb5.org/wp-content/uploads/2023/11/Review-of-Intercity-Curbside-Bus-Practices-CMB-docx.pdf,2023-11-01,1,MANHATTAN COMMUNITY BOARD 4 MANHATTAN COMMUNITY BOARD 5,"MANHATTAN COMMUNITY BOARD 4 MANHATTAN COMMUNITY BOARD 5
REVIEW OF INTERCITY
CURBSIDE BUS PRACTICES
February 2022
Table of Contents
INTRODUCTION 3
OVERVIEW OF THE INTERCITY BUS INDUSTRY 4
History of Regulation 4
Emergence of Curbside Industry 5
Definitions 6
Regulatory Tools 7
Regulatory Tools & Strategies 8
Use of Regulatory Tools & Strategies by City 9
BOSTON, MASSACHUSETTS 10
PHILADELPHIA, PENNSYLVANIA 12
ATLANTIC CITY 16
WASHINGTON, D.C. 18
NEW YORK CITY 20
Appendix A : ON line Presentation including additional financial analysis 23
Appendix B : Works Cited 23
Appendix C: Approved Intercity bus stops in New York City 25
Appendix D : Philadelphia regulation 26
Appendix E: Washington regulations 29
Appendix F: New York regulations 52
INTRODUCTION
The Review of Intercity Curbside Bus Practices was undertaken by Manhattan
Community Boards Four and Five, who have been inundated by intercity curbside
terminals installed in midtown, in spite of high traffic and sidewalk congestion. The current
State and City legislative and enforcement frameworks are inadequate to manage the
proliferation of such curbside terminals.
Intercity bus operating methods made long-distance bus travel accessible and appealing
to passengers seeking affordable connectivity. Deregulation coupled with increasing
demand for inexpensive bus travel between major cities led to an expansion of the
intercity bus industry, which in places exceeded off-street bus capacity and led to more
curbside operations. Federal deregulation then opened the door to new operators
seeking curbside space and facilitated the rapid growth and expansion of the industry.
This expansion placed additional pressures on the limited, competing spatial demands of
streets and sidewalks of major Northeastern US cities. This in turn is leading to demands
for an expanded set of tools for cities to employ in order to minimize adverse impacts of
on-street bus loading, unloading, and staging.
This document is a summary of curbside intercity bus practices in four major northeastern
U.S. cities: New York City, Washington, D.C., Philadelphia, and Boston. Atlantic City,
notable because of its particularly unique regulations, is also included. The four major
cities discussed make up the largest urban centers within the Northeast Corridor (NEC),
which is the most heavily trafficked bus and rail route in the United States.
Studying practices and successes in other cities is a necessary first step to inform a
possible rule change as the Port Authority is planning a new Intercity Bus Terminal. We’d
like to thank Wally Rubin, former District Manager of Manhattan Community Board 5 for
his contribution to this initiative and the Port Authority of New York and New Jersey for
helping us obtain the necessary information.
OVERVIEW OF THE INTERCITY BUS INDUSTRY
History of Regulation
From the 1920s through the 1970s, the intercity bus industry underwent many regulatory
reforms evolving from little to no regulations, to extensive control, and then back to
almost complete deregulation. The comprehensive regulations of the Motor Carrier Act of
1935 governed the industry for 47 years, during which time the Interstate Commerce
Commission (ICC) tightly controlled intercity buses including ticket prices, routes, and
competition.
The period of ICC governance produced bus monopolies, inadvertently limiting the ability
of small, independent operators to break into the industry because they lacked the
means to adhere to the strict permit requirements the ICC imposed on operators. The
ICC’s firm control remained in place until the 1970s, when political sentiment toward
government regulations began to change. The ICC then began to encourage more
independent operators to enter the market by reducing regulations and moving away
from strict route management (Schwieterman & Antolin, 2018).
Next came the Bus Regulatory Reform Act of 1982. This Act allowed bus lines, for the
first time since 1935, the freedom to add and cut routes, as well as raise or lower fares
without permission from any government authority and prohibited state and local
governments from regulating the schedule or rates of interstate buses. (Klein, 2009) These
legislative changes meant the bus industry was no longer bound by schedule or fare
restrictions, while it would continue to be required to follow motor vehicle laws, federal
and state operating permit mandates, and safety requirements. The impact of intercity
bus deregulation would in time lead to the low-cost intercity providers operating
drop-off and pick-up on city streets (Klein, 2009).
Emergence of Curbside Industry
The 2008 report The Emergent Curbside Intercity Bus Industry: Chinatown and Beyond
by Nicholas J. Klein tells the story of the Fung Wah Transportation Company, which was
generally recognized as the first curbside carrier in the northeast. Fung Wah began
offering inexpensive bus trips between Chinatown in New York City and Chinatown in
Boston in 1998. Originally catering to the local Chinese community, college students
soon discovered the service and demand grew. This service was the origin of what has
become the curbside intercity bus industry. (Klein, 2009)
In 1999, as Fung Wah expanded and offered more destinations and more frequent
service, other companies also entered the market. The proximity and latent demand for
travel between cities in the Northeast corridor made this a highly popular service. This
expansion placed additional pressure on the crowded streets of Chinatown communities
in New York City and Boston as all operations, from ticket purchases to passenger
queuing, were transpiring on city streets (Klein, 2009). Some of the bus companies
began to supplement their curbside operations with rented storefronts for use as ticket
offices and waiting rooms. Despite the operators’ efforts to mitigate the pedestrian
congestion, residents increasingly objected to the growing bus presence, and the
controversy over the operating method began to take shape.
According to Klein, in less than a decade, the success of the Chinatown buses, as well
as the advent of internet-based reservations and ticketing, led to large corporate carriers
following with a similar operational method as Fung Wah (Klein, 2009). Today, the largest
carriers in the intercity bus industry operate services at curbside spaces on city streets in
addition to traditional bus terminals.
By 2016, approximately 5,000 intercity bus trips carrying an estimated 62 million
passengers annually, were scheduled each weekday in the United States—an increase
of about 35 percent since 2006. This total represents approximately twice the annual
passengers carried by Amtrak, but only 10 percent of commercial airlines.
(Schwieterman & Antolin, 2018) After a couple of decades of growth, the curbside
intercity bus industry has become a challenge for cities struggling with their curbside
management practices.
Definitions
A bus that provides regularly scheduled bus service for the
Intercity Bus
general public with limited stops between cities and other
areas not in close proximity to each other
A van or bus used to transport passengers between
Shuttle Bus
worksites, or between residential buildings and transit
hubs
A private vehicle with more than 15 seats used for public
Sightseeing Bus sightseeing or touring within a Municipality. Typically
includes a guided tour of attractions seen while on route
from one point to another.
A privately-operated bus usually hired for short period of
Tour Bus time by a particular group for use as transport to and from
one or more locations, principally from one destination to
another and back to the original destination.
A public/private vehicle with more than 15 seats that
transports commuters to and from locations within the
Commuter Bus
municipality or between neighboring states within short
distances of less than an hour in travel time.
Regulatory Tools
With the federal government no longer regulating the intercity bus routes, local
governments stepped in to address neighborhood concerns. Each of the cities discussed
in this review regulates the curbside intercity bus industry through their authority to protect
public safety and govern the use of curbside space. All cities that were evaluated in this
review use some type of system to manage intercity buses, but no two cities have
implemented the exact same governance model, nor do any of the cities utilize all the
identified regulatory tools. Two of the tools – providing off-street terminal capacity; and
fees and charges – are used by all the cities, although the degree to which each is used as
a regulatory tool varies greatly. All the cities also have at least one bus terminal, but in
most cases the terminals are at or near capacity and only house a portion of the intercity
bus industry, leaving many carriers to operate curbside. Atlantic City is the only city that
utilizes a dedicated enforcement team, and the only one to require an access permit to the
municipality. The details of each city are discussed further in this review.
Each of the cities reviewed has fees or charges for use of an authorized operating
location. The fees charged to each company vary depending on the size of its operation.
In New York City, for example, carriers apply for a bus stop permit for each curbside bus
stop and pay an administrative fee, which is capped by state law, for each permit. The
regulatory cost for the bus carriers varies by city. The following sections take a city by city
look at how these regulatory tools are implemented.
Regulatory Tools & Strategies
Municipality Access Authorization for a bus to enter and operate within a
Permit specific municipality.
Corralling
A regulatory tool in which a municipality requires, or inversely
prohibits, curbside intercity buses to operate in a specific area,
often around a major transit hub or landmark.
Curb Permits
Authorization for an intercity bus operator to use specific curb
space.
Fees and Any financial obligation placed on an intercity bus company by a
Charges municipality, private operator, or state agency for use of space or
general access. These are typically a cost-recovery measure and
may include administrative costs or lost revenue from metered
parking.
Public Committee The participation by an authorized body in the decision process for
Review the issuance of an intercity bus permit.
Route Limitations of where buses can travel; e.g. buses only allowed on
Restrictions designated streets.
Activity Limit Limitations placed on the number of arrivals and departures
allowed by an intercity bus operator at a specific location, based
on the operator’s application for a permit.
A structure in which passengers board and alight from a bus;
Terminal
where a trip or segment starts or ends.
Use of Regulatory Tools & Strategies by City
Atlantic New York
Boston Philadelphia Washington
City City
Municipality Access
+
Permit
Corralling + +
Curb Permits + + +
Fees and Charges + + + +
Public Committee
+ +
Review
Route Restrictions + + + +
Activity Limit + + +
Terminal + + + + +
BOSTON, MASSACHUSETTS
Intercity Bus Management Strategy
Boston has primarily used its general traffic regulations to manage curbside operations,
enforcement which is handled by the Boston Police Department. Most intercity bus trips
operate out of South Station Bus Terminal or from private off-street locations; however,
limited exceptions allow some small curbside bus operations.
Facility Operations: South Station & Alewife
Hundreds of intercity buses operate out of Boston’s South Station 24 hours a day, seven
days a week. According to the Massachusetts Regional Bus Study conducted in 2013,
about 634 buses operate out of the Bus Terminal at South Station daily. (Central
Transportation Planning Staff, 2013)
South Station Bus Terminal is owned by the Massachusetts Bay Transportation Authority
(MBTA) and is contracted to Newmark and Company for regular management and
day-to-day operation. According to the Boston Regional Metropolitan Planning
Organization’s Report, bus carriers negotiate the right to use a specific gate with
Newmark Knight Frank, who issues them a license. The MBTA or Newmark can terminate
this license with 60-days’ notice. Each company is required to pay fees to lease their gate
and ticket counters as well as a departure fee for each scheduled trip, which in 2017 was
$14.00 per bus departure. The bus carriers must comply with a detailed set of policies
within the terminal, which include guidelines on boarding and discharging passengers and
other safety related policies. Carriers may be fined for violating the station’s policies
(Central Transportation Planning Staff, 2013).
There is also a smaller station in Alewife which is used for both intercity and commuter
services. Similar small-scale facilities also exist in other outlying communities around
Boston, such as Quincy and Riverside, which have direct connections to inner-city rail
rapid transit.
Curbside Intercity Bus Regulations
Boston first started to experience an expansion of curbside intercity bus activity when
Fung Wah first began operating multiple daily trips between New York City and Boston in
the late 1990’s. With no specific bus stop regulations in place, these buses began to
board and discharge passengers along curbsides in Boston’s Chinatown near South
Station. This led to the need for Boston to reevaluate its management approach.
According to Jim Mansfield, the Boston Transportation Department's Director of
Community Affairs, ""there was a constant problem with the idling of engines, the blocking
of traffic, the illegal selling of tickets, [and] the signs"" (Wong, 2013).
The curbside bus operators found Boston unwilling to authorize curb space to
accommodate their innovative operating methods. Officials familiar with the issue in the
Boston Department of Transportation informed staff at the Port Authority of New York and
New Jersey (PANYNJ) that Boston held an informal policy on intercity curbside buses and
refused to grant curbside use of their public streets for these operations, wanting the
carriers to use South Station. When bus carriers continued to operate from curbside
locations, without designated bus stops, the Boston Police Department issued frequent
violations. News sources at the time reported that a sustained enforcement effort to
protect public safety and regulate curbside parking resulted in the issuance of violations
that equaled nearly $11,000 in fines for Fung Wah from March through September of
2004 (Bailey, 2004). The focused enforcement effort became a high liability for the
curbside operators, and soon Fung Wah and others decided to move into South Station.
As of 2019, these practices were still in place and Boston does not issue authorization for
the use of curbside space, except in limited circumstances for small operations.
Looking Forward
Due to South Station’s limited capacity, bus carriers have recently found other off-street
locations for their operations. These operations are on private lots instead of public
curbside space. On account of continued growth in demand, there are ongoing plans to
expand South Station’s bus capacity. The plans were last updated in 2016 (South Station
Phase I Owner LLC, 2016).
PHILADELPHIA, PENNSYLVANIA
Intercity Bus Management Strategy
Philadelphia does not have enough capacity to move its bus operation inside a terminal. It
manages its curbside operation by issuing permits within corralling zones around the train
station and the Greyhound terminal, where pedestrian activity is limited. Philadelphia
American Bus Association estimates 880,00011 bus trip take place in the Philadelphia area
every year (2016); a majority of these trips utilize curbside operations.
Facility Operations: Greyhound Terminal
The Greyhound Terminal, located in the Center City neighborhood of Philadelphia, is
home to Greyhound, Fullington Trailways, Martz Trailways, Peter Pan Bus Lines, and NJ
Transit. Curbside intercity operations also occur in the streets adjacent to the terminal.
Recently, Greyhound sold a portion of their terminal property which contained some bus
storage and staging space.
Curbside Operations and Regulations:
Intercity bus service in Philadelphia is split between a curbside location next to the 30th
Street Station and the Greyhound Terminal in Center City (which also has an independent
curbside service operating adjacent to the Greyhound terminal). Megabus, Bolt Bus, and
Martz Trailways operate at the 30th Street location next to the commuter and intercity rail
station used by the Southeastern Pennsylvania Transportation Authority (SEPTA) and
Amtrak.
Philadelphia has been unable to move curbside intercity bus operations inside a terminal
due to a lack of available capacity. The city instead manages intercity bus operations
through a permit system for street space adjacent to the 30th Street Station curbside hub.
In the permitted locations, the city created specialized bus parking zones and began
collecting the metered rate for the spaces from the bus operators. In addition to the
regulations, the city has placed an emphasis on the use of corralling around central
1Number reported is combination of two reporting districtsbased on congressional district from the ABA
report. The separate reported ABA numbers are 858,201 for PA 3 and 20,831 for PA 2 both of which make up
the Philadelphia area.
transportation hubs as a strategy to manage curbside operations. One hub is close to the
30th Street Station and the other is close to the Greyhound Terminal. Using the
municipality’s authority to regulate its curb space for the purpose of protecting public
safety and regulating parking, the Philadelphia Department of Streets (PDS), with
enforcement from the Philadelphia Police Department, issues intercity bus permits to allow
for curbside operation.
PDS regulations governing the Bus Loading Zones are found under Section 12-907 of
the Philadelphia Code, which enables the department to designate a stop “when it
determines such stands are necessary and justified by traffic conditions”.
The permits provide 60-foot bus stop zones that must be renewed annually. Applications
must include proposed schedules and the city’s annual fee of $5,000 for an exclusive
loading zone ($2,500 for a shared loading zone). Bus zone permit applications are
evaluated internally based on the standards set forth in the adopted regulations pursuant
to the city code.
The following are considered when deciding whether to issue or renew a permit:
1. Direct effect on vehicular and pedestrian traffic
2. The intercity bus service schedule, peak hour concentration, and anticipated
traffic conditions
3. The character and use of the block on which the proposed zone is to be
situated
4. The number of passengers expected to board or disembark at any given time
and their anticipated effect on the neighborhood
5. The anticipated effect on nearby public transit systems
6. The existing parking regulations and ordinances pertaining to the block
7. The policies contained in the Complete Streets Design Handbook
8. Any other effect of the proposed operations in public space on public health and
safety and the efficient and safe operation of the existing transportation network,
including pedestrian, vehicle, and all other modes of transportation.
A renewal permit, which is issued for a one-year period, is granted after a review of a
submitted written safety report, which must include “all vehicular accidents involving the
operator's buses within the bus loading zone”. Officials with the PDS informed PANYNJ
staff that renewals are rarely denied. In cases where there have been issues, the
department has worked with the operator to find a suitable alternative. No initial
application or renewal application has ever been fully denied as of September 2019.
In addition to city-wide curbside regulation, the city has made a focused effort on
centralizing the intercity bus activity utilizing corralling. One of the two major corrals for
intercity buses is located on JFK Boulevard west of 30th Street and the Amtrak station.
The other corral zone is located near the Greyhound Terminal. The designation of these
locations is the result of efforts by the city to corral the intercity buses to a centralized
location with low sidewalk activity—Mega Bus and Bolt Bus share departure space and
arrival spots for which they must reimburse the city for the lost parking meter revenue.
The scheduled arrivals and departures for these operations have been limited by the city
to three per hour (Scott, Wicks III , & Colli, 2013).
The other corral zone is located near the Greyhound Terminal. Focus Travel, a discount
intercity bus operator, maintains a space for ticket sales and passenger waiting in a
street-level storefront on 11th Street.
Philadelphia responded to the proliferation of curbside operating buses with the
implementation of a permit system for Bus Loading Zones and efforts to corral the
buses to a centralized location with light pedestrian traffic.
Looking Forward
The 30th Street Station District Plan, published in June 2016, recognizes an opportunity to
reconfigure the current intercity bus operation. The scope of the district plan focuses on
covering the rail yards with private development and finding a new space for buses
(Skidmore, Owings & Merrill LLP, 2016). This new space may provide a more comfortable
experience for passengers and provide better connectivity to rail transit.
ATLANTIC CITY
Intercity Bus Management Strategy
Atlantic City provides a unique regulatory scheme for intercity buses. In response to a
forecasted high demand for intercity buses, the South Jersey Transportation Authority
(SJTA) developed its Bus Management Program. The plan led to the implementation of
permits, mandated parking areas, restricted travel routes, a series of fees, and a
dedicated enforcement team. Generally, curbside activity is not permitted unless required
for traffic management.
Facility Operations: Atlantic City Bus Terminal & Casino Owned Bus Infrastructure
The Bus Management Plan mandates that buses traveling into the municipal limits of
Atlantic City are required to have a permit. A permit can be purchased per trip at $2.80,
or an annual “medallion” is available for $675. For larger fleets of buses, a $40,500
medallion is available (AMJM Harris & AECOM, 2008).
Once a bus is granted permission to enter the city, designated routes are identified on
which buses are required to travel to an authorized bus activity center. On-street stops
are only allowed for traffic management purposes, with permission from the SJTA. The
designated travel routes for buses include all acceptable paths to and from Atlantic City’s
bus activity centers and authorized bus parking facilities. The casinos have bus activity
centers, which are regulated by the SJTA. Applications for activity centers must include
an operating plan, traffic circulation and mitigation plans; and details about the facility’s
capacity. Additionally, applicants must also provide an Impact Statement (AMJM Harris &
AECOM, 2008). Greyhound and New Jersey Transit also have operations from the
municipal bus terminal.
A team of bus management inspectors provides enforcement. As of 2011, Atlantic City
employed three inspectors. These inspectors are given the authority to issue citations for
infractions of the intercity bus regulations, such as a $200 fine for illegal curbside parking
for the first offense. Fines would double for each subsequent occurrence of a violation.
(District Department of Transportation, 2011)
On top of the fee associated with fines and permits, a licensing fee is charged to the
attractions, namely casinos, that generate the motor coach activity. Based on the
number of buses an attraction could accommodate, a fee ranging from $300 to $800 is
levied annually. (District Department of Transportation, 2011)
WASHINGTON, D.C.
Intercity Bus Management Strategy
Current regulations in Washington, D.C., adopted in 2011, require that bus carriers apply
for a permit to operate at curbside locations. The permit process offers spatial guidelines
on the selection of an appropriate location, including criteria such as minimum sidewalk
width, stop length, and existing land use. Additionally, the permit process requires the
identification of specific routes and placement of signs. A public space committee
conducts the review and determines whether it is ultimately approved. Once a permit is
issued, an appropriate fee is charged to the operator. (Sugiura, Beaton, Edulakanti, &
Ricks, 2014)
Facility Operations: Union Station
The idea of using Union Station as a bus terminal was first adopted in 1981 when buses
were included in plans for the station’s redevelopment. Greyhound operated a separate
terminal near Union Station, but development pressure would eventually cause the carrier
to sell off the property and move into the Union Station bus facilities. It wasn’t
until 2015 that buses were incorporated into a section of the parking deck when the
deck was retrofitted to allow for intercity buses
This facility manages a substantial portion of the city’s intercity bus industry. The mixed
utilization of curbside and terminal operations has allowed the city to take an
incremental approach toward addressing the growth of the intercity bus industry.
Curbside Operations and Regulations:
Starting in 1998, the intercity bus industry in Washington D.C. experienced significant
growth resulting in a need to revise the city’s approach to managing the bus operations.
The District’s government began attempts to address the influx of operations in 2008
when the District Department of Transportation (DDOT) proposed rules that would force
the curbside operations to local corrals. As part of this effort, there was an unsuccessful
attempt to ban the sale of tickets on public streets. These unimplemented efforts would in
time lead to the development of the current regulations implemented in 2011. (Alpert,
2008)
Since 2011, Washington D.C. requires all intercity bus operators to obtain a permit for
curbside operations, and levies fees for the exclusive use of public curbside space for
private operation. To obtain a permit, “Operators apply for preferred locations, which are
allotted based on criteria such as minimum sidewalk width, stop length, land use, and
other curb regulations. The bus operators are subject to anti-idling, motor coach, and
interstate commerce regulations.” (National Association of City Transportation Officials,
2011)
While there is still curbside bus service in Washington D. C., a substantial portion of
intercity operations fit into the terminal. The new availability of this facility, in combination
with the 2011 curbside regulations, caused many bus carriers to move away from
curbside operations and into the Union Station bus terminal. (Federal Transportation
Administration, 2017) (Marshall, 2015)
Looking Forward
Washington D.C. has plans for the redevelopment of Union Station, which includes reuse
of the existing bus terminal site and construction of a new bus terminal. The plans envision
better integration of the new bus terminal into a modern intermodal hub. The Washington
Union Station Expansion Project includes an off-street bus terminal with 20
– 25 bus slips. The new bus terminal would provide passengers direct access to the
Union Station concourse, which houses cafes, shops, and restaurants; and will improve
access to other modes of transportation (Federal Transportation Administration, 2017).
NEW YORK CITY
Intercity Bus Management Strategy
New York State (NYS) passed legislation in 2011 allowing New York City Department of
Transportation (NYC DOT) to develop rules that require intercity bus operators to apply for a
permit requesting permission to operate at a curbside location. Today, the number of intercity
departures from curbside stops has surpassed the terminal-based intercity bus activity (Port
Authority of New York and New Jersey, 2016).
Facility Operations: Port Authority Bus Terminal & George Washington Bridge Bus
Station
The Port Authority Bus Terminal (PABT) was the central home of the intercity bus
industry in New York City until it reached capacity as overall bus traffic grew and
demand for new neighborhood-based pick-up and drop-off services emerged
Within New York City, there are two terminals that have intercity bus activity; both of
which are owned by the PANYNJ. Multiple bus carriers use the terminals. These
facilities primarily focus on commuter operations which constitute the bulk of bus
use in the region, but include dedicated gates for intercity bus carriers. The PABT on
42nd Street and 8th Avenue is the world’s busiest bus terminal. The facility has direct
connections to the Lincoln Tunnel, which minimizes bus circulation on city streets,
and allows for its high passenger volumes. The second facility, the George
Washington Bridge Bus Station, is smaller and located on 178th Street and
Broadway with direct access to the George Washington Bridge. Citywide, the
PANYNJ provides 55 gates of off-street space for intercity bus operations: 50 gates
at the PABT, two bus stops on PANYNJ property at 30th Street, and three gates at
the George Washington Bridge Bus Station. (Port Authority of New York and New
Jersey Planning Department, 2019) The PABT is at capacity and cannot
accommodate additional intercity buses at this time.
Curbside Operations and Regulations:
New York City is a hub of intercity bus activity, and its central location within the
Northeastern Corridor and large population support the intercity bus industry. The
curbside intercity bus market in New York City has grown rapidly from virtual non-
existence since the late 1990s (Port Authority of New York and New Jersey, 2016). Today,
the number of intercity departures from curbside stops has surpassed the terminal-based
intercity bus activity (Port Authority of New York and New Jersey, 2016). Several curbside
intercity operators rent storefronts for ticket sale windows and passenger waiting rooms;
however, many utilize online ticketing systems and do not have physical ticket booths or
facilities.
NYC DOT’s traffic rules prohibit most buses from picking up and dropping off passengers
at curbside locations without written authorization from the Commissioner. Prior to 2012,
that authorization was granted for 150 bus stops in the form of “permission letters”.
(Sugiura, Beaton, Edulakanti, & Ricks, 2014) However, many buses were stopping without
authorization. Enforcement, which was generally limited to a $100 parking ticket, did not
significantly deter unauthorized curbside operators. The adverse effects of concentrated
bus activity in densely populated neighborhoods led local community boards and elected
officials to focus new attention on how the city might better regulate curbside intercity
buses. (Sugiura, Beaton, Edulakanti, & Ricks, 2014)
Within the NYC DOT, it was widely recognized that there was a need for a more
comprehensive system for regulating and monitoring on-street operations of intercity bus
companies and higher penalties for violators, which state legislation, described above,
gave the agency an opportunity to implement. The call for stronger regulations began to
be made by activists, community groups, and public officials. In response to community
concerns, the NYC DOT implemented a formal permit program, established by state law
and NYC DOT Traffic Rules in 2012. The formal permitting program allows NYC DOT to
collect more information and better understand and control curbside intercity bus
operations. (Sugiura, Beaton, Edulakanti, & Ricks, 2014)
In response to the challenge of managing the large numbers of vehicles on the street,
New York State (NYS) passed legislation in 2011 allowing New York City Department of
Transportation (NYC DOT) to develop rules that require intercity bus operators to apply for
a permit requesting permission to operate at a curbside location. As part of the permit
application, operators are required to submit operating information and pay an
administrative fee, capped by state law, for the permit based on the number of scheduled
weekly departures and arrivals. The permit approval process includes an evaluation by the
NYC DOT based on public health and safety criteria, input from local community boards,
and, in certain circumstances, other agencies. The New York City Police Department
(NYPD) is authorized to enforce the permit system. State law authorizes parking fines of
up to $1000 for a first violation of the permit rules, whereas other parking violations are
generally limited to $100.22 (Sugiura, Beaton, Edulakanti, & Ricks, 2014)
A NYC DOT list of approved intercity bus stops has 137 locations. Many permits are
issued for shared bus stops. (See Appendix)
Looking Forward
Despite the successes of the permitting program, there are still ongoing discussions about
the role of intercity buses’ use of the curbside. Determining the correct balance between
intercity buses, private vehicle parking, bike lanes, and commercial loading space is very
much a negotiation between various stakeholders who all have competing interests. The
scale of New York’s vast urban environment and large population makes. enforcement
challenging; especially when there are competing priorities and limited resources. As
discussed at the Port Authority’s July 10th, 2019 and September 5th, 2019 Bus Terminal
Replacement public meetings, the curbside intercity bus market in New York City has
become an increasing concern to the community over the last two decades.
As a result , the Port Authority Bus Terminal Replacement project now includes the
creation of a long-distance bus terminal adjacent to its commuter terminal in order to
accommodate all intercity curbside operations that are currently active in the vicinity of the
terminal.
2 New York Vehicle and Traffic Law (VTL) §§ 1642-a, 237.
Appendix A : ON line Presentation including additional financial analysis
https://prezi.com/view/oTc1Tb67Nl64DPHbqFub/
Appendix B : Works Cited
Alpert, D. (2008, June 3). DS2NY Says DDOT Rules Will Kill Their Business. Greater
Washington [Online]. Retrieved February 2, 2019, from
https://ggwash.org/view/525/dc2ny-says-ddot-rules- will-kill-their-business
American Bus Association . (2016). Motor Coach Industry at a Glance United States and
Canada 2016. Retrieved 2019, from
https://www.buses.org/aba-foundation/research-summary/size-and- scope
AMJM Harris & AECOM. (2008). New Jersey’s Long-Range Transportation Plan. Atlantic City: New
Jersey Department of Transportation and NJ Transit. Retrieved 2019, from
https://www.state.nj.us/transportation/works/njchoices/pdf/atlanticcity.pdf
Bailey, S. (2004, June 18). Peter Pan is A Bully. Retrieved from
http://ezproxy.nypl.org/login?url=https://search-proquest
-
com.i.ezproxy.nypl.org/docview/404905820?accountid=
35635
Boston Planning and Development Agency. (n.d.). South Station Air Rights. Retrieved June
21, 2019, from Boston Planning and Development Agency:
http://www.bostonplans.org/projects/development-projects/south-station-air-rights
Central Transportation Planning Staff. (2013). Massachusetts Regional Bus Study . Boston
Region Metropolitan Planning Organization. Boston: Massachusetts Department of
Transportation – Rail & Transit Division.
District Department of Transportation. (2011). District of Columbia Motorcoach Action Plan.
Retrieved from
https://comp.ddot.dc.gov/Documents/Motorcoach%20Action%20Plan.pdf
Federal Transportation Administration. (2017). Washington Union Station Expansion Project:
Concept Screening Report. Concept Screening Report, US Departmentof Transportation,
Washington D.C.
Klein, N. J. (2009). THE EMERGENT CURBSIDE INTERCITY BUS INDUSTRY: CHINATOWN
AND BEYOND.
Study, Edward J. Bloustein School of Planning and Public Policy Rutgers University,
New Brunswick.
Marshall, A. (2015, February 3). The Bus Terminal Is Dead. Long Live the Bus Terminal. City
Lab. National Association of City Transportation Officials. (2011, November 4). Policies to
Manage Intercity
Curbside Bus Operations. Retrieved February 4, 2019, from
godcgo.com: http://www.godcgo.com/wp-
content/uploads/2017/03/PoliciestoManageIntercityCurbsideBusOperat
ions.pdf
Port Authority of New York and New Jersey. (2016). Retrieved from Appendix A: The Design +
Deliverability Brief:
https://old.panynj.gov/bus-terminals/pdf/PABT-Design-Appendix%20A.pdf
(2019, October 2). Port Authority Correspondence with Boston Transportation Department.
Retrieved February 3, 2019, from Curbed Boston:
https://boston.curbed.com/2017/9/20/16334530/boston-south-station-guide
Port Authority of New York and New Jersey Planning Department. (2019).
Schwieterman, J. P., & Antolin, B. (2018). Driving Demand 2018 Outlook for the Intercity Bus
Industry in the United States . (Chaddick Institute for Metropolitan Development)
Retrieved May 8, 2019, from Depaul University:
https://las.depaul.edu/centers-and-institutes/chaddick-institute-for-
metropolitan-development/research-and-
publications/Documents/2018%20Intercity%20Bus%20Outlook.pdf
Scott, M., Wicks III , A., & Colli, E. (2013). Curbside Intercity Bus Industry: Research of
Transportation Policy Opportunities and Challenges. College of Arts & Sciences
University of Delaware, Institute for Public Administration School of Public Policy &
Administration. University of Delaware– University Transportation Center.
Skidmore, Owings & Merrill LLP. (2016). Philadelphia 30th Street Station District Plan. Study,
Amtrak, Brandywine Realty Trust, Drexel University, the Pennsylvania Department of
Transportation, and the Southeastern Pennsylvania Transportation Authority .
South Station Phase I Owner LLC. (2016). Notice of Project Change: South Station Air
Rights. Retrieved June 21, 2016, from Boston Planning and Development Agency:
http://www.bostonplans.org/getattachment/147f7f58-dd54-4702-8659-ce81707bfc35
Sperance, C. (2018, May 1). Latest South Station Tower Delay Shows Ongoing Cost Spat
with City, State and Hines. Retrieved June 21, 2019, from BISNOW:
https://www.bisnow.com/boston/news/mixed-use/latest-south-station-tower-delay-sho
ws- ongoing-cost-spat-with-city-state-and-hines-87940
Sugiura, A., Beaton, E. B., Edulakanti, R. K., & Ricks, K. (2014). Regulating Intercity Bus Stops
in New York City. Transportation Research Record: Journal of the Transportation
Research Board, 2048, 123–
129. Retrieved from https://journals.sagepub.com/doi/pdf/10.3141/2418-15
Wong, N. C. (2013, October 31). Bus line's plan runs awry of cities' rules. Retrieved May 8, 2019,
from Boston.com:
http://archive.boston.com/business/globe/articles/2007/10/31/bus_lines_plan_runs_awry_of
_ cities rules/
Appendix C: Approved Intercity bus stops in New York City
The 330 approved bus stops ( as of September 27, 2021, are listed on the NYC Department of Transportation
website.
https://www1.nyc.gov/html/dot/html/ferrybus/intercity-bus.sht
Appendix D : Philadelphia regulation
Appendix E: Washington regulations
District of Columbia Municipal Regulations PUBLIC SPACE AND SAFETY
Title 24
Section 24-3500. OCCUPANCY OF THE PUBLIC RIGHT-OF-WAY BY INTERCITY BUS
Latest version.
3500 OCCUPANCY OF THE PUBLIC RIGHT-OF-WAY BY INTERCITY BUSES
3500.1 An intercity bus service operator shall not occupy any portion of the public right-of-way for loading or
unloading passengers from an intercity bus unless the operator holds a public space permit issued by the
Director.
3500.2 The minimum size for each intercity bus service passenger loading zone shall be one hundred feet (100 ft.)
in length.
3500.3 No permit shall be issued to occupy the public right-of-way to load or unload passengers, or arrive or
depart the public space, during a time when standing or parking on the roadway is prohibited, such as during
rush hour.
3501 APPLICATION FOR PUBLIC SPACE PERMIT BY INTERCITY BUS SERVICE OPERATORS
3501.1 An intercity bus service operator seeking to occupy the public right-of-way shall submit to the Department
a public space permit application and application fee, as specified in section 225 of this Title. The application shall
be submitted on a form provided by the Director.
3501.2 An intercity bus operator already operating at the time these regulations become effective shall have sixty
(60) days from the effective date of the final rulemaking to apply for use of public space for intercity bus loading
and unloading.
3501.3 If an intercity bus service operator seeks to use more than one (1) location for loading and unloading
passengers from the public right-of-way, a separate application shall be filed for each location requested by the
operator. A separate application fees shall also be required for eachlocation.Ifapproved,aseparatepermitshall
be issued for each location.
3501.4 Each completed public space permit application shall include the following information:
(a) The corporate name, mailing address, email address, web site, and telephone number of the
intercity bus service operator;
(b) The name, mailing address, email address, web site, and telephone number oftheintercitybusservice
operator’s contact person, who shall be located within thirty (30) miles from the U.S. Capitol Building;
(c) The name, mailing address, email address, web site, and telephone number of the operator’s agent for
service of process, who shall be located in the District of Columbia;
(d) A valid U.S. Department of Transportation number and interstate operating authority;
(e) A copy of the intercity bus service operator’s liability insurance certificate that meets the
requirements listed in § 3509.2;
(f) Six (6) photographic-quality color copies each of three (3) eight inch by ten-inch (8″ x 10″) color
photographs of the public space, including the sidewalk, curb space, and the roadway, of and adjacent to the
proposed passenger loading zone. The three
(3) photographs shall show the following views:
(1) Frontal view from roadway;
(2) Sharp angle right side view along sidewalk or curb; and
(3) Sharp angle left side view along sidewalk or curb;
(g) Six (6) photographic-quality color copies of eight inches by ten-inch (8″ x 10″) color photographs of any
signs designating parking, standing, or stopping prohibitions in or within ten feet (10 ft.) of the proposed
passenger loading zone;
(h) Six (6) copies of a schematic drawing of the proposed passenger loading zone, to scale and with
dimensions. The schematic drawing shall show the proposed intercity bus passenger loading zone, the roadway
and sidewalk between the nearest intersections on either side of the proposed intercity bus passenger loading
zone, and the proposed public space required for passenger assembly, including any fixtures and signage proposed
to be installed by the intercity bus service operator. In addition, the schematic drawing shall show all existing
fixtures in the public space between the nearest intersections on either side of the proposed intercity bus
passenger loading zone including Metro bus and Circulator bus stops and bus stop zones, Metrorail station
entrances and Metrorail elevators, vault covers and manholes, fire hydrants, trees and tree boxes, signs (including
their content) and sign posts, street lights and traffic signals, sidewalk and roadway vendors, driveways, alleys, and
other curb cuts, marked loading zones and building entrances, bike racks, parking meters, designated bike lanes in
the roadway, and existing curb ramps, roadway, and crosswalk markings or any other similar public safety or
accessibility designation;
(i) A proposal for orderly queuing of waiting passengers so that pedestrian movement along the sidewalk
will not be obstructed and so that pedestrian movement from the sidewalk into adjacent buildings will not be
impeded;
(j) A proposed trash management plan for the removal of trash created by waiting or arriving passengers;
(k) The proposed intercity bus service schedule, including all regularly scheduled departure and arrival
times;
(l) The hours of the day and the days of the week for which the applicant seeks to occupy the intercity
bus passenger loading zone (fractions of an hour are not permitted); and
(m) Any other information that the Director requires to evaluate the application.
3501.5 The Department will provide the intercity bus service operator with contact information of a Department
representative who will accept comments on the application. The contact information shall be included by the
applicant in all notices to the public.
3502 PUBLIC NOTICE OF APPLICATION
3502.1 Within five (5) calendar days after filing an application, the applicant shall give notice of the application
to the adjacent property owner(s) and to the property owners on either side of the adjacent property owner(s).
Notice shall be provided by certified mail or other similar method that ensures date of delivery. The notice shall
include a full copy of the submitted public space permit application, provided, that only one (1) copy of each
photographic that is part of the application need be provided, and the contact information provided by the
Department for acceptance of comments on the application.
3502.2 Within five (5) calendar days after filing an application, the applicant shall deliver notice of the application
by hand to the operator of each business in a building that is located on property that is immediately adjacent to
the proposed passenger loading zone, if the business can be accessed directly from the sidewalk without entry
into a common area of the building. The notice shall include a full copy of the submitted public space permit
application, provided, that only one (1) copy of each photograph that is part of the application need be provided,
and the contact information provided by the Department for acceptance of comments on the application. Notice
need not be provided to any business that cannot be accessed directly from the sidewalk.
3502.3 Within five (5) calendar days after filing an application, the operator shall post signs provided by the
Department on at least one (1) sign pole or streetlight that is immediately adjacent to the curb where the intercity
bus service passenger loading zone will be located. If no sign pole or streetlight is directly adjacent to the curb
where the intercity bus service passenger loading zone will be located, the intercity bus operator may post the
sign on the nearest sign pole or streetlight. The operator shall laminate the signs or protect the signs in another
manner from the weather. The operator shall take all reasonable steps necessary to ensure the signs are posted
for thirty (30) consecutive calendar days.
3502.4 Within five (5) calendar days after providing the required notice as specified in this section, theapplicant
shall file with the Department an affidavit verifying that the applicant provided each notice required in this section.
3503 PUBLIC SPACE FEES FOR INTERCITY BUS OPERATORS
3503.1 The intercity bus service operator shall be required to pay the annual permit fee listed in 24 DCMR §
225.1(q).
3503.2 In addition to the fee referenced in § 3503.1, the applicant shall pay any other applicable public space fee
listed in 24 DCMR § 225.1 to the Department, including lost parking meter revenue caused by the use of the
public right-of-way for the intercity bus service passenger loading zone.
3504 REVIEW OF APPLICATION; APPROVAL OR DENIAL
3504.1 The Public Space Committee or its designee shall review all public space permit applications of intercity
bus service operators to occupy the public right-of- way for loading or unloading passengers.
3504.2 In determining whether an intercity bus service public space permit shall be granted, the Public Space
Committee shall consider the following factors:
(a) Direct impact on vehicular and pedestrian traffic;
(b) The intercity bus service schedule, peak hour concentration, and anticipated traffic conditions;
(c) The proposed size of the passenger loading zone;
(d) The number of passengers expected to board or disembark at any given time;
(e) The anticipated impact on nearby public transit systems; and
(f) Any other effect of the proposed operations in public space on public health and safety and the
efficient and safe operation of the existing transportation network, including pedestrian, vehicle, and all other
modes of transportation.
3504.3 Notwithstanding § 3504.2, the Public Space Committee shall not grant a public space permit to conduct
intercity bus operations at the following locations:
(a) On a block containing a predominately residential building on either side of the block; or
(b) The same side of a block that contains an area designated as a Metro bus or Circulator bus
zone.
3504.4 If two (2) or more applicants apply for the same location, the Public Space Committee shall encourage
the applicants to enter into a written agreement to share the space. If the applicants cannot reach an
agreement, the Department shall decide which applicant shall have exclusive use of the location based on the
following criteria:
(a) Historic usage of the location; and
(b) The order the applications were received by the Public Space Committee.
3504.5 The Public Space Committee shall notify the intercity bus service operator and the Department in writing
whether the application for a public space permit is approved, including any conditions imposed on the intercity
bus service operator by the Public Space Committee, or denied.
3504.6 If the public space permit is approved, the intercity bus service operator shall provide payment of all associated
fees, and file proof of the required insurance and indemnification with the Department.
3504.7 If the public space permit is denied, the Public Space Committee shall provide an explanation for the
denial.
3504.8 If the public space permit is denied, and the intercity bus company hadbeenoperatingatthelocation
while the application was being reviewed, the intercity bus company must cease operation at the location
immediately.
3504.9 After the intercity bus service operator meets the requirements of § 3504.6, the Department shall:
(a) Issue a permit to the intercity bus service operator; and
(b) Post signs delineating the curb space and designating the hour(s) of operation and day(s) of the week
for each approved intercity bus service passenger loading zone. The signs shall prohibit parking during the
hour(s) and day(s) approved for intercity bus service passenger loading and unloading.
3504.10 The permit issued by the Department shall be valid for one (1) year after the date of issuance, unless
earlier cancelled, suspended, or revoked, and may be renewed pursuant to § 3507.
3505 USE OF LOADING ZONE; DISPLAY OF PERMIT
3505.1 An intercity bus service operator shall use a permitted passenger loading zone for the drop-off and pick-up
of passengers for intercity bus service.
3505.2 No intercity bus service operator shall occupy a passenger loading zone except during the approved hours as
posted on the sign.
3505.3 No intercity bus service operator shall occupy an intercity bus service passenger loading zone other than a
loading zone it has been permitted to use.
3505.4 In occupying and making use of a passenger loading zone, the intercity bus service operator shall:
(a) Conduct intercity bus service passenger loading and unloading operations in public space only within its
authorized passenger loading zone;
(b) Conduct active loading and unloading in a safe and expedient manner;
(c) Refrain from ticket vending or any other direct commercial activity on public space other than the
loading and unloading of passengers; and
(d) Queue assembled passengers awaiting intercity bus service in an orderly manner that maintains a ten
foot (10 ft.) clear and unobstructed pedestrian pathway on the sidewalk in the Central Business District and a six
foot (6 ft.) clear and unobstructed pedestrian pathway on the sidewalk in all other parts of the city, and that
does not interfere with ingress or egress to adjacent buildings or businesses.
3505.5 The intercity bus operator shall display a copy of the loading zone permit in a conspicuous location visible from
the public space on the curb side of each authorized intercity motor carrier operating in the approved passenger
loading zone.
3506 CHANGES IN INFORMATION
3506.1 An intercity bus service public space permit holder shall inform the Department in writing at least fifteen
(15) days before any of the following changes:
(a) A change in the intercity bus owner if different from the intercity bus service operator; or
(b) A modification in the intercity bus service operator’s liability insurance; provided the modified insurance
still meets requirements specified in § 3509.2.
3506.2 Upon receiving information described in § 3506.1, the Director, without review by the Public Space
Committee, may approve and issue a new public space permit, and the prior permit shall be void. Within five (5)
days after issuance of a new public space permit, the bus service operator shall ensure that copies of the new
permit are displayed as required by § 3505.5.
3506.3 Prior to the occurrence of any of the following changes, an intercity bus service public space permit holder
shall submit a new application to the Department requesting a new public space permit:
(a) A proposed change in the location of the approved passenger loading zone;
(b) A proposed increase in the size of the approved passenger loading zone; or
(c) A proposed increase in the hours of operation beyond the approved schedule.
3506.4 An application received under § 3506.3 shall be reviewed and approved by the Public Space Committee in
accordance with the process outlined in this chapter for a new intercity bus passenger loading zone application.
3506.5 Upon approval by the Public Space Committee of any changes outlined in § 3506.3 of this section, the
Department shall issue a new permit reflecting the approved change(s), and the prior permit shall be void. Within five
(5) days after issuance of a new permit, the bus service operator shall ensure that copies of the new permit are
displayed as required by § 3505.5.
3507 RENEWAL OF PERMIT
3507.1 An intercity bus service operator may apply to renew an annual permit within thirty (30) calendar days
before the expiration of a current, valid permit issued under this chapter. An application that does not change
information, requirements, or conditions from the current approved permit and an application that changes only
information listed in § 3506.1 may be approved by the Department without review by the Public Space
Committee. All other renewal applications shall be sent to the Public Space Committee for review and shall follow
the procedures outlined in this chapter.
3507.2 No permit shall be renewed unless the intercity bus service operator has paid all fees and costs outlined in
this section applicable to the new period for which the renewal application is filed.
3508 CANCELLATION OF PERMIT
3508.1 The Director may cancel all or part of a public space permit issued pursuant to this chapter at any time and
require the intercity bus service operator to vacate all or part of the public space it is occupying if the Director
determines the public space is required to meet District transportation or public space needs.
3508.2 The Director shall provide written notice to the intercity bus service operator at the operator’s last
address of record at least thirty (30) days before the cancellation of a permit under this section.
3508.3 If the Director requires the intercity bus service operator to vacate all or part of any public space occupied
pursuant to a public space permit, the Director shall refund the percentage of the annual public space permit fee
proportional to the amount of space so vacated and the length of time remaining in the year for which the permit
fee was paid.
3509 REQUIRED INDEMNIFICATION AND INSURANCE
3509.1 Each intercity bus service operator shall defend, indemnify, and hold harmless the District of Columbia
government, and its elected and appointed officials and officers, employees, agents and representatives, from and
against any and all injuries, claims, demands, judgments, suits in law and equity (including without limitation,
habeas corpus actions), actions before administrative tribunals, damages, losses and expenses, including
reasonable attorney's fees and costs of suit or defense, that actually or allegedly, in whole or in part, arise out of,
or result from:
(a) The operations of the intercity bus service operator;
(b) The performance or failure of performance of duties required by or reasonably related to the
intercity bus service; or
(c) The injury to any person or damage to any property, including the property of the District, by the
intercity bus service operator, its employees, agents, or patrons.
3509.2 Each intercity bus service operator shall obtain a public liability insurance policy made out in the name of,
and for the sole benefit of the District of Columbia, a municipal corporation, and its officers and employees,
covering all use of public space. The insurance policy shall contain coverage in the following amounts:
(a) For each individual, five hundred thousand dollars ($500,000);
(b) For each accident, one million dollars ($1,000,000)
(c) For property damage, five hundred thousand dollars ($500,000).
3510 FINES
3510.1 An intercity bus service operator shall be subject to the following fines:
(a) Failure to obtain a permit for an intercity bus passenger loading zone: five hundred dollars ($500) for the
first offense, one thousand dollars ($1,000) for the second offense, and one thousand five hundred dollars
($1,500) for the third and all subsequent offenses. Each bus loading or unloading passengers without a permit
shall constitute a separate offense.
(b) Failure to display a permit for the use of an intercity bus passenger loading zone: one hundred dollars
($100) for the first offense, two hundred dollars ($200) for the second offense, and three hundred dollars ($300)
for the third and each subsequent offense. Each bus failing to display a permit while loading or unloading
passengers shall constitute a separate offense.
(c) Providing intercity bus passenger loading or unloading service outside of the hour(s) and day(s) of the
week permitted: one hundred dollars ($100) for the first offense, two hundred dollars ($200) for the second
offense, and three hundred dollars ($300) for the third and each subsequent offense. Each bus loading or
unloading passengers outside of the approved hour(s) or day(s) of the week permitted shall constitute a separate
offense.
(d) Failure to abide by a condition of the permit: two hundred dollars ($200) for the first offense and
three hundred dollars ($300) for the second and each subsequent offense.
(e) Knowingly falsifying material information provided on the permit application: one thousand dollars
($1,000).
3510.2 The District Department of Transportation and the Metropolitan Police Department may issue the fines
specified in this section.
3511 SUSPENSION AND REVOCATION OF LICENSES
3511.1 The Department may suspend or revoke a public space permit issued to an intercity bus service operator for
any of the following reasons:
(a) Failure to comply with any condition of the public space permit, including failure to pay a fee;
(b) Failure to cure any violation cited under § 3510.1 or failure to pay the associated fine;
(c) Failure to satisfy any outstanding traffic or parking citation for which the intercity bus service operator
was deemed to have admitted or that was sustained after a hearing;
(d) Falsification of any material information provided on the permit application;
(e) Failure to respond to any written request by the Department;
(f) Negative impact on vehicular and pedestrian flow or congestion caused in whole or in part by the intercity
bus service operations;
(g) Causing a public safety hazard; or
(h) Causing a negative impact on rail or bus transit operations.
3511.2 Prior to suspending or revoking a public space permit under thissection,theDepartmentshallprovide
fifteen (15) days written notice to the intercity busserviceoperatorcommittinganyoftheviolationslistedin§
3510.1.
3511.3 Notwithstanding § 3510.2, theDepartmentmayimmediatelysuspendorrevokethepermitissued
to the intercity bus service operator if the intercity bus operations cause or contribute to apublicsafety
hazard.
3512.1 Notices of infractions for violations of this section shall be issued, answered, and adjudicated pursuant to
the Department of Consumer and Regulatory Affairs Civil Infraction Act of 1985, effective October 5, 1985 (D.C.
Law 6-42; D.C. Official Code
§§ 2-1801.01, et seq.(2007 Repl.)) and the provisions of Chapter 31 of Title 16 of the District of Columbia Municipal
Regulations.
3599 DEFINITION
3599.1 For the purposes of this chapter, the following words and phrases shall have the meanings ascribed, except
in those instances where the context clearly indicates a different meaning:
Adjacent property owner – a person who owns the private property nearest the curb where the intercity bus operator
plans to establish an intercity bus passenger loading zone. The adjacent property owner is on the same side of the
street as the intercity bus passenger loading zone.
Bus – a motor vehicle with a seating capacity of more than twenty-five (25) passengers, exclusive of the driver, that
is used for the transportation of passengers;
Department - District Department of Transportation
Director - Director of the District Department of Transportation. Intercity bus – a bus used for
intercity bus service.
Intercity bus service operator – a company that operates intercity buses.
Intercity bus service – regularly scheduled bus service for the general public which operates with limited stops
over fixed routes connecting two (2) or more areas not in close proximity, and which has the capacity for
transporting baggage carried by passengers.
Intercity bus service passenger loading zone or intercity bus passenger loading zone – a segment of a curb lane
designated by signs prohibiting general purpose parking or standing to facilitate loading and unloading of
passengers for intercity bus service.
Occupy – the parking, as that term is defined in 18 DCMR § 9901, of an intercity bus in a public right-of-way under
the jurisdiction of the District of Columbia Government for any purpose.
Person - a person, utility, firm, partnership, association, corporation, company or organization of any kind.
Public right-of-way – all the publicly owned property between the property lines on a street as such property lines
are shown on the records of the District of Columbia, including the roadways, tree spaces, sidewalks, and alleys.
Authority
The Director of the District Department of Transportation (Department), pursuant to the authority set forth in
sections 4(a)(5)(A) (assigning authority to coordinate and manage public space permits and records to the
Department Director), 5(4)(A) (assigning duty to review and approve public space permit requests to the
Department Director), and 6(b) (transferring the public right-of-way maintenance function previously delegated to
the Department of Public Works under section III (F) of Reorganization Plan No. 4 of 1983 to the Department) of
the Department of Transportation Establishment Act of 2002 (DDOT Establishment Act), effective May 21, 2002
(D.C. Law 14-137; D.C. Official Code §§ 50-921.03(5)(A), 50-
921.04(4)(A), and 50-921.05(b)(2009 Repl.)), and section 604 of the Fiscal Year 1997 Budget Support Act of 1996,
effective April 9, 1997 (D.C. Law 11-198; D.C. Official Code § 10-1141.04(2008 Repl.)), which was delegated to the
Director of DPW pursuant to Mayor’s Order 96-175, dated December 9, 1996, and subsequently transferred to the
Director of the Department in section 7 of the DDOT Establishment Act (transferring to the Director of the
Department all transportation-related authority previously delegated to the Director of the Department of Public
Works) (D.C. Official Code § 50-921.06(2009 Repl.)).
Appendix F: New York regulations
NEW YORK STATE :Vehicle and Traffic
§ 1642-a. Bus permit system in cities having a population of one
million or more. 1. For the purposes of this section, the following
terms shall have the following meanings:
a. ""Charter bus"" shall mean a bus transporting passengers for
compensation in chartered party.
b. ""Chartered party"" shall mean a group of persons who, pursuant to a
common purpose and under a single contract and at a fixed charge, have
acquired exclusive use of a bus to travel together as a group to a
specific destination or for a particular itinerary either agreed upon in
advance or modified after having left the place of origin by such group.
c. ""Community board"" shall mean a community board as defined in
section twenty-eight hundred of the New York city charter.
d. ""Intercity bus"" shall mean a bus that transports the general public
between a city having a population of one million or more and any
location outside of such city in scheduled bus service. Provided,
however, that such term shall not include a school bus; or a bus
providing public transportation; or a charter bus.
e. ""Metropolitan transportation authority"" shall mean the corporation
created by section twelve hundred sixty-three of the public authorities
law.
f. ""Public transportation"" shall mean:
(i) mass transportation services provided to the general public by any
public benefit corporation constituting a transportation authority, or a
subsidiary thereof, or any public transportation corporation constituted
as an instrumentality of a state, or a subsidiary thereof, directly or
through a contact with another entity, or
(ii) mass transportation services provided to the general public by
any county, city, town or village directly or through a contract with
another entity pursuant to section one hundred nineteen-r of the general
municipal law, or provided to the general public by another state or any
county, city, town or village in a state other than New York directly or
through a contract with another entity pursuant to a similar law of such
other state.
2. Notwithstanding any provision of law to the contrary, any city
having a population of one million or more may prohibit intercity buses
from loading or unloading passengers on streets within such city except
on designated streets and at designated locations on such streets
pursuant to a permit in accordance with the provisions of this section.
3. The mayor of such city which acts pursuant to subdivision two of
this section shall designate an agency to promulgate rules to implement
this section. Such city agency shall promulgate such rules which shall
comply with chapter forty-five of the New York city charter including a
public hearing. Such rules shall:
a. Establish a system of permits for allocating locations on
designated streets where intercity buses may load and unload passengers,
and prohibit loading and unloading of passengers other than at such
designated locations on such designated streets pursuant to a permit;
b. Require the owner or operator of an intercity bus to submit an
application for a permit for each proposed location for loading and
unloading of passengers. Such application shall include the following
information:
(i) The name, address, telephone number, e-mail address and motor
carrier number of the intercity bus owner or operator, the United States
department of transportation number and/or New York state department of
transportation number for each bus that would use such proposed
location;
(ii) A proposed location or locations to be used by the specified
intercity buses for loading or unloading passengers, and two or more
alternative proposed locations;
(iii) The number of intercity buses that would use the proposed
location or locations;
(iv) The number of passengers anticipated for each such intercity bus;
(v) The proposed intercity bus schedule;
(vi) The planned garage or parking location of the intercity buses
during periods when such buses are not being used; and
(vii) Any other information deemed necessary by the commissioner of
the city agency designated pursuant to this subdivision.
c. Establish criteria for assigning locations to permit applicants,
which shall include traffic and safety considerations, the preferences
of the applicant, consultation with the local community board as
provided in paragraph b of subdivision four of this section and other
criteria deemed appropriate by the commissioner of such city agency;
d. Provide that such permit shall be issued for a term of up to three
years, except that such city may relocate a designated location for the
loading and unloading of passengers by an intercity bus, upon ninety
days notice to the holder of a permit and after consultation with the
local community board as provided in paragraph b of subdivision four of
this section, pursuant to the criteria established in accordance with
paragraph c of this subdivision;
e. Include criteria under which intercity bus owners or operators
assigned a designated location for loading and unloading passengers
prior to the effective date of this section shall be issued a permit to
use such location for the loading and unloading of passengers for a
period of up to three years from the effective date of this section;
f. Establish a timeframe of up to one hundred fifty days for
determinations on permit applications, and a process for reviewing the
determination on the application;
g. Require intercity bus owners or operators to notify such city
agency of changes to information provided in such permit application;
h. Require intercity bus owners or operators to prominently display a
copy of the permit in each intercity bus;
i. Require the posting of all approved applications on a website for
public access by such city agency within thirty days of approval;
j. Include such other requirements as are deemed appropriate by the
commissioner of such city agency;
k. Set forth a schedule of fines or civil penalties for violations of
the rules by owners or operators of intercity buses, including for
loading or unloading passengers on a city street without a permit or for
failure to comply with any permit requirements or restrictions, provided
that such fines or civil penalties shall not be more than one thousand
dollars for a first violation, and not be more than two thousand five
hundred dollars for a second or subsequent violation within two years of
the first violation; and
1. Provide for the suspension or revocation of a permit for failure to
comply with any permit requirements or restrictions.
Such rules also may provide for the imposition of an annual fee for
such permit to cover administrative expenses, not to exceed two hundred
seventy-five dollars per vehicle.
4. The city agency designated pursuant to subdivision three of this
section to promulgate rules shall:
a. Have the authority to designate streets and locations where the
loading or unloading of passengers by intercity buses shall be
permitted;
b. Consult with the local community board for the district
encompassing the location to be designated in a permit, including but
not limited to a notice and comment period of forty-five days, prior to
the issuance or permanent amendment of such permit;
c. Consult with the metropolitan transportation authority when a
proposed location or relocation for the loading and unloading of
passengers by an intercity bus would overlap with an existing
metropolitan transportation authority bus stop;
d. Consult with the port authority of New York and New Jersey when a
proposed location or relocation for the loading and unloading of
passengers by an intercity bus would overlap with an existing port
authority of New York and New Jersey bus facility.
e. Post all locations designated for the loading and unloading of
passengers by intercity bus on a website for public access within thirty
days of approval; and
f. Have the authority to temporarily amend any approved location for a
period of up to ninety days for reasons of public safety or other
emergency or temporary need as determined by such city agency without
prior consultation with the local community board; provided that such
city agency informs the affected community board in writing no more than
thirty days after any such temporary amendment.
5. Notwithstanding any other provision of law, in addition to those
persons otherwise authorized to enforce any rules promulgated pursuant
to this section and adjudicate violations thereof pursuant to article
two-A or two-B of this chapter, this section shall also be enforceable
by an agency or agencies designated for such purpose by the mayor of
such city, and notices of violation issued by such agency or agencies
shall be returnable to the environmental control board of such city,
which shall have the power to impose the civil penalties herein
provided. All proceedings before the environmental control board and any
enforcement proceedings shall be conducted in accordance with
subdivision d of section one thousand forty-nine-a of the New York city
charter and the rules of the environmental control board, except that
service of a notice of violation of any rule promulgated pursuant to
this section shall be made on the owner or operator of the intercity bus
involved in the violation (i) in the same manner as is prescribed for
service of process by article three of the civil practice law and rules
or article three of the business corporation law; (ii) by delivering
such notice to the operator of the intercity bus, and mailing a copy of
the notice to the owner or operator of the intercity bus, provided that
proof of such service shall be filed with the environmental control
board within twenty days, and service shall be complete ten days after
such filing; or (iii) by affixing such notice to the intercity bus, and
mailing a copy of the notice to the owner or operator of the intercity
bus, provided that proof of such service shall be filed with the
environmental control board within twenty days, and service shall be
complete ten days after such filing. Civil penalties may also be
recovered in a proceeding commenced in a court of competent
jurisdiction. Notwithstanding any other provision of law, such civil
penalties imposed by such environmental control board shall be paid into
the general fund of such city. Notwithstanding section one hundred
fifty-five of this chapter or any other provision of law, where a person
has been adjudicated to be in violation of any rules promulgated
pursuant to subdivision three of this section, such adjudication shall
not have the force and effect of a conviction of a traffic infraction or
of a violation of any provision of this chapter for any purpose not
specified in this section.
NEW YORK CITY Title 34- Chapter 4-01
Bus. ""Bus"" means every motor vehicle having a seatingcapacity of more than fifteen passengers, in addition to the
operator, and used for the transportation of persons, and every charter bus, school bus and sight-seeing bus, regardless
of seating capacity, as defined below.
(i) Charter bus. The term ""charter bus""means a bus transporting passengers for compensation in a chartered
party.
(ii) School bus. The term ""school bus""means every motor vehicle regardless of seating capacity owned by a public
or governmental agency or private school and operated for the transportation of pupils, teachers and other persons
acting in a supervisory capacity, to or from school or school activities, or privately owned and operated on a regular
basis for compensation for the transportation of pupils, teachers and other persons acting in a supervisory capacity to or
from school or school activities.
(iii) Sight-seeing bus. The term ""sight-seeingbus"" means a bus for hire carrying passengers from a fixed point in
the City of New York, at which point the passengers embark and are generally discharged to a place or places of interest,
assembly, or amusement in the City of New York, and including a charter bus, as defined in these rules, when engaged in
a sight-seeing operation.
(iv) Shuttle bus. The term “shuttle bus”means a bus operating entirely within the City of New York that does not
charge a fee to its passengers.
(v) Intercity bus. An “intercity bus” meansa bus that transports the general public between the City of New York
and any location outside the City of New York in scheduled bus service. Such term does not include a school bus, a bus
providing public transportation, or a charter bus.
Chartered party. The term ""chartered party""means a group of persons who, pursuant to a common purpose and
under a single contract and at a fixed charge, have acquired exclusive use of a bus to travel together as a group to a
specific destination or for a particular itinerary either agreed upon in advance or modified after having left the place of
origin by such group.
Title 34 – Chapter 4-10
§ 4-10 Buses.
(a) Franchise regulations.
(1) Franchise required. No person shall operateor cause to be operated on any street a bus for the operation of
which a franchise, consent, or certificate of convenience and necessity, order, or other authorization of any municipal,
state, or federal authority is required, unless such franchise, consent, certificate of convenience and necessity, order or
other authorization shall have been obtained. No person shall operate or move or cause to be operated or moved on
any street a bus operating pursuant to a certificate of convenience and necessity, order or other written authorization of
any state or federal authority for which operation of a franchise or consent of the Department of Transportation of the
City of New York is not required, unless there shall be filed with the Commissioner, not later than two weeks after
issuance, duly authenticated copies of such certificates, orders, authorizations and amendments thereto.
(2) Franchise not required. Every person applyingto any governmental authority other than the City of New York for
authorization to operate a bus into or through the City of New York, for which operation or a franchise or consent of the
Department of Transportation of the City of New York is not required, shall, within ten days after the date of submitting
such application to such governmental authority, file a duly authenticated copy thereof with the Commissioner, and
attach thereto a statement setting forth the address, by street and number, of any proposed off-street terminal or
terminals to be used within the City of New York.
(b) Designated routes. No person shall operateor cause to be operated on any street a bus operating pursuant to a
franchise or consent of the Department of Transportation of the City of New York which designates the route to be
followed, except on the route so designated. No person shall operate or cause to be operated on any street any other
bus, other than a charter bus, except over a route designated by the Commissioner in writing.
(c) Pickup and discharge of passengers and layovers.
(1) Pickup and discharge of passengers atassigned bus stops. Except as provided in paragraph(2) below, no
operator of a bus, except a charter or school bus, shall pick up or discharge passengers on a street except at a bus stop
assigned for the use of that operator by the Department in writing. A bus may only stop at a location that has been
assigned to it by the Department. Charter buses, school buses, buses licensed by the New York City Taxi and Limousine
Commission, buses operated by the Metropolitan Transportation Authority or any of its subdivisions or buses operating
pursuant to a contract or franchise with the City of New York are not required to obtain permits for bus stop
assignments. For all other bus types, bus stop assignments will be made by the Department under a permit system in
accordance with subdivisions (d) and (j) of this section. A charter bus may stop on a highway at points of origin and
destination for the purpose of expeditiously receiving or discharging passengers, except where prohibited by sign or by
the Department. While picking up or discharging passengers, a bus must be within twelve inches of the curb and parallel
thereto, except where a bus stop is physically obstructed.
(2) Pickup and discharge of passengers atlocations other than assigned bus stops.
(i) (A) At times and along those portions of bus routes assigned by the Department, an operator of a bus
authorized to operate in the City of New York that provides local or express service along a bus route may discharge a
passenger, on such passenger's request, at a curbside location other than a bus stop as described in paragraph (1)
above, provided that such location affords the passenger getting off the bus a safe point of departure from the bus and
provided that complying with such request will not interfere with the flow of traffic.
(B) Prospective passengers shall be picked up only at a bus stop as provided in paragraph (1) above.
(C) The provisions of this subparagraph shall be clearly posted, in a format approved by the Department, in all
buses authorized to discharge passengers between assigned stops.
(D) Clause (A) of this subparagraph does not apply to intercity buses.
(ii) A charter bus may stop on a highway at points of origin and destination for the purpose of expeditiously
picking up or discharging passengers, except where prohibited by sign or by the Department.
(3) Layovers. No operator of a bus shall makea bus layover, except in locations designated by sign or by the
Department in writing. For the purposes of this rule, layover is defined as follows: for a bus without passengers a layover
consists of waiting at a curb or other street location; for a bus with passengers a layover consists of waiting at a curb or
other street location for more than five minutes. The Department may define the terms, including duration and
authorized companies, for use of layover areas.
(d) Intercity Bus Permit System.
(1) Permit Required. The owner or operatorof an intercity bus must obtain an Intercity Bus Permit from the
Department to be assigned an on-street bus stop location. A separate Intercity Bus Permit is required for each on-street
bus stop location designated to such owner or operator.
(2) Applications. An application must be filedwith the Department for new Intercity Bus Permit(s) or the renewal of
Intercity Bus Permit(s).
(i) An application for new Intercity Bus Permit(s) or for the renewal of Intercity Bus Permit(s) must be submitted on
a form provided by the Department, which will include, but not be limited to, the following information:
(A) Name, address, telephone number, e-mail address and motor carrier number of the intercity bus owner or
operator, United States Department of Transportation number and/or New York State Department of Transportation
number for each bus that would use the proposed location(s).
(B) Proposed on-street bus stop location(s) and two or more alternative locations for each proposed location.
(C) Number of bus trips per day that would use the proposed location(s).
(D) Proposed intercity bus schedule for the proposed location.
(E) Final destination(s) of proposed bus service.
(F) Number of passengers per bus anticipated for each bus trip.
(G) Planned garage or other parking location of the bus during periods when the bus is not being used to pick up
or drop off passengers.
(H) The total number of buses that will be used for the permitted bus operations during the full permit term.
(ii) Renewal applications must be submitted to the Department no earlier than six months and no later than three
months prior to the expiration of an Intercity Bus Permit.
(iii) The Department will have up to one hundred fifty days to make a determination on any new Intercity Bus
Permit application.
(iv) The Department will have up to ninety days to make a determination on any renewal Intercity Bus Permit
application.
(3) Review and issuance of permits.
(i) The Commissioner may refuse to issue a permit to an applicant who:
(A) Is in arrears to the City of New York for an amount totaling more than one thousand dollars;
(B) Has been issued five of more violations pursuant to this subdivision;
(C) Is currently under suspension of its authorization to operate by either the United States Department of
Transportation Federal Motor Carrier Safety Administration and/or the New York State Department of Transportation.
(ii) Owners or operators of buses operating intercity bus service who have been assigned on-street bus stop
locations by the department that are still in effect upon the effective date of this subdivision will, upon application
submitted to the department within thirty days of the effective date of this subdivision, be issued Intercity Bus Permits
by the department for a term of up to three years. Such owners or operators who had previously been assigned
on-street bus stop locations by the department and who submitted an application within such thirty day period may
continue to use such assigned on-street bus stop locations for a period of up to ninety days from the effective date of
this subdivision, or until the Intercity Bus Permit is issued by the department, whichever date is sooner. Intercity Bus
Permits issued pursuant to this subparagraph are subject to all provisions of this subdivision.
(iii) The Department will post on its website all approved on-street bus stop locations and a copy of all approved
applications within thirty days of approval.
(iv) On-street bus stop location assignmentcriteria. On-street bus stop assignments will bemade based on the
following criteria:
(A) Traffic, pedestrian flow, and safety.
(B) Preferences of the Intercity Bus Permit applicant.
(C) Location of planned garage or other parking location during periods when the bus is not being used to pick
up or discharge passengers.
(v) Consultation about proposed on-streetbus stop locations.
(A) The Department will notify the local community board for the district encompassing the location of a
proposed on-street bus stop at least forty-five calendar days prior to the issuance of an Intercity Bus Permit or the
relocation of an assigned on-street bus location, in order to provide the community board the opportunity to comment
on the proposed on-street bus stop location.
(B) The Department will consult with the Metropolitan Transportation Authority, if the location of a proposed
on-street bus stop overlaps with an existing Metropolitan Transportation Authority bus stop.
(C) The Department will consult with the Port Authority of New York and New Jersey, if the location of a
proposed on-street bus stop overlaps with an existing Port Authority of New York and New Jersey bus facility.
(vi) If the Department refuses to issue a permit pursuant to subparagraph (i) of this paragraph, or disapproves of
all of an applicant's on-street bus stop location(s) requested in its application based on the bus stop assignment criteria
in subparagraph (iv) of this paragraph, the applicant will have fifteen days to appeal such determination by the
Department or submit alternative bus stop location(s). The Department will make a final determination on such appeal
within thirty days.
(4) Relocation of on-street bus stop locations. TheDepartment may relocate an assigned on-street bus stop location
based on the criteria provided in subparagraph (iv) of paragraph (3) of this subdivision and upon ninety days notice to
the permit holder.
(5) Permit fees. Permittees must pay an annualfee of thirty dollars for each scheduled weekly pick-up or drop-off
listed on the Intercity Bus Permit issued by the Department. If the total permit fee exceeds $275 per vehicle used in the
permitted bus operations, based on the documentation provided by permittee in its application, the permit fee will be
reduced by the department to a maximum total of $275 per vehicle actually used in such permitted bus operations. If
the permittee adds any buses to its operations not listed in its application pursuant to 34 RCNY § 4-10(2)(H)during the
term of such permit, and if the permittee's fee has already been reduced to a $275 per vehicle fee as provided for herein
at the time of permit issuance, then the permittee shall be charged a fee of $275 for each additional vehicle.
(6) Term of Intercity Bus Permits. IntercityBus Permits will be issued for a term of up to three years.
(7) Permittee obligations. All Intercity BusPermit permittees must comply with the following obligations:
(i) Promptly notify the Department of changes to information provided in its application.
(ii) Prominently display a copy of the Intercity Bus Permit in each intercity bus operating pursuant to such Intercity
Bus Permit.
(iii) Display on each intercity bus using the designated location(s) the operator's name, address and telephone
number permanently affixed in characters at least five inches high on both sides of the vehicle, with such display being
in a color contrasting with that of the vehicle and placed approximately midway vertically on doors or side panels.
Permittees may also meet the display obligations by prominently marking buses in such a way that such markings clearly
identify the bus operator when observed from the closest sidewalk that the bus stop at which the bus in question is
stopped.
(iv) Pick-up and discharge passengers only at on-street bus stops designated by the Commissioner for use by the
permittee.
(v) Not stop or stand in its assigned on-street bus stop location except when actively engaged in the pick-up or
discharge of passengers.
(vi) Not alter any Intercity Bus Permit issued pursuant to this section.
(vii) Notify the Department of the issuance of any violation by the United States Department of Transportation
Federal Motor Carrier Safety Administration or the New York State Department of Transportation within five days of the
issuance thereof.
(8) Suspension and revocation of IntercityBus Permits.
(i) The Department may suspend or revoke an Intercity Bus Permit for failure to comply with any of the
requirements of this subdivision or in the event of suspension or termination of the authorization to operate its buses by
either the United States Department of Transportation Federal Motor Carrier Safety Administration or the New York
State Department of Transportation.
(ii) Prior to suspending or revoking an Intercity Bus Permit the Department will give the permittee an opportunity
to be heard with at least two business days notice.
(iii) If the Department determines that an imminent peril to life or property exists, including but not limited to, if
any permittee's driver has been issued a violation for driving while intoxicated or driving under the influence pursuant to
the New York State Vehicle and Traffic Law, or if a permittee's bus has been involved in an accident resulting in a fatality,
the Department may suspend or revoke an Intercity Bus Permit without providing the permittee an opportunity to be
heard prior to such suspension or revocation. Upon request of the permittee, the Department will provide the permittee
an opportunity to present its objections to such suspension or revocation within five business days after the Department
receives the request. Any such request by a permittee must be made within thirty business days of such suspension or
revocation.
(9) Temporary relocation of intercity on-streetbus stops. The Department may temporarily relocatea designated
intercity on-street bus stop location for a period of up to ninety days for reasons of public safety or other emergency or
temporary need as determined by the Department. The Department will notify the local community board for the
district encompassing the location within thirty days of such temporary relocation.
(e) Routes.
(1) Operators of empty buses and buses with ""charter,"" ""special,"" ""contract carriage"" or similar non-route specific
authority given by the City of New York, the Department of Transportation, the Interstate Commerce Commission, or
other legally authorized body, must adhere to the truck routes as described in 34 RCNY § 4-13, or otheradditional bus
routes, except that an operator may operate on a street not designated as a truck route or bus route for the purpose of
arriving at his/her destination. This shall be accomplished by leaving a designated truck route or bus route at the
intersection that is nearest to his/her destination, proceeding by the most direct route, and then returning to the
nearest designated truck route or bus route by the most direct route. If the operator has additional destinations in the
same general area and there is no designated truck route or bus route that can be taken to the next destination, the
operator may proceed to his/her next destination without returning to a designated truck route or bus route. The
operator shall have in his/her possession throughout each trip a route slip, or similar document, showing the points of
origin and destination of the trip. Upon the request of a law enforcement officer, or other authorized person, the bus
operator shall present for inspection the above stated document or documents.
(2) Notwithstanding the provisions of 34 RCNY § 4-10 paragraph (e)(1) above, no operator of a busas described in
paragraph (1) shall operate his/her vehicle upon any of the streets within the area served by the limited local truck route
network in Staten Island as described in 34 RCNY § 4-13(c),except for the purpose of arriving at a destination within the
area served by the network. This shall be accomplished by using a designated truck route or bus route to the closest
limited local truck route to the destination, using this limited local truck route to the intersection that is nearest to the
destination. The operator shall then continue via the most direct route to the closest designated limited local truck route
and then to the closest designated truck route or bus route. If the operator has additional destinations in the same
general area, and there is no designated truck route, limited local truck route, or bus route that can be taken to the next
destination, he/she may proceed to his/her next destination without returning to a designated limited local truck route.
(f) Required inspection of buses. No person shalloperate or cause to be operated on any street any bus required by
law, ordinance, resolution, or rule of any municipal, state, or federal authority to display a certificate, disc, sticker, poster,
or other insignia evidencing that such bus has been inspected and is mechanically fit, or has been bonded or insured, or
that prescribed fees have been paid, unless such a certificate, disc, sticker, poster or other insignia, currently valid, shall
be displayed in the lower right hand corner of the interior surface of the windshield of such bus. In the event it is
required that any writing be placed on any such certificate, disc, sticker, poster, or other insignia by someone other than
a public official, no person shall operate or move or cause to be operated or moved on any street any such bus unless
such writing shall have been placed on such certificate, disc, sticker, poster, or other insignia in black ink and in letters or
numbers no less than one inch in height and three-fourths of an inch in width.
(g) Leased and rented buses. No person shalloperate or cause to be operated a bus leased, rented, or borrowed from
another person unless there is marked on the side of the bus in letters at least three inches in height the words
""chartered by"" followed by the name of the person operating such leased, rented, or borrowed bus. Notwithstanding
the foregoing, buses leased, rented or borrowed from the City of New York shall not be required to have such markings.
(h) Limitation on backing buses. No person shallback any bus from or into any street or across or along any sidewalk.
(i) Bus parking on streets prohibited. No personshall park a bus at any time on any street within the City, unless
authorized by signs, except that a charter bus may park where parking is otherwise permitted at point of destination.
(j) Bus Stop Permits for Non-Intercity Buses.
(1) Permit Required. The owner or operatorof a sight-seeing bus, shuttle bus, or public transportation bus, that
makes on-street stops to pick up or discharge passengers in the City of New York must obtain a Bus Stop Permit from the
Department for each on-street bus stop location. This subdivision does not apply to charter buses, school buses, buses
operated by the Metropolitan Transportation Authority or any of its subdivisions or buses operating pursuant to a
contract or franchise with the City of New York.
(2) Applications. An initial application forBus Stop Permit(s) and a renewal application for Bus Stop Permit(s) must
be filed with the Department on a form provided by the Department.
(i) Applications must include, but not be limited to, the following information:
(A) Company legal name and any and all assumed name(s); the principal address; the telephone number; the
e-mail address; the names of the principal(s) and the title(s); the United States Department of Transportation number
and the Federal Motor Carrier Safety Administration MC number; and/or the New York State Department of
Transportation number; the New York City Department of Consumer Affairs existing license number for renewal
applications; and the vehicle registration for each bus that would stop at the proposed location(s).
(B) Proposed on-street bus stop location(s) and two or more alternative locations for each proposed location if
applicable.
(C) Number of stops to be made per day at the proposed location(s).
(D) Proposed bus schedule for the proposed location(s).
(E) Origin and final destination(s) of the proposed bus service.
(F) Maximum passenger capacity of the bus(es) to be used at the proposed location.
(G) Planned garage or other parking location of the bus(es) during periods when the bus(es) is/are not being
used to pick up or drop off passengers.
(H) Number of buses planned to be used in the operation of the proposed bus service.
(ii) Renewal applications must be submitted to the Department no earlier than three months and no later than
one month prior to the expiration of a Bus Stop Permit.
(3) Review and issuance of Bus Stop Permits.
(i) The Department may refuse to issue or renew a Bus Stop Permit under this subdivision to an applicant or Bus
Stop Permit holder who:
(A) Is in arrears for an amount totaling more than one thousand dollars owed to the City of New York;
(B) Has been issued five or more total violations and/or one or more violations per vehicle in operation pursuant
to this subdivision within the preceding year;
(C) Has failed to provide location data or other information as required by this subdivision. This subparagraph
applies only to sight-seeing bus applicants or permit holders;
(D) Has been found to operate without a New York City Department of Consumer Affairs license, if such license is
required, within the last year or had a license revoked by the New York City Department of Consumer Affairs or has been
found in violation of any of the applicable New York City Department of Consumer Affairs rules and regulations;
(E) Has had its Bus Stop Permit(s) revoked within the last two years; or
(F) Is currently not authorized to operate a bus by either the United States Department of Transportation Federal
Motor Carrier Safety Administration (or any successor agency) and/or the New York State Department of Transportation
(or any successor agency) and/or the New York City Department of Consumer Affairs (or any successor agency).
(ii) The owner or operator of a bus company that has been assigned on-street bus stop location(s) by the
Department, which are still in effect upon the effective date of this subdivision will, upon application to the Department,
within thirty days of the effective date of this subdivision, be issued a Bus Stop Permit by the Department for a term of
up to three years. Such owner or operator who had previously been assigned on-street bus stop location(s) by the
Department and who submits an application within such thirty day period may continue to use such assigned on-street
bus stop location(s) for a period of up to ninety days from the effective date of this subdivision, or until a Bus Stop
Permit is issued by the Department for such location(s), whichever date is sooner.
(iii) In assigning on-street bus stop locations, the Department will consider criteria: including, but not limited to:
(A) Traffic, pedestrian flow, and public safety;
(B) Preferences of the applicant;
(C) Consultation with the local community board for the district encompassing the location to be authorized,
including but not limited to a notice and comment period of 45 days prior to the authorization or permanent
amendment;
(D) The number of stops proposed and the viability of a proposed bus stop schedule as determined by the
Department;
(E) The availability and location of planned garage or other parking space for periods when buses picking up or
discharging passengers at the authorized stops are not in use;
(F) Ongoing and/or upcoming construction projects in the vicinity of the proposed location(s); and
(G) Any other criteria deemed appropriate by the Department.
The Department must approve or deny such authorizations no later than 180 days from the date of the application.
(iv) The Department will notify the local community board for the community district encompassing the location
of a proposed on-street bus stop at least forty-five business days prior to the issuance of a Bus Stop Permit, or the
permanent relocation of an assigned on-street bus stop location, in order to provide the community board an
opportunity to comment on the proposed on-street bus stop location.
(v) If the Department denies an application submitted pursuant to subparagraph (i) of this paragraph, or
disapproves of all of an applicant's on-street bus stop locations requested in its application based on the bus stop
assignment criteria set forth in subparagraph (iii) of this paragraph, the applicant will have fifteen calendar days to
appeal such determination in the form prescribed by the Department or submit alternative bus stop locations. The
Department will make a final determination on such appeal within thirty days
(4) Relocation of on-street bus stop locations.
(i) Permanent relocation of on-street busstops. The Department may relocate an assigned on-streetbus stop
location based on the criteria provided in subparagraph (iii) of paragraph (3) of this subdivision and upon ninety
calendar days' notice to the permit holder.
(ii) Temporary relocation of on-streetbus stops. The Department may temporarily relocatean assigned on-street
bus stop location for reasons of public safety or other emergency or temporary need as determined by the Department.
The Department will notify the local community board for the community district encompassing the location within
thirty calendar days of such temporary relocation.
(5) Permit Fees. For any new sightseeing busstop application, an applicant must pay a fee of five hundred and
twenty dollars for each bus stop. For any renewal sightseeing bus stop application, an applicant must pay a fee of one
hundred fifty five dollars for each bus stop.
(6) Term of Bus Permits. The Department willfix the term of each Bus Stop Permit, which will not exceed three
years.
(7) Permittee obligations. Bus Stop Permitholders must:
(i) Promptly notify the Department of changes to information provided in its application.
(ii) Keep all the Bus Stop Permits in each bus permitted to use the assigned bus stops and present such permits for
inspection upon request of any law enforcement officer or other person authorized to enforce this rule.
(iii) Prominently display a list of all Bus Stop Permits and specific bus stop locations authorized by such permits in
each bus permitted to use the assigned bus stop in a way that such list can be clearly observed from the closest curb at
which the bus is stopped.
(iv) Display on each bus authorized hereunder to stop at an on-street bus stop the owner or operator's name,
address and telephone number permanently affixed in characters at least five inches high on both sides of the bus, with
such display being in a color contrasting with that of the bus and placed approximately midway vertically on doors or
side panels. Bus operators may also meet the display obligations by prominently marking buses in such a way that such
markings clearly identify the bus operator when observed from the closest curb at which the bus is stopped.
(v) Pick up and discharge passengers only at on-street bus stop(s) assigned by the Department.
(vi) Not stop or stand in an assigned on-street bus stop location except when actively engaged in the pick-up or
discharge of passengers.
(vii) Not alter any permit issued pursuant to this section.
(viii) Notify the Department of the issuance of any violation, revocation, suspension, or other status change, to the
bus operating authority, by the United States Department of Transportation Federal Motor Carrier Safety Administration
or the New York State Department of Transportation, or the New York City Department of Consumer Affairs within five
calendar days of the issuance thereof.
(ix) Notify the Department of the issuance of any traffic or parking violations within thirty calendar days of the
issuance thereof and the issuance of any traffic violation committed by a driver while operating the sight-seeing bus that
could be the basis for the assignment of points within three calendar days of the issuance thereof.
(x) Not transfer, sell, give or otherwise reassign the Bus Stop Permit(s) except as authorized by the Department.
(xi) Provide the Department, in the form prescribed by the Department, with quarterly reports containing Global
Positioning System data for each bus operated by the permit holder, recorded at one-minute intervals, including, but not
limited to, vehicle identification number, time and date of ping, time zone, latitude and longitude, ignition status, speed,
and odometer reading, except as authorized by the Department. This subparagraph applies only to sight-seeing Bus Stop
Permit holders.
(8) Suspension and revocation of Bus StopPermits.
(i) The Department may suspend or revoke a Bus Stop Permit:
(A) For failure to comply with any of the requirements of this subdivision;
(B) In the event of suspension or termination of the authorization to operate a bus by either the United States
Department of Transportation Federal Motor Carrier Safety Administration or the New York State Department of
Transportation or the New York City Department of Consumer Affairs;
(C) Based on any grounds listed in subparagraph (i) of paragraph (3) of this subdivision;
(D) If an operator does not provide a bus service for a period of one month.
(ii) Prior to suspending or revoking a Bus Stop Permit, the Department will give the bus company an opportunity
to be heard upon at least two business days' notice.
(iii) If the Department determines that an imminent peril to life or property exists, the Department may suspend
or revoke a bus stop authorization without providing the permittee an opportunity to be heard prior to such suspension
or revocation. Upon request of the permittee, the Department will provide the permitee an opportunity to present its
objections to such suspension or revocation within five business days after the Department receives the request. Any
such request by a permitee must be made within thirty business days of such suspension or revocation.
(Amended City Record 4/12/2016, eff. 5/12/2016; amended City Record 1/10/2020, eff. 2/9/2020)
(1) location within thirty days of such temporary relocation.",0,1,0,regex_single_resolution
89adbe17-a336-4284-b476-c8571e060e37,3029d604-a27b-5056-a572-27ab016a7166,MCB5,https://www.cb5.org/wp-content/uploads/2023/11/rlapolicy_en-us.pdf,2023-11-01,1,MANHATTAN COMMUNITY BOARD FIVE,"MANHATTAN COMMUNITY BOARD FIVE
COMMITTEE ON PUBLIC SAFETY AND QUALITY OF LIFE
REPORT OF THE MORATORIUM TASK FORCE
WHEREAS, In 1997 the Committee on Public Safety and Quality of Life of Manhattan
Community Board Five passed a resolution (as amended, the ""Moratorium Resolution"")
requesting that the New York State Liquor Authority institute a moratorium on new
liquor licenses on 20th, 21st, and 22nd Streets between Fifth and Sixth Avenues (the
""Moratorium Area""), in order to address serious problems of extreme noise, vehicular and
pedestrian congestion, litter, traffic problems, and belligerent crowds, as well as
vandalism and incidents of violence; and
WHEREAS, In 1999, the Board reaffirmed the Moratorium Resolution, adding some
clarifying parameters: establishments with public space of less than 3,000 feet that
included a full, constructed kitchen were to be exempted, in order to attract dining
establishments in this area rather than nightlife operations; and
WHEREAS, In 2010, the PSQL Committee established the Moratorium Task Force (the
""MTF"") to evaluate the results of Moratorium Resolution, and to determine their
relevance at the present time; and
WHEREAS, The MTF’s mandate was to gather information with particular emphasis on
residents’ input, to then identify and use those findings to form the basis for a report with
recommendations to the PSQL Committee and CB5; and
WHEREAS, Over a period of six months, the MTF gathered information by meeting with
the State Liquor Authority, block associations, neighborhood groups, police detectives,
and building owners, as well as performing direct community outreach and surveying
residents on the streets; and
WHEREAS, An email address list of over fifty residents in the neighborhood was
created, establishing direct communication with these contacts, and monthly email alerts
went out in advance of committee meetings, providing the entire list with the expected
agenda for the upcoming committee meeting; and
WHEREAS, During the six months of research by the MTF, all applications for liquor
licenses in and around the Moratorium Area (whether original or renewals) were assigned
to members of the MTF and used as “case studies” to determine: (a) appropriate criteria
for approving or denying applications, (b) current and relevant input from the public, and
(c) the success of the Moratorium Resolution over the course of the last several years;
and
WHEREAS, The report of the MTF (attached hereto, the ""MTF Report"") was circulated
to the PSQL Committee and adopted unanimously by the Committee after discussion
took place at the PSQL Committee meeting on March 2, 2011, with comments and input
taken from the public; and
WHEREAS, The MTF Report made various recommendations, including revising the
Moratorium Resolution to:
1. Expand the Moratorium Area to include (a) 19th Street between Fifth and Sixth
Avenues, and (b) 20th and 21st Streets between Broadway and Park Avenue South;
2. Increase the maximum size of a permitted operation in the Moratorium Area from
3,000 square feet to 4,000 square feet;
3. Restrict the hours of operation and method of operation for new establishments to
be appropriate and consistent with the special circumstances present in the
Moratorium Area; and
4. Discontinue use of the term “moratorium” in favor of a term more appropriate and
supportable by the SLA; and
WHEREAS, The PSQL Committee unanimously adopted the findings of the MTF Report
and accepted the recommendations set forth in the MTF Report; and therefore be it
RESOLVED, That, in furtherance of the foregoing, Community Board Five hereby
adopts the Policy on the Restricted Licensing Area attached hereto, which policy shall
heretofore supersede and replace the Moratorium Resolution; and be it further
RESOLVED, That Community Board Five urges the New York State Liquor Authority
to review the MTF Report and its findings and to support the restrictions contained in the
Policy on the Restricted Licensing Area as applied to applications relevant thereto.
MANHATTAN COMMUNITY BOARD FIVE
POLICY ON THE RESTRICTED LICENSING AREA
1. Manhattan Community Board Five hereby establishes the ""RESTRICTED
LICENSING AREA"" to include:
a. 19th, 20th, 21st, and 22nd Streets between Fifth and Sixth Avenues; and
b. 20th and 21st Streets between Broadway and Park Avenue South;
2. Any new application for an on premises liquor license within the Restricted Licensing
Area may only be approvable provided that:
a. The premises contains not more than 4,000 square feet of space for patron use;
b. The premises includes a full kitchen;
c. The premises shall never be used as a cabaret;
d. Hours of operation of the premises shall not be later than:
i. Sunday through Wednesday nights: last seating no later than 12 AM;
and
ii. Thursday through Saturday nights: last seating no later than 1 AM;
e. The PSQL Committee finds the proposed ""method of operation"" of the
premises compatible with the nature of the Restricted Licensing Area;
f. In cases where the PSQL Committee specifically approves an applicant’s
request to use promoters, at all times (i) the licensee shall remain responsible
for and in complete control of the premises and its patrons and (ii) all material
positions of operation shall be the employees of the licensee at all times;
g. The applicant shall execute and deliver a legally-binding affidavit, whereby
the applicant shall:
i. Represent (a) the square footage of the premises, (b) the capacity of
the premises, (c) the ""method of operation"" of the premises, (d) the
number and location of all patron bars and service bars in the
premises;
ii. Agree to all conditions and stipulations as required by the PSQL
Committee as a condition to approval of the application;
iii. Agree to incorporate all of the foregoing into the ""Method of
Operation"" included as part of the liquor license application submitted
by applicant to the New York State Liquor Authority, a copy of which
shall be simultaneously submitted to CB5.
3. These requirements shall apply to all new on premises liquor license applications
reviewed by the PSQL Committee after the adoption of this policy. Existing
establishments in good standing with Community Board Five that became licensees
prior to the adoption of this Policy shall be required to maintain their current method
of operation. Notwithstanding the foregoing, any existing establishment that has
community complaints, police reports, or that attracts violence, illegal activity, and/or
creates a public nuisance, shall not benefit from this ""grandfather"" clause and may be
subjected to these restrictions or even stricter scrutiny, and possibly referred to the
State Liquor Authority for enforcement action.
4. This Policy shall be reviewed every two years by a working group of the PSQL
Committee, to ensure that these restrictions remain relevant to the Restricted
Licensing Area and current over the course of time. Recommendations shall be made
by the PSQL Committee to CB5 for consideration.
5. Additional areas that share similar circumstances and concerns as the Restricted
Licensing Area may be added to the Restricted Licensing Area from time to time if
found necessary and appropriate by the PSQL Committee. Recommendations shall be
made by the PSQL Committee to CB5 for consideration.
MORATORIUM TASK FORCE REPORT March 2, 2011
Part I Overview and History
Part II Distinguishing Factors
Part III Findings on the Effectiveness of the Moratorium
Part IV Recommendations
Appendix A: Map of Study Area: Licensees and Residents
Appendix B: Map of Study Area: Zoning Code
Appendix C: Hours of Operation of Licensees
Appendix D: Demographic Information
Manhattan Community Board Five – Public Safety Quality of Life Committee Page 5
MORATORIUM TASK FORCE REPORT March 2, 2011
Part I: Overview and History
The Public Safety and Quality of Life (PSQL) Committee of Manhattan Community Board Five,
responsible for, among other things, reviewing liquor license applications in the district, passed a
resolution in October of 1997 requesting that the State Liquor Authority institute a moratorium
on new liquor licenses on the blocks of 20th, 21st and 22nd Streets between 5th and 6th Avenues, in
order to address serious problems that accompanied the saturation of this increasingly residential
area with licensed establishments: extreme noise, vehicular and pedestrian congestion, litter,
traffic problems, and belligerent crowds, as well as vandalism and incidents of violence.
In 1999, concerned that the problems continued to worsen, the Board reaffirmed the resolution,
adding some clarifying parameters: establishments with public space of less than 3,000 feet that
included a full, constructed kitchen were to be exempted, in order to attract dining establishments
in these properties rather than nightlife operations.
In 2010, Board Chair Vikki Barbero and PSQL Committee Chair Nicholas Athanail convened
the Moratorium Task Force to evaluate the results of these resolutions, and to determine their
relevance in the neighborhood at the present time. This report outlines the task force’s findings
and sets out recommendations for moving forward. Additionally, the task force hopes their
findings will serve as a guide for potential applicants before the Board, so they may better
understand what type of operations are appropriate for this area as they consider locations for
opening new businesses in Community Board Five.
To gather information, the task force met with block associations, neighborhood groups, police
detectives, and building owners, performed community outreach and surveyed residents on the
streets. Over a period of six months, the task force used applications before the committee as
case studies with which to evaluate the success of these resolutions over the course of the last
several years.
Manhattan Community Board Five – Public Safety Quality of Life Committee Page 6
MORATORIUM TASK FORCE REPORT March 2, 2011
Part II: Distinguishing Factors
There are three fundamental factors specific to this area which the task force believes warrant
heightened scrutiny for liquor license applications on these blocks.
Residential Character
The neighborhood has attracted residents for decades, as manufacturing long ago left the area.
Some residents have lived in the neighborhood for over thirty years. Since the passing of the
Community Board’s resolutions in the late 1990s, it has grown even more residential, with
families moving into new residential buildings even at the time of this writing. The
characteristics of the neighborhood, which warranted the passing of the resolutions in 1997 and
1999, have only become more pertinent as the neighborhood has evolved.
Zoning Profile
Generally (see Map 2 for detailed zoning boundaries), 19th and 22nd Streets west of Fifth
Avenue are zoned for high-density commercial activity, with residential use allowed under Use
Groups 1 and 2. East of Fifth Avenue, these blocks are zoned for light manufacturing, with a
special permit granted for residential use.
Since this permitted residential use began, the area has grown far more residential. Zoning that
allows for mixed-use neighborhoods such as these can foster a vibrant and healthy neighborhood,
given that there is an appropriate balance between commercial and residential concerns. But even
among mixed-use neighborhoods, the characteristics of this one are distinctive: the commercial
spaces available for lease on these blocks are very large (in some cases exceeding 10,000 square
feet), and are often immediately adjacent. The number of these large lots with ground floor
commercial space has no comparison in other residential neighborhoods—a characteristic that
weighs heavily on the task force’s consideration of what methods of operation are appropriate
there.
The other major factor specific to these blocks from a zoning standpoint is their classification for
cabaret use. The city’s zoning regulations originally allowed for these large commercial spaces
to be designated as Use Group 12, due to their lot size and capacity. Cabaret licenses fall under
Use Group 12, whose original intent was that clubs and restaurants offering dancing were only to
be allowed in certain manufacturing and commercial zones, but not in residential areas. As the
neighborhood has evolved, zoning has been adapted: in 2004, the existing zoning of the blocks
from 17th Street to 23rd Street between 5th and 6th Avenues was changed from M1-6M (no as-
of-right residential development) to C6-4A (allowing some as-of-right residential development).
A requirement for a special permit from the Board of Standards and Appeals for any new eating
and drinking establishment in the area with a capacity of over 200, as well as for any eating and
drinking establishment of any size with dancing, was retained from the prior zoning.
Nevertheless, despite this change, the zoning code of this area still allows for Use Group 12,
leaving an area full of residents and families who are living directly above, across and next to
buildings that are legally zoned for cabaret use. Nightlife operators are understandably drawn to
commercial spaces with this zoning, but the task force believes it is the role of the Community
Board to weigh this interest with the context into which these businesses might open—the task
Manhattan Community Board Five – Public Safety Quality of Life Committee Page 7
MORATORIUM TASK FORCE REPORT March 2, 2011
force’s primary reason for believing a special set of restrictions is necessary for this
neighborhood.
History
Many residents convey extreme concern about a return to the situation of years past when
nightlife operations dominated commercial spaces on their blocks. Although the SLA does not
specifically take into consideration problems with past operations when reviewing current
license applications, the task force believes that the experience of the people who have lived in
the neighborhood throughout its evolution is pertinent to the ongoing process of its taking shape.
To this end, we consider residents’ experience of past years critical as we determine that nightlife
operations are no longer appropriate for this neighborhood.
Moving Forward
At the same time, residents seem welcoming of appropriate businesses in the neighborhood,
given that reasonable restrictions are in place. In recent months, residents have voiced support
for several dining operations that have been approved in the neighborhood. The task force
believes the PSQL committee should continue to meet with residential groups and solicit input
from residents via street postings and email alerts, in addition to their presence and comments at
PSQL committee meetings. An increased presence on social media sites would help establish
lines of communication with stakeholders in the neighborhood.
Manhattan Community Board Five – Public Safety Quality of Life Committee Page 8
MORATORIUM TASK FORCE REPORT March 2, 2011
Part III: Findings on the Effectiveness of the Moratorium
The task force finds that since 1997, the restrictions placed on new licensed businesses in this area, in
the form of stipulations agreed to in a legal affidavit, have been effective in discouraging the
proliferation of the type of inappropriate operations which brought crime and a decreased quality of life
to the area, and encouraging methods of operation that are appropriate for a neighborhood with such a
residential make-­‐up: retail and dining establishments.
• Hours of Operation
In the task force’s determination, limiting a business’s hours of operation is the single most
effective restriction in establishing the appropriateness of an application for this area, and should
be the primary restriction asked of an applicant. Applicants whose intent is to run a nightlife
operation are generally unwilling to agree to this restriction.
To clarify terminology: the task force found that when an operation’s management refers to
“closing hours,” they refer to the time of the last seating and last order placed to the kitchen.
When a restaurant closes at 11pm, for example, that is the time of the last seating and last order
placed to the kitchen, with clientele leaving the premises and the operation locking its doors for
the night typically 45 minutes to one hour later. When the task force uses the term “closing
hours,” we will adhere to this understanding, and recommend the committee do the same.
The task force found that a business’s true hours of operation tend to be earlier than their
advertised hours; for example, although Boquéria has advertised that they close at 2am nightly,
in practice we found that they typically close by 11:30pm. Requesting restricted hours of
operation, then, is not to dictate the precise hours of a dining establishment, but to set the
maximum hours of operation that seem appropriate for this method of operation. The task force
believes this restriction is especially important given that, unless the operator agrees otherwise,
licensed businesses may legally serve liquor until 4am nightly. We believe that an applicant who
is willing to adhere to a stipulation restricting hours is testifying to the nature of their method of
operation.
To determine appropriate hours to ask of an applicant, task force members surveyed
licensed dining operations in the area (see Appendix C), and compared this reality on the ground
with the requests we have made of applicants over the last several months in regard to their
closing hours. It is the task force’s finding that a sufficient restriction is 12am last seating on
weeknights, and 1am last seating on Thursdays through Saturdays, with last seating implying
final orders submitted to the kitchen.
• Method of Operation
The task force believes that an applicant’s method of operation is critical: nightlife operations are
not appropriate for this neighborhood and cannot be supported. To this end, the task force found
it extremely important that the committee continues their procedure of exacting a commitment
from applicants not to seek a cabaret license for the duration of their operation. Together with the
above-mentioned restriction on hours of operation, these two factors are the most effective way
to determine the nature of the method of operation of a potential licensee.
Manhattan Community Board Five – Public Safety Quality of Life Committee Page 9
MORATORIUM TASK FORCE REPORT March 2, 2011
• Square Footage
A restriction on the square footage of establishments has also been used over the last several
years, with approvals only permitted if the public space of an applicant’s proposed operation was
less than 3,000 square feet. While the restriction is important given the extremely large lot sizes
in the neighborhood, with some exceeding 10,000 square feet, the task force has found that hours
of operation have been a more directly relevant consideration when evaluating the
appropriateness of an operation. In the months leading up to this report, the committee heard
three applicants who agreed to all of the PSQL committee’s restrictions, and who the committee
found to be appropriate and desirable applicants, but whose floor plans were very near the 3,000
square foot limit. Furthermore, there are properties around this size that are currently vacant,
which the task force expects will be coming before the committee in the future. It is our
recommendation that if a proposed method of operation meets the committee’s approval, and its
applicants are willing to adhere to all restrictions the committee asks of them, the limit should be
raised to 4,000 square feet to allow the committee more flexibility in bringing appropriate and
compliant operations to the neighborhood.
• Terminology
The task force found that a problematic characteristic of the committee’s procedures is in its use
of the term “moratorium.” The word has caused confusion for applicants as well as residents by
encouraging the assumption that there is an absolute ban in place on liquor licenses in this area.
The State Liquor Authority does not honor moratoriums in any district in New York City, and
never has; and they are emphatic on this point. Community Board Five’s original resolution of
1997 was in fact a request to city agencies and elected officials to implement a moratorium on
new licenses: although this did not happen, the ""moratorium"" was established as a formal
internal policy of Community Board Five. The task force believes that the efforts made as a
result of the moratorium policy have led to the very important and effective procedures that the
committee now employs, including the approval of original licenses for the right operations.
However, with respect to the potentially misleading term ""moratorium"", we believe it does both
Community Board Five and members of the public a disservice to imply that a legal moratorium
is in place, when in fact it is the committee’s efforts in furtherance of our internal policy that
have established an effective way not to ban new businesses in the area, but to approve and
regulate appropriate ones.
It was a residential group that raised this concern with members of the task force, saying that
they found the term ""moratorium"" confusing and misleading, and suggested that the committee
use a term that more accurately reflects the evaluation process of applications on these blocks.
The task force agrees with this suggestion and recommends that the committee find another term,
while reiterating that this recommendation is in no way an attempt to reduce the importance of
the restrictions and stipulations that the committee employs.
• Boundaries
The task force finds that 20th-22nd Streets between 5th and 6th Avenues remain an area for
which restrictions on operations should be required. As the surrounding area shares many of the
same characteristics and concerns, the task force finds that applicants on the following blocks
Manhattan Community Board Five – Public Safety Quality of Life Committee Page 10
MORATORIUM TASK FORCE REPORT March 2, 2011
should also be held to the same level of scrutiny: 19th Street between 5th and 6th Avenues, and
20th and 21st Streets between Broadway and Park Avenue South. These blocks similarly reflect
increased residential use and a density of existing licensees, and they should formally be
included under the moratorium concept.
Manhattan Community Board Five – Public Safety Quality of Life Committee Page 11
MORATORIUM TASK FORCE REPORT March 2, 2011
Part IV: Recommendations
• Restrictions on Operations
The task force believes the committee’s use of restrictions on new licensees has been
effective and is critical to the safety and quality of life of this area, and recommends
that the committee continue to request the following restrictions uniformly and
consistently:
o Premises must include a full kitchen
o Applicant must not apply for a cabaret license at any time
o Hours of Operation:
Sunday through Wednesday nights: last seating no later than 12 A.M.
Thursday through Saturday nights: last seating no later than 1 A.M.
o Area of patron use must be less than 4,000 square feet
o Use of Promoters:
In cases where the committee approves of an applicant’s request to use promoters,
they will be required to provide detailed information regarding the nature of their
usage. Public relations firms, in-house marketing/promotion staff, and/or
promoters related to the occasional private event who directly report to the
general management of the establishment are considered appropriate types of
promotion. In such circumstances, at all times (i) the licensee shall remain
responsible for and in complete control of the premises and its patrons and (ii) all
material positions of operation shall be the employees of the licensee at all times.
The following are examples of inappropriate use of promoters: (i) “Turning the
keys over” to a promoter/promotion company, resulting in the licensee and
general management not being directly responsible for security and unaware of
the marketing strategy the promoter employs; (ii) Allowing the use of a promotion
company who subcontracts to individual “promoters” who run their own
individual VIP guest lists and are tasked with filling bottle tables and/or paid for
per head that they deliver for a certain “club night” or private event.
• Terminology
The task force recommends the committee refer to the area with a term that more
accurately reflects the evaluation process of liquor license applications. Possibilities
include:
High Scrutiny Special District
Manhattan Community Board Five – Public Safety Quality of Life Committee Page 12
MORATORIUM TASK FORCE REPORT March 2, 2011
Area of High Scrutiny
Area of Restricted Operations
• Boundaries
The task force recommends that the committee extend the existing area of high scrutiny,
20th-22nd Streets between 5th and 6th Avenues, to include 19th Street between 5th and 6th
Avenues, and 20th and 21st Streets between Broadway and Park Avenue South.
• Outreach to Building Owners
In recent months, the committee had great success in dealing with problematic
applicants by communicating directly with building owners, and we believe this
strategy should continue and broaden. The task force recommends that the committee
make a concerted effort to communicate with building owners to raise awareness about
appropriate tenants for their properties.
• Existing Licensees
It is to be noted that these recommendations apply to applicants coming before the
committee from and after the time that this task force’s recommendations are accepted.
Operations in good standing with Community Board Five that became licensees prior to
the enactment of these recommendations will be held to the stipulations necessary to
maintain their current method of operation. Notwithstanding the foregoing, current
establishments that have a history of police reports, or that begin to attract violence,
illegal activity and/or public nuisance will be handled separately, and shall be held to
stricter scrutiny and possibly flagged for SLA enforcement action.
• Review
The task force recommends that these restrictions be reviewed every two years by a
working group of the committee, to ensure that the review of applications in this area
remains relevant to the reality in the neighborhood over the course of time. Reviews
should be calendared as part of the committee’s schedule.
• Template for other Areas
The task force recognizes that similar circumstances may exist in other areas within
Community District Five over time, and we recommend that these restrictions be
considered as a possible template for evaluating applications in other high scrutiny
areas in the future.
Manhattan Community Board Five – Public Safety Quality of Life Committee Page 13
MORATORIUM TASK FORCE REPORT March 2, 2011
Appendix A: Map of Study Area: Licensees and Residents
Manhattan Community Board Five – Public Safety Quality of Life Committee Page 14
MORATORIUM TASK FORCE REPORT March 2, 2011
Appendix B: Map of Study Area: Zoning Code
Manhattan Community Board Five – Public Safety Quality of Life Committee Page 15
MORATORIUM TASK FORCE REPORT March 2, 2011
Appendix C: Hours of Operation of Licensees
Weeknight Closing Weekend Closing
Dining Operation Address Hours (in practice) Hours (in practice)
Bazaar Bistro 4 W 19th St 11:00pm 12:00am
Sala 35 W 19th St 11:00pm 12:00am
Boqueria 53 W 19th St 11:00pm 12:00am
DBRB (yet to open) 11 W 19th St 12:30am 1:00am
Aleo 7 W 20th St 11:00pm 12:00am
Spoon 17 W 20th St n/a n/a
Periyali 35 W 20th St 11:00pm 11:30pm
Grimaldi's (yet to 2:00am close, 2:00am close,
open) 47 W 20th St 11:00pm last serve 11:00pm last serve
Menashe (yet to open) 47 W 20th St 12:30am (indoors) 1:00am (indoors)
Home's Kitchen 22 E 21st St 10:30pm 10:30pm
Giorgio's 27 E 21st St 11:00pm 11:30pm
Via Emilia 47 E 21st St 11:00pm 11:30pm
Sagaponack 4 W 22nd St 10:00pm 11:00pm
Allegretti (closed) 46 W 22nd 10:30pm 10:30pm
Cafe 50 West 50 W 22nd St 10:00pm 12:00am
Nightlife Operations:
2:00am (Thursdays
Flatiron Lounge 37 W 19th St 3:00am) 4:00am
VIP Club 20 W 20th St 4:00am 4:00am
Boxers 37 W 20th St 2:00am 2:00am
The Yard 55 W 21st 4:00am 4:00am
Studio 21 59 W 21st 4:00am 4:00am
Slate 54 W 21st 2:00am or 3:00am 4:00am
Taj 48 W 21st 2:00am 4:00am
Society 12 E 21st 3:00am 4:00am
915 Broadway (@
Crimson 21st) 11:00pm 4:00am
Tens 35 E 21st St 2:00am or later 4:00am
Metropolitan Room 34 W 22nd St 12:00am 1:00am
Manhattan Community Board Five – Public Safety Quality of Life Committee Page 16
MORATORIUM TASK FORCE REPORT March 2, 2011
Appendix D: Demographic Information
From http://www.city-data.com/ and Onboard Informatics © 2010
Zip Code: 10011
County: 61 -­‐ New York
Zip code population (2000): 46,669
Zip code population (2009): 48,598
Estimated Population 48,996
Zip Code: 10010
County: 61 -­‐ New York
Zip code population (2000): 26,408
Zip code population (2009): 27,500
Estimated Population: 27,805
2000 Households: 14,985
2008 Households: 15,937
Population Change Since 1990 +1%
Population Change Since 2000 +7%
Manhattan Community Board Five – Public Safety Quality of Life Committee Page 17",0,10,1,regex_single_resolution
f33652e4-f8f7-4191-980c-3d51c8051c08,d28bc9e6-3656-51aa-a560-0380574d664e,MCB5,https://cb5.org/wp-content/uploads/2025/09/City-of-Yes-1.pdf,2025-09-01,1,Manhattan Community BoardFive,"Manhattan Community BoardFive
July17,2024
DanielGarodnick
ChairoftheCityPlanningCommission
22ReadeStreet
New York,NY 10007
Re: CityofYesforHousing Opportunity
DearChairGarodnick:
AttheregularlyscheduledmonthlyCommunityBoardFivemeetingonThursday,July11,2024,
thefollowingresolutionpassedwithavoteof34infavor;1opposed;1abstaining:
WHEREAS,TheCityofYesforHousing Opportunity(COYHO) proposedcitywidezoningtext
amendmentistheDepartmentofCityPlanning’s thirdandfinalproposalundertheCityofYes
initiative;and
WHEREAS,TheCOYHO proposalisasignificantamendmenttothezoningregulationsinthe
Cityof New York,impactingallfiveboroughs, includingarangeofneighborhoodsfrom
low-densityhomeownerneighborhoodstomedium-andhigh-densityneighborhoods;and
WHEREAS,ManhattanCommunityBoard5(MCB5) supports citywidezoningreformsto
enabletheconstructionofmorehousingingeneralandaffordablehousinginparticularwitha
widerrangeofhousingtypesinneighborhoodsthroughoutthecity;and
WHEREAS,CB5hasconsistentlyadvocatedfor affordablehousinginthepast,andithasbeen
repeatedlypartofourtopthreeneedsinour districtneedsstatements;and
WHEREAS, MCB5 believescomprehensiveplanning“dedicatedtosocio-economicequality
andenvironmentaljustice”1toprotectvulnerableresidentsandneighborhoodsshouldcome
beforecitywidezoningresolutionsareenacted;and
WHEREAS,NYC suffersfromsevereinequity,withsomeneighborhoodshavinglife
expectanciesnearly10yearslowerthantheiradjacentcommunities2;and
1Opinion:Top-DownComprehensivePlanningWillFurtherEmpowerThoseonTop(citylimits.org)
2SameCity,butVeryDifferentLifeSpans-TheNewYorkTimes(nytimes.com)
WHEREAS,PreviousNYC administrationsfocusedonrezoningunderrepresentedand
marginalizedneighborhoodswhile,insomecases,downzoningorotherwiseerectingbarriersto
newhousingsupplyinwealthierneighborhoods;and
WHEREAS,Thepreviousrezonings,someof whichgeneratedalargesupplyofhousing,have
notalleviatedthehousingcrisis,andNYC isinanevenworse situationwithacurrentvacancy
rateofonly
1.7%;and
WHEREAS, Thecostofhousinghascontinuedtoclimbandthevacancyratehascontinueto
falleventhough“Morethan180,000newunitsof housingwerebuilt”3underBloombergand
“200,000affordablehomeswereproducedandpreserved”4underdeBlasio;and
WHEREAS, KeymomentsinthehistoryofNYC zoningamendmentsenactedtocreatemore
affordablehousingsheds lightontoday’s affordablehousingcrisis;and
WHEREAS,ResultsfromtherezoningsundertheBloombergAdministrationincludethe
following:
● Bloombergrezoned37%ofthecityand“claimedcreditforcreatingopportunitiesfor
high-densitygrowthalongsubway corridorswhilepreservinglow-densityneighborhoods”5
● The2005Greenpoint/Williamsburgrezoning,after10yearsin2015“addednearly
10,000housingunits,lostnearly8millionsq ftof manufacturinguses whileaddingover12
millionsq ftofresidentialuses”5
● “Realmediangross rentinGreenpoint/Williamsburgincreasedfrom$1,200in2006to
$2,330in2022.Thisrepresentsa94.2%increaseoverthesameperiod.Theoverallrental
vacancyrateinGreenpoint/Williamsburgwas 2.3%in2022”6
● “Adecadelater,thewaterfrontarea’s whitepopulationincreasedby45%comparedto
2%declinecitywide,whilethearea’s Latinxpopulationdeclinedby27%comparedtoa10%
increasecitywide”7
● “Thelarge-scaleupzoningin2005putinplaceaffordablehousingincentivesthat
developerscouldoptintovoluntarilyandreceiveadensitybonus inexchange”
● “ThesenumberspointtothemostexplosivegrowthandmostrapiddisplacementinNew
YorkCity8”
3Thequiet,massiverezoningofNewYork-POLITICO
4TheTruthAboutNeighborhoodRezonings,Housing,andDemographicChange(gothamgazette.com)5
ReshapingNewYork-InteractiveFeature-NYTimes.com
5GameofZones:NeighborhoodRezoningsandUnevenUrbanGrowthinBloomberg’sNewYorkCity
6Greenpoint/WilliamsburgNeighborhoodProfile–NYUFurmanCenter
7CriticizingDeBlasioRezonings,WilliamsIntroduces'RacialImpactStudy'Requirement(gothamgazette.com)
8GameofZones:NeighborhoodRezoningsandUnevenUrbanGrowthinBloomberg’sNewYorkCity
WHEREAS,ResultsfromtherezoningsunderthedeBlasioAdministrationincludethe
following:
● DuringthedeBlasioAdministration,sixlow-incomeneighborhoodsoutoftheproposed
15wererezonedincludingEastNew York,Downtown FarRockaway,EastHarlem,Jerome
AvenueandInwood9
● “Mostoftherezoningspursuedbytheadministrationhavebeeninlow-income
communitiesofcolorandadvocatessaythathasexacerbatedgentrificationwhilealsorefusingto
ask moreaffluentandwhitecommunitiestoallowmorehousingintheirneighborhoods”10
● “Notasingleoneofthe9,902apartmentsbuiltin21MIH [MandatoryInclusionary
Housing] projectsinneighborhoods withaverageincomesunder40%of AMI [AreaMedian
Income]wouldbeaffordabletothetypicallocalresident—letaloneanyonemakinglessthanthe
neighborhoodaverage—withoutanadditionalsubsidy”11
● For MIH unitssince2021,“Inonly23percentof projectswereamajorityof“affordable”
unitsaffordabletoaveragelocalresidents”12“ThemediansalepriceforahomeinEastNew
York’s predominantZIPcode,11207,roseby$25,500from2014to2015,to$275,000”13
● “A reportfromtheCenterforNYC NeighborhoodsrankedEastNew York No. 1inhouse
flippingbasedon246flipsofone-tofour-familyhomesin2017,upfrom94in2015”15
● “CommunityBoard11votedagainsttheEastHarlemrezoningbutsaidtheywouldbe
abletoacceptamoremodestrezoningundercertainconditions,includingthat20percentofnew
residentialunitsaremadeavailabletohouseholdsmakinglessthan$25,770forafamilyofthree
and30percentareforfamiliesmakingbetween$25,770and$103,080”
● As of2020“EastHarlemhasseennoaffordablehousingunitsproducedunderthe
mandatoryinclusionaryhousingmechanismintherezoningarea”16
● Inthefinaldealreachedinthe2017rezoning,“EastHarlemwillbeoneofthefocus
areasfor thepilot“certificateofnoharassment”pilot,whichwillrequirelandlordsseekingto
renovateordeveloptheirpropertiestoprovetheyhavenotharassedtenants”17
● “EastHarlemisalsooneoftheareastargetedfor thecity’s newLandlordAmbassador
pilot,whichfunds communityorganizationtoreachouttosmalllandlordsandprovidethemwith
informationaboutHPD’s affordabilityprograms”18
9ANewYear'sUpdateonthedeBlasioRezonings(citylimits.org)
10CriticizingDeBlasioRezonings,WilliamsIntroduces'RacialImpactStudy'Requirement(gothamgazette.com)
11DeBlasio’sHousingLegacyIn9Graphics|CommunityServiceSocietyofNewYork(cssny.org)
12DeBlasio’sHousingLegacyIn9Graphics|CommunityServiceSocietyofNewYork(cssny.org)
13EastNewYork'stransformationhasstartedafterMayorBilldeBlasio'scallforrezoning.Whoownstheblocks
thatarebenefiting?|Crain'sNewYorkBusiness(crainsnewyork.com)
WHEREAS, Displacementoccurredinpreviousrezoningsandmayhappenagainwhenthe
AreaMedian
Income(AMI) doesnotalignwiththelocalneighborhoodresident’s AMI;and
WHEREAS, TheproposedaverageincomeAMI of 60%acrossthecitydoesnotcreatestable
housingfor individualsandfamilyinneighborhoodslikeMidtownthathasahigheraverage
AMI thentherestofthecityandlow-incomeneighborhoodslikeEastHarlemandtheSouth
BronxthathaveasignificantlylowerAMI; and
WHEREAS, MCB5isconcernedthatmarketratedevelopersmaynotutilizeUAP evenwiththe
floorareaboostandthenew485-xAffordableNeighborhoodsforNew YorkersTaxIncentive
program;and
WHEREAS, Between2014and2021,MCB5 createdatotalof332newaffordablehousing
unitsandpreserved1,074affordablehousingunitsandcreatedatotalof3,280affordableand
market-ratehousingunits19;and
WHEREAS, The332affordablehousingunitsrepresentonly3%ofManhattan'stotalaffordable
housingshareduringthattime20;and
WHEREAS, MCB5 isconcernedabouthousingbeingtreatedasacommodityandthehighly
speculativenatureoflandvaluesinNYC's globalizedrealestatemarket;and
WHEREAS, MCB5 statesthatrelyingonthemarketandgovernment-fundedaffordablehousing
aloneasseeninpreviousrezoningsmaynotcreatethenecessaryaffordabilityforoverhalfof
New Yorkers,includingmiddle-incomeNew Yorkerswho aremorepredominantinourdistrict;
and
WHEREAS,individualswithdisabilitiesinNew YorkCityfacesignificanthousingchallenges,
particularlythoserelyingonSSI, SSDI, orpublicassistance,whichoftendonotcoverthecosts
ofmarket-ratehousinginthecity;and
15 SevenYearsIn,EastNew YorkRezoningHasn’tPannedOut(therealdeal.com)
16 4Months AfterRezoning,EastHarlemStakeholdersRemainVigilant(citylimits.org)
17 4Months AfterRezoning,EastHarlemStakeholdersRemainVigilant(citylimits.org)
18 4Months AfterRezoning,EastHarlemStakeholdersRemainVigilant(citylimits.org)
19 ManhattanCB2May15,2024LandUse 2Committee(youtube.com)
20 ManhattanCB2June 24,2024LandUse 2Committee(youtube.com)
WHEREAS,thelackofaccessiblehousingfurthercompoundsthisissue,withmuchofthe
existinghousingstocknotmeetingaccessibilitystandards,andnewaccessibleapartmentsbuilt
withgovernmentsubsidiesoftenhavingincomerequirementsbeyondwhatisprovidedbySSI;
and
WHEREAS,theneedforindependenthousingoptions,suchasordinaryapartments,iscrucial
for individualswithdisabilities,yettheavailableaffordableoptionslikesupportivehousingmay
notfullymeetthisneed;and
WHEREAS,a2001HUD reporthighlightedtheongoingchallengeofpoverty-levelincomesfor
individualsonSSI, withincomesremainingbelow20%oftheAreaMedianIncome(AMI); and
WHEREAS,MCB5 believesthat“soaringrealestatemarketshavecreatedaworldwidehousing
crisis”14andwillcontinuetoplagueNYC unlesssubstantialchangesandinnovativesolutionsare
implementedtosolvethisurgentissue;and
WHEREAS,Whilezoningisonlyonetooltoalleviatethehousingcrisis,itmustgohandin
handwithothermechanismsincludingsolutionssuchastaxreform,streamlinedpermitting
processes,investmentinthedevelopmentof affordablehousing,incentivesformarket-rate
developerstobuildlow-incomeandaffordablehousing,andpoliciestoaddressrentstabilization,
rentcontrol,andtenantprotections;and
WHEREAS,Duetolessons learnedfrompreviousneighborhoodrezoningsduringthedeBlasio
andBloombergadministrations,MCB5 isaskingthatanycitywiderezoningproposalsmust
includestrongeraffordabilitymandates,stronganti-displacementmeasures,mechanismsto
promotediversepropertyownership,guaranteedinfrastructureimprovements,meaningful
communityinputprocesses,annualandcomprehensivedatacollectionandanalysisofrezoning
resultsreportedandreviewedatregularmeetingswithcommunityboards;and
WHEREAS,Inregardstochampioningaffordabilitymandates,MCB5 hasconsistently
supportedincreasingopportunitiesforaffordablehousing,recognizingthat52%ofNYC’s
residentsarerentburdened,spendingmorethan30% oftheirincomeonrent,and30%of
residentsareseverelyrentburdened,spendingmorethan50%oftheirincomeonrent15;and
WHEREAS,TheCOYHO solutiontoaffordablehousingisfocusedonincentiveswithno
mandatesexceptforMandatoryInclusionaryHousing, whichhasnotprovensuccessful,as
“Only2,065MIH affordablehousingunitshavebeenapprovedsince2020”16;and
14LessonsFromaRenters’Utopia-TheNewYorkTimes(nytimes.com)
15 Spotlight: New York City’s Rental Housing Market : Office of the New York City Comptroller Brad Lander
(nyc.gov)
16HowHasdeBlasio'sInclusionaryZoningProgram(MIH)Fared?|ManhattanInstitute
WHEREAS,MCB5 assertsthattheCOYHO plandoesnotgofarenoughtosolvethehousing
affordabilitycrisisthatburdensamajorityof New Yorkers;and
WHEREAS,MCB5 acknowledgesthatalleviatingthehousingcrisisiscriticalforprotecting
againstworkforcedisplacementandensuringstablehousingforresidentstoremainintheir
communities;and
WHEREAS, MCB5 acknowledgesthatwhileaddressingthehousingcrisisnecessitatesthe
substantialconstructionofnewunitsasacriticalstrategy,itisonlyonecomponentofthe
comprehensivesolutionrequired;and
WHEREAS,forstrongeraffordabilitymandates,thereareprecedentsinothercitieswherea
certainpercentageofunitsarerequiredtobeaffordable,andthiswouldbetheboard's preference
for largerprojectsthatwouldallowanewaffordabilitymandatetopenciloutbutweunderstand
theremightbefinancialchallengestothat;and
WHEREAS, Becausecondominiumsarenow theprevalenthousingtypeconstructedinCD5
andotherhighdensitydistrictsinManhattan,UAP shouldbeexpandedtobeeligiblefor
affordablehousingproductionincondominiumprojects;and
WHEREAS,MCB5 hasconsistentlyadvocatedforopenspaceasavitalamenitythroughoutthe
districtandhasrequestedthatredevelopedsitesintheEastMidtownRezoningincludeeither
outdoorplazaspaceorcoveredpedestrianspace17;and
WHEREAS,DistrictslikeQueensCommunityBoard2(QCB2) and“LongIslandCityhave
experiencedmassivenewhousingconstructionoverthepast20years,significantlyexceeding
their""fairshare""ofcity-widehousingdevelopment”,and
“Todatethecityhasnotimplementedsufficientinfrastructureimprovementsin[...]additional
parkspacetosupportthispopulationgrowth”18;and
WHEREAS,withtherecentpublichealthcrisisandthementalhealthissuethatthecityis
facing,accesstopublicopenspaceandnatureismoreimportantthanever;and
WHEREAS,CB5has0.4acreofopenspaceper1,000residentscomparedtothecitywide
averageof 1.8acres19;and
WHEREAS,Amenitiesthatcomplementpublicspaces,suchaspublicbathrooms,arecrucial
for ensuringaccessibilityforeveryone;and
WHEREAS,CouncilmemberBrewernotedinlastmonth’s fullboardmeetingthatrecentParks
Departmentpublicbathroomscost$13millionand$10million;and
17CB5EastMidtownRezoningResolution
18QCB2LandUseCommitteeCOYHOresolution
19NY4P-Profiles_MN5.pdf
WHEREAS,Lastyear,MCB5, alongwithMCB1 andMCB4, passedresolutionsandaletterof
supporttorequirepublicbathroomaccessforPrivatelyOwned PublicSpaces(POPS) over
10,000squarefeet,asfoodamenitiesarerequiredfor spacesofthissize20;and
WHEREAS,Public-privatepartnershipsareessentialtoensureourdistrictreceivesthediverse
infrastructureneededwiththisupzoning;and
WHEREAS,intakingawaycommunityassessment,thisplanfailstoassess orevenaccountfor
theimpactofnewhousingoncommunities,includingtheneedforadditionalinfrastructurelike
hospitalbeds,schoolseats,andotheressentialservices.Thisoversightcanleadtostrained
resourcesanddiminishedqualityoflife.
WHEREAS,MCB5 willbetransitioningfromcommercialtoresidentialzoningwiththe
COYHO rezoningandtheupcomingMidtownSouthrezoning,makingaccesstoschoolsand
communityfacilitiesessentialtosupportthisneighborhood;and
WHEREAS, TheeliminationofparkingrequirementsproposedinCOYHO allowstheoptionof
providingparkinginfutureprojectsandalignswiththecity'ssustainabilityinitiatives;and
WHEREAS, thezoningresolutionwithholdsrelieffromexistingbuildingstoremoveexcess
parkingwhichcouldbeputtobetteruse asaffordablehousing;and
WHEREAS, COYHO alsoproposes thatexistingbuildingscanapplyforapermittoadd
parking,whichexpandstheabilitytopermitadditionalparkingcomparedtocurrent""as ofright""
permitsthatcanonlyberequestedbynewbuildings;and
WHEREAS, Thisallowancecouldbeusefulfor residentialconversionsbutcreatesthepotential
for theManhattanCoretohavenetadditionalparkinginbothnewandexistingbuildings,which
couldunderminethepurposeofliftingparkingmandates;and
WHEREAS, Curbcutsandgaragedoors willchangethestreetscapeofMidtownandtheeffect
ongroundfloorstreetactivitywillbeimpacted;and
WHEREAS,TheNew YorkCityCharterestablishesCommunityBoardsandoutlinestheir
criticalroleinlandusedecisions,particularlythroughSection197-cwhichmandatesthe
UniformLandUse ReviewProcedure(ULURP) formanylanduseactions,andtheCOYHO
proposal's reductionofULURP reviews,grantingof as-of-rightpowers todevelopers,expansion
oflandmarkair-rightstransfers,andremovalofspecialpermitsmayreducecommunity
oversight;and
WHEREAS,TheproposedchangesinCOYHO representashiftintheroleofCommunity
Boardsandlocaloversightinthedevelopmentprocess,potentiallyreducingcrucialcommunity
inputandlocalknowledgeinshapingour neighborhood'sfuture;and
20CB5Resolution-ProposedTextAmendmenttoProvideAccesstoPublicBathroomsinPOPS
(airtableusercontent.com)
WHEREAS,MCB5 chosenottofillitouttheformprovidedbyDCP,asitdoesnotprovideus
theopportunitytostateourconcernsinanuancedmannerwiththismassivezoningtext
amendment;and
WHEREAS,MCB5 didnotdiscuss allof theissues containedinthemassivezoningtext
amendmentgivenwe hadonly60daystoprovideourcomments;and
WHEREAS,MCB5 isinfavorofthegeneralgoalof providingmorehousingandinparticular
moreaffordablehousinginCB5;andthereforebeit
RESOLVED,MCB5 approvestheproposedCityof YesforHousing Opportunityzoningtext
amendmentswiththefollowingstipulations:
1. Address theneedsofrent-burdenedresidents,whichconstitutesmorethanhalfofallcity
households,bythecreationandenforcementofstrongeraffordabilitymandates,beyondcurrent
andfutureMIH zonedareasby,forexample,requiringameaningfulpercentageofunits(similar
toUAP’s percentage)inprojectsthatutilizeproposal’s textamendment75-25(as-of-right
increasesinheightandbulkforexistingbuildings)andestablishaminimumamountof
affordableunitsforallprojectsoveracertainsize(verylargeconversions).
2. Implementcomprehensivetenantprotectionprogramsandmoreownershipopportunities
inallneighborhoodstopreventdisplacement,drawingfrompastpilotprogramsand
incorporatinglessons learnedandneighborhood-specificneeds.
3. AdjustAreaMedianIncomes(AMIs) for affordablehousingtoreflectlocal
neighborhoodlevels,preventingdisplacementandensuringstablehousingforexistingresidents.
4. Extendtheproposed10-yearsunsettingof theVoluntaryInclusionaryHousing for
condominiumdevelopmentsuntiltheDepartmentof CityPlanning(DCP) developsa
comparableprogramfortheComprehensiveHousing Opportunity(CHO) zoningmechanism.
ThisshouldallownewlyconstructedcondominiumprojectsinR-10Districts,IH Designated
Areas,andSpecialDistrictstoreceiveadensitybonus inreturnforthenewconstruction,
substantialrehabilitation,orpreservationofpermanentlyaffordablehousing.
5. Conditiontheproposal’s expandedradiusofpossiblelandingsitesforthetransferof
unuseddevelopmentrightsbyindividuallandmarktobelimitedtoonlyresidentialand
communityfacilityuses (andnotforcommercialormanufacturinguses).
6. Conditiontheproposal’s as-of-rightmechanismforLandmarktransferofdevelopment
rightsonhousingdevelopmentsthatwouldincludeaffordablehousingthatwouldbecomparable
totheUAP minimum.
7. InalignmentwiththeCity’s goalsof carbonneutralityandprioritizinghousingover
parking,conditiontheproposal’s textamendmentsfor13-431,13-442,and13-45(newand
expandedparking)tonotallowtheeliminationofdwellingunitspaceandweaskthatboththe
As ofRightparkingspaceformulaandtheAs of Right15parkingspacemaximumbeloweredto
asignificantlysmallerpercentageofdwellingunits.
8. RequireVeryHigh-densityDevelopments(VHD) utilizingthe12.0FloorAreaRatio
(FAR) toprovide10,000squarefeetofPrivatelyOwned PublicSpace(POPS).
9. MandatethatPOPS over10,000squarefeetandservingfoodprovideaccesstopublic
bathrooms.
10. Ensurethezoningtextincludesprovisionsfornewschools,additionalhealthcare
facilities,andothercommunityfacilitiesinourdistrict.
11. Establishapubliclyaccessibletransferof developmentrightsdatabase.
12. Annualandcomprehensivedatacollectionandanalysisofrezoningresults.
13. An amendmentisnecessarytoaddresstheurgenthousingneedsofindividualswith
disabilitiesinNew YorkCity.Thisamendmentcallsforincreasedeffortstodevelopaffordable,
accessiblehousingoptionstailoredtothespecificneedsofindividualswithdisabilities,ensuring
accesstosafe,inclusivehousingoptionsthatpromoteindependenceandautonomy.Additionally,
policychangesareadvocatedtobridgetheincomedisparitiesfacedbyindividualsonSSI, SSDI,
orpublicassistance,aimingtoprovidesuitablehousingoptionsthatalignwiththeirfinancial
resources.Byincorporatingtheseadditionalmeasures,weaimtoenhancetheexistingresolution
andcreateamoreequitablehousinglandscapethatmeetsthediverseneedsofallresidents,
includingthoselivingwithdisabilities.",0,53,1,regex_single_resolution
fbfa45af-d0af-4990-8ca7-039f147b9168,67f909c7-3c85-5039-913a-ea893ca822f1,MCB5,https://cb5.org/wp-content/uploads/2025/09/MsMx-1.pdf,2025-09-01,1,Manhattan Community Board Five,"Manhattan Community Board Five
April 11, 2025
Dan Garodnick
Director
Department of City Planning, 31st Floor
120 Broadway
New York, NY 10271
Re: Midtown South Mixed use Rezone Plan
Dear Director Gardonick:
At the regularly scheduled monthly Community Board Five meeting on Thursday, April 10,
2025, the following resolution passed with a vote of 33 in favor; 0 opposed; 1 abstaining:
WHEREAS, The New York City Department of City Planning (DCP) proposes a zoning map and text
amendment to foster a vibrant, mixed-use Midtown South neighborhood in Manhattan.
WHEREAS, According to DCP, the Proposed Actions would help foster a dynamic mixed-use
neighborhood through four key components.
1. Increase Housing Access: Allow residential uses as of right and require permanently
affordable housing through a Mandatory Inclusionary Housing (MIH) area, supporting equity
and fair housing goals. This would create approximately 9,676 dwelling units, including
1,940 to 2,890 affordable homes over 10 years.
2. Modernize Zoning Regulations: Update outdated zoning provisions and reduce barriers to
create a balanced mix of residential, commercial, and manufacturing uses, fostering
economic recovery and growth.
3. Establish FAR and Bulk Regulations: Incentivize mixed-use buildings with regulations that
ensure new developments blend with the surrounding built context.
4. Promote Adaptive Reuse of Commercial Buildings: Eliminate nonresidential floor area
preservation requirements, where applicable, to encourage the reuse of existing commercial
buildings; and
WHEREAS, The changes would apply to a 42-block, 141-acre area in Midtown South, spanning
Community Boards 4 and 5, and the Proposed Actions include:
1. Zoning Map Amendment: The Proposed Actions would rezone portions of the M1-6 and
M1-6D districts, which currently allow a density of 10 FAR (Floor Area Ratio) for commercial,
community facility (CF), and manufacturing uses, to high-density mixed-use districts
(M1-9A/R12, M1-8A/R12, and M1-8A/R11), allowing up to 18 FAR for residential use and 15
FAR for commercial, community facility, and manufacturing uses. The proposal would also
establish a new Special Midtown South Mixed Use District (MSX) and adjust the boundaries of
several overlapping special purpose districts.
2. Zoning Text Amendment: The Proposed Actions would establish regulations for the MSX
District, apply the MIH program to the Rezoning Area, and modify regulations in the Special
Garment Center, Special Midtown, and Special Hudson Yards Districts, among other changes;
and
WHEREAS, The Proposed Actions would lead to the development of approximately 9,676 dwelling units
(DUs), including 1,940 to 2,890 affordable units, along with 462,129 gross square feet (gsf) of local retail
space and 81,755 gsf of community facility space. This would add an estimated 16,256 residents to the
Affected Area compared to the No-Action scenario; and
WHEREAS, It could potentially displace 91 residents and 54 DUs within the district, out of a
total of 2,268 existing housing units; and
WHEREAS, Additionally, the Proposed Actions are anticipated to result in a decrease of 732,619 gsf of
office space and 69,782 gsf of industrial/warehouse space, leading to a reduction of approximately 5,523
workers in the Affected Area. along with 779 firms at risk within a 1/2- mile radius of MSMX; and
WHEREAS, At a public hearing held on March 19, 2025, the Committee heard testimony from the
community about differences between the quadrants and a number of specific concerns with the proposed
MSMX rezoning; and
WHEREAS, The four quadrants have significant differences despite a consistent Manufacturing zoning
including:
1. The quadrants are surrounded by different land uses and densities of development, from
low-rise residential in Chelsea in the Southwest to Midtown high-rise office buildings in the
Northeast;
2. The Southeast quadrant is almost 50% defined by two historic districts, the Ladies Mile and
Madison Square North;
3. The Northeast has access to Bryant Park and the Southeast to Madison Square while the
other two quadrants are lacking in public space access;
4. The quadrants are currently built to many different densities ranging from 8 FAR in the
Southeast to 13 in the Northwest;
5. While there is currently very little residential in any of the zones, the bulk of the existing units
resulted from rezonings and loft conversions in the Southwest quadrant and loft conversions
in the Southeast; and
WHEREAS, The concerns raised at the public hearing included the following:
1. Housing Production: Community members, outside groups and members of the committee
were focused on maximizing the number of affordable apartments built in the zone;
2. Landmark and Historic District Transferable Development Rights and Bonuses for Transit
and Open Space improvements: A representative of the Flatiron Nomad BID expressed
concern that at high Floor Area Ratios, particularly in the Southeast Quadrant, TDR’s and
bonuses would not be necessary to maximize building envelopes and would therefore not
be a revenue source for preservation or infrastructure;
3. Balanced Development: Members of the committee and the public raised the issues of
balance between commercial and residential buildings and the effect of different FAR levels
for each, and the balance between conversion and new construction which is impacted by
the difference between existing built and proposed FARs;
4. Planning Considerations: Residents and committee members felt that the proposed FARs
should be reduced in the midblock in order to preserve light and air and minimize travel
distances to transit and retail for residents;
5. Public Realm: In addition to concerns with the zoning proposal, community and committee
members raised a number of issues from the DEIS that had significant adverse impacts
without proposed mitigation measures including lack of open space, pedestrian circulation,
crime, emergency services, and preservation of landmarks; and
WHEREAS, In developing its own proposal, the Committee sought to find a balance between these issues
and to reach consensus on a revised plan that would meet the needs of the overall community; and
WHEREAS, It is MCB5’s position that any comprehensive neighborhood planning, zoning and/or
development initiative in Midtown must include the following:
1. Vision + Goals: Prioritize affordability, livability, and equity to create a thriving, diverse
community for future generations. Aim to create not just more housing, but a healthier, safer,
and more inclusive neighborhood for future generations.
2. Urban Planning Focus: Address housing needs while fostering public spaces, accessible
amenities, and essential infrastructure, with a focus on children’s needs.
3. Comprehensive Approach Required: A community-driven and interagency neighborhood
strategy that integrates affordability, sustainability, and public amenities is essential, rather
than relying solely on zoning regulations to address these complex challenges.
4. Housing Crisis: NYC faces a severe housing crisis, with rising costs and a 1.4% vacancy
rate, despite a population decline of 326,118 since 2020 according to July 2024 census
data. A majority of renter households are rent-burdened, with rental costs consuming more
than 30% of their income and nearly 30% of low-income renters across the five boroughs
are severely rent-burdened, spending more than 50% of their pre-tax income on housing.
5. Climate Crisis: Emphasize sustainable building practices to reduce carbon emissions,
improve energy efficiency, and enhance resilience through urban greening.
6. Mental Health Crisis: Combat loneliness and social isolation by restoring public spaces
and addressing physical health disparities through increased access to
community resources; and
WHEREAS, In collaboration with a zoning consultant and through a detailed review of feasibility
massing studies, FAR projections, and zoning lot mergers—as well as an analysis of existing buildings,
FAR, available transfer of development rights (TDRs) from landmarks and historic districts, the lack of
public open space, and future transportation infrastructure needs—we have identified the following key
concerns:
1. Excessive FAR on Typical Lots: The proposed FAR is so high that it would be difficult for
existing lots, typically 25’ or 50’ wide, to fully utilize the allowable FAR without merging with
adjacent lots, as the large FAR on existing individual lots would likely result in tall, slender
towers that are costly to build and financially impractical.
2. Challenges with Zoning Lot Mergers: Even with zoning lot mergers, the resulting FAR
would be so large that it could create towers exceeding the height of the Empire State
Building, potentially leaving FAR unused due to construction cost and feasibility constraints.
3. Disincentive for TDR Purchases: The scale of the proposed FAR could reduce the
incentive to purchase TDRs, which are critical for preserving landmark buildings and
maintaining the character and value of historic districts. This could undermine efforts to
sustain placemaking and preservation in Midtown South.
4. POPS Incentive Opportunities in MSMX Rezoning: The proposed FAR could also
diminish the incentive to utilize the POPS (Privately Owned Public Space) program, which is
essential to mitigating the rezoning’s impact on open space. To meet the City-wide median
open space ratio of 1.5 acres per 1,000 residents, a combination of city-funded initiatives
and public-private partnerships is necessary. Currently, CB5 has only 0.4 acres of city parks
per 1,000 residents—well below the median—even before accounting for future population
increases:
a). POPS incentives under the MSMX rezoning can provide significant development
rights and enhance the value of ground-floor space, making it more appealing to both
residents and tenants. The programs described below would receive a FAR bonus via a
special permit:
i. Covered Pedestrian Spaces: Allow covered pedestrian spaces within the MSMX
Special District to receive a Special Permit bonus of 11-14 square feet of additional
floor area for every 1 square foot of covered pedestrian plaza, capped at a 20% bonus.
ii. Arcade Bonus: Define arcades as publicly accessible open spaces, such as courts,
yards, or covered pedestrian areas, located within 10 feet of a street or lot line and
extended along such lines. Grant 3 square feet of additional bonus for every 1 square foot
of arcade space.
5. Transit Bonus Incentive Undermined: The proposed FAR could also weaken the incentive
to utilize the transit bonus, which is essential to improving subway accessibility and functionality.
The transit bonus allows for a 20% FAR increase through City Planning Commission
authorization, and the MSMX rezoning extends the radius for this bonus to 1,500 feet from a
subway or train station.
6. Conversions Undermined: A review of the existing FAR of large buildings in the NW
quadrant shows that they typically range from 15 to 18 FAR. Reducing the proposed 18 FAR
in this quadrant would encourage the preservation of these buildings, as conversions can be
costly. Preserving the existing building fabric not only maintains the neighborhood’s
character but also is critical to environmental sustainability and reducing embodied carbon; and
WHEREAS, These findings underscore the importance of recalibrating the proposed FAR the balance
development goals with financial feasibility, preservation incentives, and critical public space and
infrastructure improvements; therefore, be it
RESOLVED, MCB5 recommends approval of the Midtown South Mixed use Rezone Plan with the
following 12 conditions to better align with the unique character and needs of the Midtown South and
Flatiron NoMad districts. These adjustments aim to enhance the existing built environment, support
community goals, and foster a balanced approach to development:
1. Southeast Quadrant Density Mapping. We propose mapping the lower density M1- 8A/R11
(12 FAR for commercial uses / 15 FAR for residential) instead of M1-8A/R12 (12/18) in the Southeast
Quadrant. This adjustment aligns more closely with the extensive historic district, which is effectively a
12 FAR equivalent under LPC review, and will preserve the value of landmark transferable development
rights (TDRs). It will help preserve view corridors to the Empire State Building and mitigate afternoon
sunlight issues in Madison Square Park. Additionally, this change would retain more of the existing built
environment in the quadrant, which currently has the lowest existing FAR of 8, thereby eliminating the
need for lower midblock zoning.
2. Northwest Quadrant Midblock Zoning. We propose mapping R11 in the midblocks of the
Northwest Quadrant to support the conversion of existing buildings rather than demolition. This approach
meets the planning goal of maintaining lower density on narrow streets for improved light and air and
easier access to services for large buildings on the avenues. Given the block’s 750-foot width between 7th
and 8th Avenues, we propose that the R12 zoning on the west side of Broadway, both sides of 7th Avenue,
and the east side of 8th Avenue be designated at 200 feet in width to accommodate most existing
buildings and
reasonable-sized floorplates for both residential and commercial uses.
3. Southwest Quadrant Avenue Zoning. We do not currently propose any changes to the proposed
zoning in the Southwest Quadrant. However, CB5 received comments from area residents requesting a
reduction in density to R11 from R12 in the area between 29th and 30th Streets from 6th to 8th Avenues to
better align with the current built character. CB5 ultimately felt that R12 in this area was appropriate as a
buffer to the very high density that could exceed 30 FAR in the GPP on Block 780 and the neighboring
blocks.
4. No Change to NE Quadrant. We do not propose any changes to the proposed zoning in the
Northeast Quadrant. This quadrant is currently surrounded by very high density development.
5. Retention of Rear Yard for Large Sites. We propose the retention of rear yards for large sites
(greater than 1.5 acres) throughout MSMX. We believe that the two towers with a garden design is more
appropriate than a single supertall tower. However, we may need to consider an exception for school
construction due to complex structural challenges.
6. Addressing FAR Differential Concerns. Although we struggled with the effectiveness of the
proposed 3 FAR difference between commercial and residential uses (12/15 or 15/18) as an incentive to
build housing, we believe that implementing R11 in the NW Quadrant (15/18 Avenues, 12/15 midblock)
will address this concern by focusing commercial uses on large sites on the Avenues.
7. Broader Mapping of R11 to Expand TDR and Bonus Utilization. Mapping R11 more broadly
should help address historic district, theater, and landmark Transfer of Development Rights (TDR) issues
and preserve the fabric of these districts. This adjustment is also expected to increase the utilization of
open space and transit bonuses while maintaining a lower base FAR.
8. Comparison with Manhattan Institute Revisions. While our proposal shares some similarities
with the Manhattan Institute revisions, we find their approach too stringent in reducing the R12 zone. Our
adjustments aim to strike a better balance that considers the unique characteristics of our district.
9. Protection of Site #40 for School Development. We must protect Site #40 inthe Southeast
Quadrant, which the School Construction Authority (SCA) identified as the sole site feasible for school
development. This site is critical for meeting educational needs in the area.
10. Undercounting of Residential Units.. We assert that DCP’s CEQR methodology
significantly undercounts the number of units that could be delivered in MSMX. Past rezonings have also
resulted in multiples of the number of projected units. Therefore, the zoning adjustments proposed by
CB5 will still generate a number of new apartments at least equal to the current projections. Adverse
impacts will therefore be proportionally larger than presented in the DEIS.
11. Developer Insights on Housing Feasibility. Conversations with real estate industry contacts
reveal that due to the high prevailing wage requirements of 485x for larger apartment buildings, many
developers are focusing on smaller buildings or conversions under 467m. Additionally, as DCP has
indicated, contacts believe that condominium buildings with MIH but without 485x may not be feasible.
While this reflects the current situation, it could change as the housing shortage persists and tax
abatements evolve.
12. Follow-on Avenue Rezonings. Most of the MSMX areas are mid-block adjacent to older
Avenue zones. In order to rationalize the Avenue and midblock densities, we support follow- on
rezonings on 5th and 6th Avenues to increase densities relative to the new MSMX densities.
Conclusion. These proposals aim to create a zoning framework that respects the unique characteristics of
the Midtown South and Flatiron NoMad district while facilitating necessary development. By adopting
these adjustments, we can ensure that the MSMX area remains vibrant, balanced, and supportive of its
diverse community needs. We look forward to further discussions and feedback on these proposals; and
therefore, be it
FURTHER RESOLVED, MCB5 has drawn up 'Points of Agreement' on issues outside the scope of the
zoning text to ensure that the MSMX zoned communities thrive with all the amenities to create livable,
long term neighborhoods for residents, and will share the ’Points of Agreement,’ including but not limited
to the following topics, with our elected officials:
● Community Oversight and Accountability
● Affordable Housing
● Small Business and Retail Protections
● Residential Tenant Protection
● Open Space and Public Space
● Sustainability and Resilience
● Additional Community Facilities and Services
● Historic Buildings
● City Investment in Public Safety
Thank you for the opportunity to comment.",0,13,5,regex_single_resolution
